0
SECTION
2
HEADER
9
$ACADVER
1
AC1021
9
$LASTSAVEDBY
1
@tarikjabiri/dxf
9
$HANDSEED
5
22
9
$INSUNITS
70
0
9
$CLAYER
8
0
9
$VIEWCTR
10
-0.21066736927190277
20
-0.000003950478323133666
0
ENDSEC
0
SECTION
2
CLASSES
0
ENDSEC
0
SECTION
2
TABLES
0
TABLE
2
VPORT
5
1
330
0
100
AcDbSymbolTable
70
1
0
VPORT
5
19
330
1
100
AcDbSymbolTableRecord
100
AcDbViewportTableRecord
2
*Active
70
0
10
0
20
0
11
1
21
1
12
-0.21066736927190277
22
-0.000003950478323133666
13
0
23
0
14
10
24
10
15
10
25
10
16
0
26
0
36
1
17
0
27
0
37
0
40
45.18872007586166
41
2
42
50
43
0
44
0
50
0
51
0
71
0
72
100
73
1
74
3
75
0
76
1
77
0
78
0
281
0
65
1
110
0
120
0
130
0
111
1
121
0
131
0
112
0
122
1
132
0
79
0
146
0
348
10020
60
7
61
5
292
1
282
1
141
0
142
0
63
250
421
3358443
0
ENDTAB
0
TABLE
2
LTYPE
5
2
330
0
100
AcDbSymbolTable
70
3
0
LTYPE
5
12
330
2
100
AcDbSymbolTableRecord
100
AcDbLinetypeTableRecord
2
ByBlock
70
0
3

72
65
73
0
40
0
0
LTYPE
5
13
330
2
100
AcDbSymbolTableRecord
100
AcDbLinetypeTableRecord
2
ByLayer
70
0
3

72
65
73
0
40
0
0
LTYPE
5
14
330
2
100
AcDbSymbolTableRecord
100
AcDbLinetypeTableRecord
2
Continuous
70
0
3
Solid line
72
65
73
0
40
0
0
ENDTAB
0
TABLE
2
LAYER
5
3
330
0
100
AcDbSymbolTable
70
1
0
LAYER
5
15
330
3
100
AcDbSymbolTableRecord
100
AcDbLayerTableRecord
2
0
70
0
62
7
6
Continuous
370
0
390
0
0
ENDTAB
0
TABLE
2
STYLE
5
4
330
0
100
AcDbSymbolTable
70
1
0
STYLE
5
16
330
4
100
AcDbSymbolTableRecord
100
AcDbTextStyleTableRecord
2
Standard
70
0
40
0
41
1
50
0
71
0
42
1
3
txt
4

0
ENDTAB
0
TABLE
2
VIEW
5
5
330
0
100
AcDbSymbolTable
70
0
0
ENDTAB
0
TABLE
2
UCS
5
6
330
0
100
AcDbSymbolTable
70
0
0
ENDTAB
0
TABLE
2
APPID
5
7
330
0
100
AcDbSymbolTable
70
1
0
APPID
5
17
330
7
100
AcDbSymbolTableRecord
100
AcDbRegAppTableRecord
2
ACAD
70
0
0
ENDTAB
0
TABLE
2
DIMSTYLE
5
8
330
0
100
AcDbSymbolTable
70
1
100
AcDbDimStyleTable
0
DIMSTYLE
105
18
330
8
100
AcDbSymbolTableRecord
100
AcDbDimStyleTableRecord
2
Standard
70
0
340
16
0
ENDTAB
0
TABLE
2
BLOCK_RECORD
5
9
330
0
100
AcDbSymbolTable
70
2
0
BLOCK_RECORD
5
C
330
9
100
AcDbSymbolTableRecord
100
AcDbBlockTableRecord
2
*Model_Space
70
0
280
1
281
0
0
BLOCK_RECORD
5
F
330
9
100
AcDbSymbolTableRecord
100
AcDbBlockTableRecord
2
*Paper_Space
70
0
280
1
281
0
0
ENDTAB
0
ENDSEC
0
SECTION
2
BLOCKS
0
BLOCK
5
D
330
C
100
AcDbEntity
8
0
100
AcDbBlockBegin
2
*Model_Space
70
0
10
0
20
0
30
0
3
*Model_Space
1

0
ENDBLK
5
E
100
AcDbEntity
8
0
100
AcDbBlockEnd
0
BLOCK
5
10
330
F
100
AcDbEntity
8
0
100
AcDbBlockBegin
2
*Paper_Space
70
0
10
0
20
0
30
0
3
*Paper_Space
1

0
ENDBLK
5
11
100
AcDbEntity
8
0
100
AcDbBlockEnd
0
ENDSEC
0
SECTION
2
ENTITIES
0
SPLINE
5
1A
330
C
100
AcDbEntity
8
0
100
AcDbSpline
70
8
71
3
72
6289
73
6285
74
0
42
0.0000001
43
0.0000001
42
0.0000000001
40
0
40
0
40
0
40
0
40
1
40
2
40
3
40
4
40
5
40
6
40
7
40
8
40
9
40
10
40
11
40
12
40
13
40
14
40
15
40
16
40
17
40
18
40
19
40
20
40
21
40
22
40
23
40
24
40
25
40
26
40
27
40
28
40
29
40
30
40
31
40
32
40
33
40
34
40
35
40
36
40
37
40
38
40
39
40
40
40
41
40
42
40
43
40
44
40
45
40
46
40
47
40
48
40
49
40
50
40
51
40
52
40
53
40
54
40
55
40
56
40
57
40
58
40
59
40
60
40
61
40
62
40
63
40
64
40
65
40
66
40
67
40
68
40
69
40
70
40
71
40
72
40
73
40
74
40
75
40
76
40
77
40
78
40
79
40
80
40
81
40
82
40
83
40
84
40
85
40
86
40
87
40
88
40
89
40
90
40
91
40
92
40
93
40
94
40
95
40
96
40
97
40
98
40
99
40
100
40
101
40
102
40
103
40
104
40
105
40
106
40
107
40
108
40
109
40
110
40
111
40
112
40
113
40
114
40
115
40
116
40
117
40
118
40
119
40
120
40
121
40
122
40
123
40
124
40
125
40
126
40
127
40
128
40
129
40
130
40
131
40
132
40
133
40
134
40
135
40
136
40
137
40
138
40
139
40
140
40
141
40
142
40
143
40
144
40
145
40
146
40
147
40
148
40
149
40
150
40
151
40
152
40
153
40
154
40
155
40
156
40
157
40
158
40
159
40
160
40
161
40
162
40
163
40
164
40
165
40
166
40
167
40
168
40
169
40
170
40
171
40
172
40
173
40
174
40
175
40
176
40
177
40
178
40
179
40
180
40
181
40
182
40
183
40
184
40
185
40
186
40
187
40
188
40
189
40
190
40
191
40
192
40
193
40
194
40
195
40
196
40
197
40
198
40
199
40
200
40
201
40
202
40
203
40
204
40
205
40
206
40
207
40
208
40
209
40
210
40
211
40
212
40
213
40
214
40
215
40
216
40
217
40
218
40
219
40
220
40
221
40
222
40
223
40
224
40
225
40
226
40
227
40
228
40
229
40
230
40
231
40
232
40
233
40
234
40
235
40
236
40
237
40
238
40
239
40
240
40
241
40
242
40
243
40
244
40
245
40
246
40
247
40
248
40
249
40
250
40
251
40
252
40
253
40
254
40
255
40
256
40
257
40
258
40
259
40
260
40
261
40
262
40
263
40
264
40
265
40
266
40
267
40
268
40
269
40
270
40
271
40
272
40
273
40
274
40
275
40
276
40
277
40
278
40
279
40
280
40
281
40
282
40
283
40
284
40
285
40
286
40
287
40
288
40
289
40
290
40
291
40
292
40
293
40
294
40
295
40
296
40
297
40
298
40
299
40
300
40
301
40
302
40
303
40
304
40
305
40
306
40
307
40
308
40
309
40
310
40
311
40
312
40
313
40
314
40
315
40
316
40
317
40
318
40
319
40
320
40
321
40
322
40
323
40
324
40
325
40
326
40
327
40
328
40
329
40
330
40
331
40
332
40
333
40
334
40
335
40
336
40
337
40
338
40
339
40
340
40
341
40
342
40
343
40
344
40
345
40
346
40
347
40
348
40
349
40
350
40
351
40
352
40
353
40
354
40
355
40
356
40
357
40
358
40
359
40
360
40
361
40
362
40
363
40
364
40
365
40
366
40
367
40
368
40
369
40
370
40
371
40
372
40
373
40
374
40
375
40
376
40
377
40
378
40
379
40
380
40
381
40
382
40
383
40
384
40
385
40
386
40
387
40
388
40
389
40
390
40
391
40
392
40
393
40
394
40
395
40
396
40
397
40
398
40
399
40
400
40
401
40
402
40
403
40
404
40
405
40
406
40
407
40
408
40
409
40
410
40
411
40
412
40
413
40
414
40
415
40
416
40
417
40
418
40
419
40
420
40
421
40
422
40
423
40
424
40
425
40
426
40
427
40
428
40
429
40
430
40
431
40
432
40
433
40
434
40
435
40
436
40
437
40
438
40
439
40
440
40
441
40
442
40
443
40
444
40
445
40
446
40
447
40
448
40
449
40
450
40
451
40
452
40
453
40
454
40
455
40
456
40
457
40
458
40
459
40
460
40
461
40
462
40
463
40
464
40
465
40
466
40
467
40
468
40
469
40
470
40
471
40
472
40
473
40
474
40
475
40
476
40
477
40
478
40
479
40
480
40
481
40
482
40
483
40
484
40
485
40
486
40
487
40
488
40
489
40
490
40
491
40
492
40
493
40
494
40
495
40
496
40
497
40
498
40
499
40
500
40
501
40
502
40
503
40
504
40
505
40
506
40
507
40
508
40
509
40
510
40
511
40
512
40
513
40
514
40
515
40
516
40
517
40
518
40
519
40
520
40
521
40
522
40
523
40
524
40
525
40
526
40
527
40
528
40
529
40
530
40
531
40
532
40
533
40
534
40
535
40
536
40
537
40
538
40
539
40
540
40
541
40
542
40
543
40
544
40
545
40
546
40
547
40
548
40
549
40
550
40
551
40
552
40
553
40
554
40
555
40
556
40
557
40
558
40
559
40
560
40
561
40
562
40
563
40
564
40
565
40
566
40
567
40
568
40
569
40
570
40
571
40
572
40
573
40
574
40
575
40
576
40
577
40
578
40
579
40
580
40
581
40
582
40
583
40
584
40
585
40
586
40
587
40
588
40
589
40
590
40
591
40
592
40
593
40
594
40
595
40
596
40
597
40
598
40
599
40
600
40
601
40
602
40
603
40
604
40
605
40
606
40
607
40
608
40
609
40
610
40
611
40
612
40
613
40
614
40
615
40
616
40
617
40
618
40
619
40
620
40
621
40
622
40
623
40
624
40
625
40
626
40
627
40
628
40
629
40
630
40
631
40
632
40
633
40
634
40
635
40
636
40
637
40
638
40
639
40
640
40
641
40
642
40
643
40
644
40
645
40
646
40
647
40
648
40
649
40
650
40
651
40
652
40
653
40
654
40
655
40
656
40
657
40
658
40
659
40
660
40
661
40
662
40
663
40
664
40
665
40
666
40
667
40
668
40
669
40
670
40
671
40
672
40
673
40
674
40
675
40
676
40
677
40
678
40
679
40
680
40
681
40
682
40
683
40
684
40
685
40
686
40
687
40
688
40
689
40
690
40
691
40
692
40
693
40
694
40
695
40
696
40
697
40
698
40
699
40
700
40
701
40
702
40
703
40
704
40
705
40
706
40
707
40
708
40
709
40
710
40
711
40
712
40
713
40
714
40
715
40
716
40
717
40
718
40
719
40
720
40
721
40
722
40
723
40
724
40
725
40
726
40
727
40
728
40
729
40
730
40
731
40
732
40
733
40
734
40
735
40
736
40
737
40
738
40
739
40
740
40
741
40
742
40
743
40
744
40
745
40
746
40
747
40
748
40
749
40
750
40
751
40
752
40
753
40
754
40
755
40
756
40
757
40
758
40
759
40
760
40
761
40
762
40
763
40
764
40
765
40
766
40
767
40
768
40
769
40
770
40
771
40
772
40
773
40
774
40
775
40
776
40
777
40
778
40
779
40
780
40
781
40
782
40
783
40
784
40
785
40
786
40
787
40
788
40
789
40
790
40
791
40
792
40
793
40
794
40
795
40
796
40
797
40
798
40
799
40
800
40
801
40
802
40
803
40
804
40
805
40
806
40
807
40
808
40
809
40
810
40
811
40
812
40
813
40
814
40
815
40
816
40
817
40
818
40
819
40
820
40
821
40
822
40
823
40
824
40
825
40
826
40
827
40
828
40
829
40
830
40
831
40
832
40
833
40
834
40
835
40
836
40
837
40
838
40
839
40
840
40
841
40
842
40
843
40
844
40
845
40
846
40
847
40
848
40
849
40
850
40
851
40
852
40
853
40
854
40
855
40
856
40
857
40
858
40
859
40
860
40
861
40
862
40
863
40
864
40
865
40
866
40
867
40
868
40
869
40
870
40
871
40
872
40
873
40
874
40
875
40
876
40
877
40
878
40
879
40
880
40
881
40
882
40
883
40
884
40
885
40
886
40
887
40
888
40
889
40
890
40
891
40
892
40
893
40
894
40
895
40
896
40
897
40
898
40
899
40
900
40
901
40
902
40
903
40
904
40
905
40
906
40
907
40
908
40
909
40
910
40
911
40
912
40
913
40
914
40
915
40
916
40
917
40
918
40
919
40
920
40
921
40
922
40
923
40
924
40
925
40
926
40
927
40
928
40
929
40
930
40
931
40
932
40
933
40
934
40
935
40
936
40
937
40
938
40
939
40
940
40
941
40
942
40
943
40
944
40
945
40
946
40
947
40
948
40
949
40
950
40
951
40
952
40
953
40
954
40
955
40
956
40
957
40
958
40
959
40
960
40
961
40
962
40
963
40
964
40
965
40
966
40
967
40
968
40
969
40
970
40
971
40
972
40
973
40
974
40
975
40
976
40
977
40
978
40
979
40
980
40
981
40
982
40
983
40
984
40
985
40
986
40
987
40
988
40
989
40
990
40
991
40
992
40
993
40
994
40
995
40
996
40
997
40
998
40
999
40
1000
40
1001
40
1002
40
1003
40
1004
40
1005
40
1006
40
1007
40
1008
40
1009
40
1010
40
1011
40
1012
40
1013
40
1014
40
1015
40
1016
40
1017
40
1018
40
1019
40
1020
40
1021
40
1022
40
1023
40
1024
40
1025
40
1026
40
1027
40
1028
40
1029
40
1030
40
1031
40
1032
40
1033
40
1034
40
1035
40
1036
40
1037
40
1038
40
1039
40
1040
40
1041
40
1042
40
1043
40
1044
40
1045
40
1046
40
1047
40
1048
40
1049
40
1050
40
1051
40
1052
40
1053
40
1054
40
1055
40
1056
40
1057
40
1058
40
1059
40
1060
40
1061
40
1062
40
1063
40
1064
40
1065
40
1066
40
1067
40
1068
40
1069
40
1070
40
1071
40
1072
40
1073
40
1074
40
1075
40
1076
40
1077
40
1078
40
1079
40
1080
40
1081
40
1082
40
1083
40
1084
40
1085
40
1086
40
1087
40
1088
40
1089
40
1090
40
1091
40
1092
40
1093
40
1094
40
1095
40
1096
40
1097
40
1098
40
1099
40
1100
40
1101
40
1102
40
1103
40
1104
40
1105
40
1106
40
1107
40
1108
40
1109
40
1110
40
1111
40
1112
40
1113
40
1114
40
1115
40
1116
40
1117
40
1118
40
1119
40
1120
40
1121
40
1122
40
1123
40
1124
40
1125
40
1126
40
1127
40
1128
40
1129
40
1130
40
1131
40
1132
40
1133
40
1134
40
1135
40
1136
40
1137
40
1138
40
1139
40
1140
40
1141
40
1142
40
1143
40
1144
40
1145
40
1146
40
1147
40
1148
40
1149
40
1150
40
1151
40
1152
40
1153
40
1154
40
1155
40
1156
40
1157
40
1158
40
1159
40
1160
40
1161
40
1162
40
1163
40
1164
40
1165
40
1166
40
1167
40
1168
40
1169
40
1170
40
1171
40
1172
40
1173
40
1174
40
1175
40
1176
40
1177
40
1178
40
1179
40
1180
40
1181
40
1182
40
1183
40
1184
40
1185
40
1186
40
1187
40
1188
40
1189
40
1190
40
1191
40
1192
40
1193
40
1194
40
1195
40
1196
40
1197
40
1198
40
1199
40
1200
40
1201
40
1202
40
1203
40
1204
40
1205
40
1206
40
1207
40
1208
40
1209
40
1210
40
1211
40
1212
40
1213
40
1214
40
1215
40
1216
40
1217
40
1218
40
1219
40
1220
40
1221
40
1222
40
1223
40
1224
40
1225
40
1226
40
1227
40
1228
40
1229
40
1230
40
1231
40
1232
40
1233
40
1234
40
1235
40
1236
40
1237
40
1238
40
1239
40
1240
40
1241
40
1242
40
1243
40
1244
40
1245
40
1246
40
1247
40
1248
40
1249
40
1250
40
1251
40
1252
40
1253
40
1254
40
1255
40
1256
40
1257
40
1258
40
1259
40
1260
40
1261
40
1262
40
1263
40
1264
40
1265
40
1266
40
1267
40
1268
40
1269
40
1270
40
1271
40
1272
40
1273
40
1274
40
1275
40
1276
40
1277
40
1278
40
1279
40
1280
40
1281
40
1282
40
1283
40
1284
40
1285
40
1286
40
1287
40
1288
40
1289
40
1290
40
1291
40
1292
40
1293
40
1294
40
1295
40
1296
40
1297
40
1298
40
1299
40
1300
40
1301
40
1302
40
1303
40
1304
40
1305
40
1306
40
1307
40
1308
40
1309
40
1310
40
1311
40
1312
40
1313
40
1314
40
1315
40
1316
40
1317
40
1318
40
1319
40
1320
40
1321
40
1322
40
1323
40
1324
40
1325
40
1326
40
1327
40
1328
40
1329
40
1330
40
1331
40
1332
40
1333
40
1334
40
1335
40
1336
40
1337
40
1338
40
1339
40
1340
40
1341
40
1342
40
1343
40
1344
40
1345
40
1346
40
1347
40
1348
40
1349
40
1350
40
1351
40
1352
40
1353
40
1354
40
1355
40
1356
40
1357
40
1358
40
1359
40
1360
40
1361
40
1362
40
1363
40
1364
40
1365
40
1366
40
1367
40
1368
40
1369
40
1370
40
1371
40
1372
40
1373
40
1374
40
1375
40
1376
40
1377
40
1378
40
1379
40
1380
40
1381
40
1382
40
1383
40
1384
40
1385
40
1386
40
1387
40
1388
40
1389
40
1390
40
1391
40
1392
40
1393
40
1394
40
1395
40
1396
40
1397
40
1398
40
1399
40
1400
40
1401
40
1402
40
1403
40
1404
40
1405
40
1406
40
1407
40
1408
40
1409
40
1410
40
1411
40
1412
40
1413
40
1414
40
1415
40
1416
40
1417
40
1418
40
1419
40
1420
40
1421
40
1422
40
1423
40
1424
40
1425
40
1426
40
1427
40
1428
40
1429
40
1430
40
1431
40
1432
40
1433
40
1434
40
1435
40
1436
40
1437
40
1438
40
1439
40
1440
40
1441
40
1442
40
1443
40
1444
40
1445
40
1446
40
1447
40
1448
40
1449
40
1450
40
1451
40
1452
40
1453
40
1454
40
1455
40
1456
40
1457
40
1458
40
1459
40
1460
40
1461
40
1462
40
1463
40
1464
40
1465
40
1466
40
1467
40
1468
40
1469
40
1470
40
1471
40
1472
40
1473
40
1474
40
1475
40
1476
40
1477
40
1478
40
1479
40
1480
40
1481
40
1482
40
1483
40
1484
40
1485
40
1486
40
1487
40
1488
40
1489
40
1490
40
1491
40
1492
40
1493
40
1494
40
1495
40
1496
40
1497
40
1498
40
1499
40
1500
40
1501
40
1502
40
1503
40
1504
40
1505
40
1506
40
1507
40
1508
40
1509
40
1510
40
1511
40
1512
40
1513
40
1514
40
1515
40
1516
40
1517
40
1518
40
1519
40
1520
40
1521
40
1522
40
1523
40
1524
40
1525
40
1526
40
1527
40
1528
40
1529
40
1530
40
1531
40
1532
40
1533
40
1534
40
1535
40
1536
40
1537
40
1538
40
1539
40
1540
40
1541
40
1542
40
1543
40
1544
40
1545
40
1546
40
1547
40
1548
40
1549
40
1550
40
1551
40
1552
40
1553
40
1554
40
1555
40
1556
40
1557
40
1558
40
1559
40
1560
40
1561
40
1562
40
1563
40
1564
40
1565
40
1566
40
1567
40
1568
40
1569
40
1570
40
1571
40
1572
40
1573
40
1574
40
1575
40
1576
40
1577
40
1578
40
1579
40
1580
40
1581
40
1582
40
1583
40
1584
40
1585
40
1586
40
1587
40
1588
40
1589
40
1590
40
1591
40
1592
40
1593
40
1594
40
1595
40
1596
40
1597
40
1598
40
1599
40
1600
40
1601
40
1602
40
1603
40
1604
40
1605
40
1606
40
1607
40
1608
40
1609
40
1610
40
1611
40
1612
40
1613
40
1614
40
1615
40
1616
40
1617
40
1618
40
1619
40
1620
40
1621
40
1622
40
1623
40
1624
40
1625
40
1626
40
1627
40
1628
40
1629
40
1630
40
1631
40
1632
40
1633
40
1634
40
1635
40
1636
40
1637
40
1638
40
1639
40
1640
40
1641
40
1642
40
1643
40
1644
40
1645
40
1646
40
1647
40
1648
40
1649
40
1650
40
1651
40
1652
40
1653
40
1654
40
1655
40
1656
40
1657
40
1658
40
1659
40
1660
40
1661
40
1662
40
1663
40
1664
40
1665
40
1666
40
1667
40
1668
40
1669
40
1670
40
1671
40
1672
40
1673
40
1674
40
1675
40
1676
40
1677
40
1678
40
1679
40
1680
40
1681
40
1682
40
1683
40
1684
40
1685
40
1686
40
1687
40
1688
40
1689
40
1690
40
1691
40
1692
40
1693
40
1694
40
1695
40
1696
40
1697
40
1698
40
1699
40
1700
40
1701
40
1702
40
1703
40
1704
40
1705
40
1706
40
1707
40
1708
40
1709
40
1710
40
1711
40
1712
40
1713
40
1714
40
1715
40
1716
40
1717
40
1718
40
1719
40
1720
40
1721
40
1722
40
1723
40
1724
40
1725
40
1726
40
1727
40
1728
40
1729
40
1730
40
1731
40
1732
40
1733
40
1734
40
1735
40
1736
40
1737
40
1738
40
1739
40
1740
40
1741
40
1742
40
1743
40
1744
40
1745
40
1746
40
1747
40
1748
40
1749
40
1750
40
1751
40
1752
40
1753
40
1754
40
1755
40
1756
40
1757
40
1758
40
1759
40
1760
40
1761
40
1762
40
1763
40
1764
40
1765
40
1766
40
1767
40
1768
40
1769
40
1770
40
1771
40
1772
40
1773
40
1774
40
1775
40
1776
40
1777
40
1778
40
1779
40
1780
40
1781
40
1782
40
1783
40
1784
40
1785
40
1786
40
1787
40
1788
40
1789
40
1790
40
1791
40
1792
40
1793
40
1794
40
1795
40
1796
40
1797
40
1798
40
1799
40
1800
40
1801
40
1802
40
1803
40
1804
40
1805
40
1806
40
1807
40
1808
40
1809
40
1810
40
1811
40
1812
40
1813
40
1814
40
1815
40
1816
40
1817
40
1818
40
1819
40
1820
40
1821
40
1822
40
1823
40
1824
40
1825
40
1826
40
1827
40
1828
40
1829
40
1830
40
1831
40
1832
40
1833
40
1834
40
1835
40
1836
40
1837
40
1838
40
1839
40
1840
40
1841
40
1842
40
1843
40
1844
40
1845
40
1846
40
1847
40
1848
40
1849
40
1850
40
1851
40
1852
40
1853
40
1854
40
1855
40
1856
40
1857
40
1858
40
1859
40
1860
40
1861
40
1862
40
1863
40
1864
40
1865
40
1866
40
1867
40
1868
40
1869
40
1870
40
1871
40
1872
40
1873
40
1874
40
1875
40
1876
40
1877
40
1878
40
1879
40
1880
40
1881
40
1882
40
1883
40
1884
40
1885
40
1886
40
1887
40
1888
40
1889
40
1890
40
1891
40
1892
40
1893
40
1894
40
1895
40
1896
40
1897
40
1898
40
1899
40
1900
40
1901
40
1902
40
1903
40
1904
40
1905
40
1906
40
1907
40
1908
40
1909
40
1910
40
1911
40
1912
40
1913
40
1914
40
1915
40
1916
40
1917
40
1918
40
1919
40
1920
40
1921
40
1922
40
1923
40
1924
40
1925
40
1926
40
1927
40
1928
40
1929
40
1930
40
1931
40
1932
40
1933
40
1934
40
1935
40
1936
40
1937
40
1938
40
1939
40
1940
40
1941
40
1942
40
1943
40
1944
40
1945
40
1946
40
1947
40
1948
40
1949
40
1950
40
1951
40
1952
40
1953
40
1954
40
1955
40
1956
40
1957
40
1958
40
1959
40
1960
40
1961
40
1962
40
1963
40
1964
40
1965
40
1966
40
1967
40
1968
40
1969
40
1970
40
1971
40
1972
40
1973
40
1974
40
1975
40
1976
40
1977
40
1978
40
1979
40
1980
40
1981
40
1982
40
1983
40
1984
40
1985
40
1986
40
1987
40
1988
40
1989
40
1990
40
1991
40
1992
40
1993
40
1994
40
1995
40
1996
40
1997
40
1998
40
1999
40
2000
40
2001
40
2002
40
2003
40
2004
40
2005
40
2006
40
2007
40
2008
40
2009
40
2010
40
2011
40
2012
40
2013
40
2014
40
2015
40
2016
40
2017
40
2018
40
2019
40
2020
40
2021
40
2022
40
2023
40
2024
40
2025
40
2026
40
2027
40
2028
40
2029
40
2030
40
2031
40
2032
40
2033
40
2034
40
2035
40
2036
40
2037
40
2038
40
2039
40
2040
40
2041
40
2042
40
2043
40
2044
40
2045
40
2046
40
2047
40
2048
40
2049
40
2050
40
2051
40
2052
40
2053
40
2054
40
2055
40
2056
40
2057
40
2058
40
2059
40
2060
40
2061
40
2062
40
2063
40
2064
40
2065
40
2066
40
2067
40
2068
40
2069
40
2070
40
2071
40
2072
40
2073
40
2074
40
2075
40
2076
40
2077
40
2078
40
2079
40
2080
40
2081
40
2082
40
2083
40
2084
40
2085
40
2086
40
2087
40
2088
40
2089
40
2090
40
2091
40
2092
40
2093
40
2094
40
2095
40
2096
40
2097
40
2098
40
2099
40
2100
40
2101
40
2102
40
2103
40
2104
40
2105
40
2106
40
2107
40
2108
40
2109
40
2110
40
2111
40
2112
40
2113
40
2114
40
2115
40
2116
40
2117
40
2118
40
2119
40
2120
40
2121
40
2122
40
2123
40
2124
40
2125
40
2126
40
2127
40
2128
40
2129
40
2130
40
2131
40
2132
40
2133
40
2134
40
2135
40
2136
40
2137
40
2138
40
2139
40
2140
40
2141
40
2142
40
2143
40
2144
40
2145
40
2146
40
2147
40
2148
40
2149
40
2150
40
2151
40
2152
40
2153
40
2154
40
2155
40
2156
40
2157
40
2158
40
2159
40
2160
40
2161
40
2162
40
2163
40
2164
40
2165
40
2166
40
2167
40
2168
40
2169
40
2170
40
2171
40
2172
40
2173
40
2174
40
2175
40
2176
40
2177
40
2178
40
2179
40
2180
40
2181
40
2182
40
2183
40
2184
40
2185
40
2186
40
2187
40
2188
40
2189
40
2190
40
2191
40
2192
40
2193
40
2194
40
2195
40
2196
40
2197
40
2198
40
2199
40
2200
40
2201
40
2202
40
2203
40
2204
40
2205
40
2206
40
2207
40
2208
40
2209
40
2210
40
2211
40
2212
40
2213
40
2214
40
2215
40
2216
40
2217
40
2218
40
2219
40
2220
40
2221
40
2222
40
2223
40
2224
40
2225
40
2226
40
2227
40
2228
40
2229
40
2230
40
2231
40
2232
40
2233
40
2234
40
2235
40
2236
40
2237
40
2238
40
2239
40
2240
40
2241
40
2242
40
2243
40
2244
40
2245
40
2246
40
2247
40
2248
40
2249
40
2250
40
2251
40
2252
40
2253
40
2254
40
2255
40
2256
40
2257
40
2258
40
2259
40
2260
40
2261
40
2262
40
2263
40
2264
40
2265
40
2266
40
2267
40
2268
40
2269
40
2270
40
2271
40
2272
40
2273
40
2274
40
2275
40
2276
40
2277
40
2278
40
2279
40
2280
40
2281
40
2282
40
2283
40
2284
40
2285
40
2286
40
2287
40
2288
40
2289
40
2290
40
2291
40
2292
40
2293
40
2294
40
2295
40
2296
40
2297
40
2298
40
2299
40
2300
40
2301
40
2302
40
2303
40
2304
40
2305
40
2306
40
2307
40
2308
40
2309
40
2310
40
2311
40
2312
40
2313
40
2314
40
2315
40
2316
40
2317
40
2318
40
2319
40
2320
40
2321
40
2322
40
2323
40
2324
40
2325
40
2326
40
2327
40
2328
40
2329
40
2330
40
2331
40
2332
40
2333
40
2334
40
2335
40
2336
40
2337
40
2338
40
2339
40
2340
40
2341
40
2342
40
2343
40
2344
40
2345
40
2346
40
2347
40
2348
40
2349
40
2350
40
2351
40
2352
40
2353
40
2354
40
2355
40
2356
40
2357
40
2358
40
2359
40
2360
40
2361
40
2362
40
2363
40
2364
40
2365
40
2366
40
2367
40
2368
40
2369
40
2370
40
2371
40
2372
40
2373
40
2374
40
2375
40
2376
40
2377
40
2378
40
2379
40
2380
40
2381
40
2382
40
2383
40
2384
40
2385
40
2386
40
2387
40
2388
40
2389
40
2390
40
2391
40
2392
40
2393
40
2394
40
2395
40
2396
40
2397
40
2398
40
2399
40
2400
40
2401
40
2402
40
2403
40
2404
40
2405
40
2406
40
2407
40
2408
40
2409
40
2410
40
2411
40
2412
40
2413
40
2414
40
2415
40
2416
40
2417
40
2418
40
2419
40
2420
40
2421
40
2422
40
2423
40
2424
40
2425
40
2426
40
2427
40
2428
40
2429
40
2430
40
2431
40
2432
40
2433
40
2434
40
2435
40
2436
40
2437
40
2438
40
2439
40
2440
40
2441
40
2442
40
2443
40
2444
40
2445
40
2446
40
2447
40
2448
40
2449
40
2450
40
2451
40
2452
40
2453
40
2454
40
2455
40
2456
40
2457
40
2458
40
2459
40
2460
40
2461
40
2462
40
2463
40
2464
40
2465
40
2466
40
2467
40
2468
40
2469
40
2470
40
2471
40
2472
40
2473
40
2474
40
2475
40
2476
40
2477
40
2478
40
2479
40
2480
40
2481
40
2482
40
2483
40
2484
40
2485
40
2486
40
2487
40
2488
40
2489
40
2490
40
2491
40
2492
40
2493
40
2494
40
2495
40
2496
40
2497
40
2498
40
2499
40
2500
40
2501
40
2502
40
2503
40
2504
40
2505
40
2506
40
2507
40
2508
40
2509
40
2510
40
2511
40
2512
40
2513
40
2514
40
2515
40
2516
40
2517
40
2518
40
2519
40
2520
40
2521
40
2522
40
2523
40
2524
40
2525
40
2526
40
2527
40
2528
40
2529
40
2530
40
2531
40
2532
40
2533
40
2534
40
2535
40
2536
40
2537
40
2538
40
2539
40
2540
40
2541
40
2542
40
2543
40
2544
40
2545
40
2546
40
2547
40
2548
40
2549
40
2550
40
2551
40
2552
40
2553
40
2554
40
2555
40
2556
40
2557
40
2558
40
2559
40
2560
40
2561
40
2562
40
2563
40
2564
40
2565
40
2566
40
2567
40
2568
40
2569
40
2570
40
2571
40
2572
40
2573
40
2574
40
2575
40
2576
40
2577
40
2578
40
2579
40
2580
40
2581
40
2582
40
2583
40
2584
40
2585
40
2586
40
2587
40
2588
40
2589
40
2590
40
2591
40
2592
40
2593
40
2594
40
2595
40
2596
40
2597
40
2598
40
2599
40
2600
40
2601
40
2602
40
2603
40
2604
40
2605
40
2606
40
2607
40
2608
40
2609
40
2610
40
2611
40
2612
40
2613
40
2614
40
2615
40
2616
40
2617
40
2618
40
2619
40
2620
40
2621
40
2622
40
2623
40
2624
40
2625
40
2626
40
2627
40
2628
40
2629
40
2630
40
2631
40
2632
40
2633
40
2634
40
2635
40
2636
40
2637
40
2638
40
2639
40
2640
40
2641
40
2642
40
2643
40
2644
40
2645
40
2646
40
2647
40
2648
40
2649
40
2650
40
2651
40
2652
40
2653
40
2654
40
2655
40
2656
40
2657
40
2658
40
2659
40
2660
40
2661
40
2662
40
2663
40
2664
40
2665
40
2666
40
2667
40
2668
40
2669
40
2670
40
2671
40
2672
40
2673
40
2674
40
2675
40
2676
40
2677
40
2678
40
2679
40
2680
40
2681
40
2682
40
2683
40
2684
40
2685
40
2686
40
2687
40
2688
40
2689
40
2690
40
2691
40
2692
40
2693
40
2694
40
2695
40
2696
40
2697
40
2698
40
2699
40
2700
40
2701
40
2702
40
2703
40
2704
40
2705
40
2706
40
2707
40
2708
40
2709
40
2710
40
2711
40
2712
40
2713
40
2714
40
2715
40
2716
40
2717
40
2718
40
2719
40
2720
40
2721
40
2722
40
2723
40
2724
40
2725
40
2726
40
2727
40
2728
40
2729
40
2730
40
2731
40
2732
40
2733
40
2734
40
2735
40
2736
40
2737
40
2738
40
2739
40
2740
40
2741
40
2742
40
2743
40
2744
40
2745
40
2746
40
2747
40
2748
40
2749
40
2750
40
2751
40
2752
40
2753
40
2754
40
2755
40
2756
40
2757
40
2758
40
2759
40
2760
40
2761
40
2762
40
2763
40
2764
40
2765
40
2766
40
2767
40
2768
40
2769
40
2770
40
2771
40
2772
40
2773
40
2774
40
2775
40
2776
40
2777
40
2778
40
2779
40
2780
40
2781
40
2782
40
2783
40
2784
40
2785
40
2786
40
2787
40
2788
40
2789
40
2790
40
2791
40
2792
40
2793
40
2794
40
2795
40
2796
40
2797
40
2798
40
2799
40
2800
40
2801
40
2802
40
2803
40
2804
40
2805
40
2806
40
2807
40
2808
40
2809
40
2810
40
2811
40
2812
40
2813
40
2814
40
2815
40
2816
40
2817
40
2818
40
2819
40
2820
40
2821
40
2822
40
2823
40
2824
40
2825
40
2826
40
2827
40
2828
40
2829
40
2830
40
2831
40
2832
40
2833
40
2834
40
2835
40
2836
40
2837
40
2838
40
2839
40
2840
40
2841
40
2842
40
2843
40
2844
40
2845
40
2846
40
2847
40
2848
40
2849
40
2850
40
2851
40
2852
40
2853
40
2854
40
2855
40
2856
40
2857
40
2858
40
2859
40
2860
40
2861
40
2862
40
2863
40
2864
40
2865
40
2866
40
2867
40
2868
40
2869
40
2870
40
2871
40
2872
40
2873
40
2874
40
2875
40
2876
40
2877
40
2878
40
2879
40
2880
40
2881
40
2882
40
2883
40
2884
40
2885
40
2886
40
2887
40
2888
40
2889
40
2890
40
2891
40
2892
40
2893
40
2894
40
2895
40
2896
40
2897
40
2898
40
2899
40
2900
40
2901
40
2902
40
2903
40
2904
40
2905
40
2906
40
2907
40
2908
40
2909
40
2910
40
2911
40
2912
40
2913
40
2914
40
2915
40
2916
40
2917
40
2918
40
2919
40
2920
40
2921
40
2922
40
2923
40
2924
40
2925
40
2926
40
2927
40
2928
40
2929
40
2930
40
2931
40
2932
40
2933
40
2934
40
2935
40
2936
40
2937
40
2938
40
2939
40
2940
40
2941
40
2942
40
2943
40
2944
40
2945
40
2946
40
2947
40
2948
40
2949
40
2950
40
2951
40
2952
40
2953
40
2954
40
2955
40
2956
40
2957
40
2958
40
2959
40
2960
40
2961
40
2962
40
2963
40
2964
40
2965
40
2966
40
2967
40
2968
40
2969
40
2970
40
2971
40
2972
40
2973
40
2974
40
2975
40
2976
40
2977
40
2978
40
2979
40
2980
40
2981
40
2982
40
2983
40
2984
40
2985
40
2986
40
2987
40
2988
40
2989
40
2990
40
2991
40
2992
40
2993
40
2994
40
2995
40
2996
40
2997
40
2998
40
2999
40
3000
40
3001
40
3002
40
3003
40
3004
40
3005
40
3006
40
3007
40
3008
40
3009
40
3010
40
3011
40
3012
40
3013
40
3014
40
3015
40
3016
40
3017
40
3018
40
3019
40
3020
40
3021
40
3022
40
3023
40
3024
40
3025
40
3026
40
3027
40
3028
40
3029
40
3030
40
3031
40
3032
40
3033
40
3034
40
3035
40
3036
40
3037
40
3038
40
3039
40
3040
40
3041
40
3042
40
3043
40
3044
40
3045
40
3046
40
3047
40
3048
40
3049
40
3050
40
3051
40
3052
40
3053
40
3054
40
3055
40
3056
40
3057
40
3058
40
3059
40
3060
40
3061
40
3062
40
3063
40
3064
40
3065
40
3066
40
3067
40
3068
40
3069
40
3070
40
3071
40
3072
40
3073
40
3074
40
3075
40
3076
40
3077
40
3078
40
3079
40
3080
40
3081
40
3082
40
3083
40
3084
40
3085
40
3086
40
3087
40
3088
40
3089
40
3090
40
3091
40
3092
40
3093
40
3094
40
3095
40
3096
40
3097
40
3098
40
3099
40
3100
40
3101
40
3102
40
3103
40
3104
40
3105
40
3106
40
3107
40
3108
40
3109
40
3110
40
3111
40
3112
40
3113
40
3114
40
3115
40
3116
40
3117
40
3118
40
3119
40
3120
40
3121
40
3122
40
3123
40
3124
40
3125
40
3126
40
3127
40
3128
40
3129
40
3130
40
3131
40
3132
40
3133
40
3134
40
3135
40
3136
40
3137
40
3138
40
3139
40
3140
40
3141
40
3142
40
3143
40
3144
40
3145
40
3146
40
3147
40
3148
40
3149
40
3150
40
3151
40
3152
40
3153
40
3154
40
3155
40
3156
40
3157
40
3158
40
3159
40
3160
40
3161
40
3162
40
3163
40
3164
40
3165
40
3166
40
3167
40
3168
40
3169
40
3170
40
3171
40
3172
40
3173
40
3174
40
3175
40
3176
40
3177
40
3178
40
3179
40
3180
40
3181
40
3182
40
3183
40
3184
40
3185
40
3186
40
3187
40
3188
40
3189
40
3190
40
3191
40
3192
40
3193
40
3194
40
3195
40
3196
40
3197
40
3198
40
3199
40
3200
40
3201
40
3202
40
3203
40
3204
40
3205
40
3206
40
3207
40
3208
40
3209
40
3210
40
3211
40
3212
40
3213
40
3214
40
3215
40
3216
40
3217
40
3218
40
3219
40
3220
40
3221
40
3222
40
3223
40
3224
40
3225
40
3226
40
3227
40
3228
40
3229
40
3230
40
3231
40
3232
40
3233
40
3234
40
3235
40
3236
40
3237
40
3238
40
3239
40
3240
40
3241
40
3242
40
3243
40
3244
40
3245
40
3246
40
3247
40
3248
40
3249
40
3250
40
3251
40
3252
40
3253
40
3254
40
3255
40
3256
40
3257
40
3258
40
3259
40
3260
40
3261
40
3262
40
3263
40
3264
40
3265
40
3266
40
3267
40
3268
40
3269
40
3270
40
3271
40
3272
40
3273
40
3274
40
3275
40
3276
40
3277
40
3278
40
3279
40
3280
40
3281
40
3282
40
3283
40
3284
40
3285
40
3286
40
3287
40
3288
40
3289
40
3290
40
3291
40
3292
40
3293
40
3294
40
3295
40
3296
40
3297
40
3298
40
3299
40
3300
40
3301
40
3302
40
3303
40
3304
40
3305
40
3306
40
3307
40
3308
40
3309
40
3310
40
3311
40
3312
40
3313
40
3314
40
3315
40
3316
40
3317
40
3318
40
3319
40
3320
40
3321
40
3322
40
3323
40
3324
40
3325
40
3326
40
3327
40
3328
40
3329
40
3330
40
3331
40
3332
40
3333
40
3334
40
3335
40
3336
40
3337
40
3338
40
3339
40
3340
40
3341
40
3342
40
3343
40
3344
40
3345
40
3346
40
3347
40
3348
40
3349
40
3350
40
3351
40
3352
40
3353
40
3354
40
3355
40
3356
40
3357
40
3358
40
3359
40
3360
40
3361
40
3362
40
3363
40
3364
40
3365
40
3366
40
3367
40
3368
40
3369
40
3370
40
3371
40
3372
40
3373
40
3374
40
3375
40
3376
40
3377
40
3378
40
3379
40
3380
40
3381
40
3382
40
3383
40
3384
40
3385
40
3386
40
3387
40
3388
40
3389
40
3390
40
3391
40
3392
40
3393
40
3394
40
3395
40
3396
40
3397
40
3398
40
3399
40
3400
40
3401
40
3402
40
3403
40
3404
40
3405
40
3406
40
3407
40
3408
40
3409
40
3410
40
3411
40
3412
40
3413
40
3414
40
3415
40
3416
40
3417
40
3418
40
3419
40
3420
40
3421
40
3422
40
3423
40
3424
40
3425
40
3426
40
3427
40
3428
40
3429
40
3430
40
3431
40
3432
40
3433
40
3434
40
3435
40
3436
40
3437
40
3438
40
3439
40
3440
40
3441
40
3442
40
3443
40
3444
40
3445
40
3446
40
3447
40
3448
40
3449
40
3450
40
3451
40
3452
40
3453
40
3454
40
3455
40
3456
40
3457
40
3458
40
3459
40
3460
40
3461
40
3462
40
3463
40
3464
40
3465
40
3466
40
3467
40
3468
40
3469
40
3470
40
3471
40
3472
40
3473
40
3474
40
3475
40
3476
40
3477
40
3478
40
3479
40
3480
40
3481
40
3482
40
3483
40
3484
40
3485
40
3486
40
3487
40
3488
40
3489
40
3490
40
3491
40
3492
40
3493
40
3494
40
3495
40
3496
40
3497
40
3498
40
3499
40
3500
40
3501
40
3502
40
3503
40
3504
40
3505
40
3506
40
3507
40
3508
40
3509
40
3510
40
3511
40
3512
40
3513
40
3514
40
3515
40
3516
40
3517
40
3518
40
3519
40
3520
40
3521
40
3522
40
3523
40
3524
40
3525
40
3526
40
3527
40
3528
40
3529
40
3530
40
3531
40
3532
40
3533
40
3534
40
3535
40
3536
40
3537
40
3538
40
3539
40
3540
40
3541
40
3542
40
3543
40
3544
40
3545
40
3546
40
3547
40
3548
40
3549
40
3550
40
3551
40
3552
40
3553
40
3554
40
3555
40
3556
40
3557
40
3558
40
3559
40
3560
40
3561
40
3562
40
3563
40
3564
40
3565
40
3566
40
3567
40
3568
40
3569
40
3570
40
3571
40
3572
40
3573
40
3574
40
3575
40
3576
40
3577
40
3578
40
3579
40
3580
40
3581
40
3582
40
3583
40
3584
40
3585
40
3586
40
3587
40
3588
40
3589
40
3590
40
3591
40
3592
40
3593
40
3594
40
3595
40
3596
40
3597
40
3598
40
3599
40
3600
40
3601
40
3602
40
3603
40
3604
40
3605
40
3606
40
3607
40
3608
40
3609
40
3610
40
3611
40
3612
40
3613
40
3614
40
3615
40
3616
40
3617
40
3618
40
3619
40
3620
40
3621
40
3622
40
3623
40
3624
40
3625
40
3626
40
3627
40
3628
40
3629
40
3630
40
3631
40
3632
40
3633
40
3634
40
3635
40
3636
40
3637
40
3638
40
3639
40
3640
40
3641
40
3642
40
3643
40
3644
40
3645
40
3646
40
3647
40
3648
40
3649
40
3650
40
3651
40
3652
40
3653
40
3654
40
3655
40
3656
40
3657
40
3658
40
3659
40
3660
40
3661
40
3662
40
3663
40
3664
40
3665
40
3666
40
3667
40
3668
40
3669
40
3670
40
3671
40
3672
40
3673
40
3674
40
3675
40
3676
40
3677
40
3678
40
3679
40
3680
40
3681
40
3682
40
3683
40
3684
40
3685
40
3686
40
3687
40
3688
40
3689
40
3690
40
3691
40
3692
40
3693
40
3694
40
3695
40
3696
40
3697
40
3698
40
3699
40
3700
40
3701
40
3702
40
3703
40
3704
40
3705
40
3706
40
3707
40
3708
40
3709
40
3710
40
3711
40
3712
40
3713
40
3714
40
3715
40
3716
40
3717
40
3718
40
3719
40
3720
40
3721
40
3722
40
3723
40
3724
40
3725
40
3726
40
3727
40
3728
40
3729
40
3730
40
3731
40
3732
40
3733
40
3734
40
3735
40
3736
40
3737
40
3738
40
3739
40
3740
40
3741
40
3742
40
3743
40
3744
40
3745
40
3746
40
3747
40
3748
40
3749
40
3750
40
3751
40
3752
40
3753
40
3754
40
3755
40
3756
40
3757
40
3758
40
3759
40
3760
40
3761
40
3762
40
3763
40
3764
40
3765
40
3766
40
3767
40
3768
40
3769
40
3770
40
3771
40
3772
40
3773
40
3774
40
3775
40
3776
40
3777
40
3778
40
3779
40
3780
40
3781
40
3782
40
3783
40
3784
40
3785
40
3786
40
3787
40
3788
40
3789
40
3790
40
3791
40
3792
40
3793
40
3794
40
3795
40
3796
40
3797
40
3798
40
3799
40
3800
40
3801
40
3802
40
3803
40
3804
40
3805
40
3806
40
3807
40
3808
40
3809
40
3810
40
3811
40
3812
40
3813
40
3814
40
3815
40
3816
40
3817
40
3818
40
3819
40
3820
40
3821
40
3822
40
3823
40
3824
40
3825
40
3826
40
3827
40
3828
40
3829
40
3830
40
3831
40
3832
40
3833
40
3834
40
3835
40
3836
40
3837
40
3838
40
3839
40
3840
40
3841
40
3842
40
3843
40
3844
40
3845
40
3846
40
3847
40
3848
40
3849
40
3850
40
3851
40
3852
40
3853
40
3854
40
3855
40
3856
40
3857
40
3858
40
3859
40
3860
40
3861
40
3862
40
3863
40
3864
40
3865
40
3866
40
3867
40
3868
40
3869
40
3870
40
3871
40
3872
40
3873
40
3874
40
3875
40
3876
40
3877
40
3878
40
3879
40
3880
40
3881
40
3882
40
3883
40
3884
40
3885
40
3886
40
3887
40
3888
40
3889
40
3890
40
3891
40
3892
40
3893
40
3894
40
3895
40
3896
40
3897
40
3898
40
3899
40
3900
40
3901
40
3902
40
3903
40
3904
40
3905
40
3906
40
3907
40
3908
40
3909
40
3910
40
3911
40
3912
40
3913
40
3914
40
3915
40
3916
40
3917
40
3918
40
3919
40
3920
40
3921
40
3922
40
3923
40
3924
40
3925
40
3926
40
3927
40
3928
40
3929
40
3930
40
3931
40
3932
40
3933
40
3934
40
3935
40
3936
40
3937
40
3938
40
3939
40
3940
40
3941
40
3942
40
3943
40
3944
40
3945
40
3946
40
3947
40
3948
40
3949
40
3950
40
3951
40
3952
40
3953
40
3954
40
3955
40
3956
40
3957
40
3958
40
3959
40
3960
40
3961
40
3962
40
3963
40
3964
40
3965
40
3966
40
3967
40
3968
40
3969
40
3970
40
3971
40
3972
40
3973
40
3974
40
3975
40
3976
40
3977
40
3978
40
3979
40
3980
40
3981
40
3982
40
3983
40
3984
40
3985
40
3986
40
3987
40
3988
40
3989
40
3990
40
3991
40
3992
40
3993
40
3994
40
3995
40
3996
40
3997
40
3998
40
3999
40
4000
40
4001
40
4002
40
4003
40
4004
40
4005
40
4006
40
4007
40
4008
40
4009
40
4010
40
4011
40
4012
40
4013
40
4014
40
4015
40
4016
40
4017
40
4018
40
4019
40
4020
40
4021
40
4022
40
4023
40
4024
40
4025
40
4026
40
4027
40
4028
40
4029
40
4030
40
4031
40
4032
40
4033
40
4034
40
4035
40
4036
40
4037
40
4038
40
4039
40
4040
40
4041
40
4042
40
4043
40
4044
40
4045
40
4046
40
4047
40
4048
40
4049
40
4050
40
4051
40
4052
40
4053
40
4054
40
4055
40
4056
40
4057
40
4058
40
4059
40
4060
40
4061
40
4062
40
4063
40
4064
40
4065
40
4066
40
4067
40
4068
40
4069
40
4070
40
4071
40
4072
40
4073
40
4074
40
4075
40
4076
40
4077
40
4078
40
4079
40
4080
40
4081
40
4082
40
4083
40
4084
40
4085
40
4086
40
4087
40
4088
40
4089
40
4090
40
4091
40
4092
40
4093
40
4094
40
4095
40
4096
40
4097
40
4098
40
4099
40
4100
40
4101
40
4102
40
4103
40
4104
40
4105
40
4106
40
4107
40
4108
40
4109
40
4110
40
4111
40
4112
40
4113
40
4114
40
4115
40
4116
40
4117
40
4118
40
4119
40
4120
40
4121
40
4122
40
4123
40
4124
40
4125
40
4126
40
4127
40
4128
40
4129
40
4130
40
4131
40
4132
40
4133
40
4134
40
4135
40
4136
40
4137
40
4138
40
4139
40
4140
40
4141
40
4142
40
4143
40
4144
40
4145
40
4146
40
4147
40
4148
40
4149
40
4150
40
4151
40
4152
40
4153
40
4154
40
4155
40
4156
40
4157
40
4158
40
4159
40
4160
40
4161
40
4162
40
4163
40
4164
40
4165
40
4166
40
4167
40
4168
40
4169
40
4170
40
4171
40
4172
40
4173
40
4174
40
4175
40
4176
40
4177
40
4178
40
4179
40
4180
40
4181
40
4182
40
4183
40
4184
40
4185
40
4186
40
4187
40
4188
40
4189
40
4190
40
4191
40
4192
40
4193
40
4194
40
4195
40
4196
40
4197
40
4198
40
4199
40
4200
40
4201
40
4202
40
4203
40
4204
40
4205
40
4206
40
4207
40
4208
40
4209
40
4210
40
4211
40
4212
40
4213
40
4214
40
4215
40
4216
40
4217
40
4218
40
4219
40
4220
40
4221
40
4222
40
4223
40
4224
40
4225
40
4226
40
4227
40
4228
40
4229
40
4230
40
4231
40
4232
40
4233
40
4234
40
4235
40
4236
40
4237
40
4238
40
4239
40
4240
40
4241
40
4242
40
4243
40
4244
40
4245
40
4246
40
4247
40
4248
40
4249
40
4250
40
4251
40
4252
40
4253
40
4254
40
4255
40
4256
40
4257
40
4258
40
4259
40
4260
40
4261
40
4262
40
4263
40
4264
40
4265
40
4266
40
4267
40
4268
40
4269
40
4270
40
4271
40
4272
40
4273
40
4274
40
4275
40
4276
40
4277
40
4278
40
4279
40
4280
40
4281
40
4282
40
4283
40
4284
40
4285
40
4286
40
4287
40
4288
40
4289
40
4290
40
4291
40
4292
40
4293
40
4294
40
4295
40
4296
40
4297
40
4298
40
4299
40
4300
40
4301
40
4302
40
4303
40
4304
40
4305
40
4306
40
4307
40
4308
40
4309
40
4310
40
4311
40
4312
40
4313
40
4314
40
4315
40
4316
40
4317
40
4318
40
4319
40
4320
40
4321
40
4322
40
4323
40
4324
40
4325
40
4326
40
4327
40
4328
40
4329
40
4330
40
4331
40
4332
40
4333
40
4334
40
4335
40
4336
40
4337
40
4338
40
4339
40
4340
40
4341
40
4342
40
4343
40
4344
40
4345
40
4346
40
4347
40
4348
40
4349
40
4350
40
4351
40
4352
40
4353
40
4354
40
4355
40
4356
40
4357
40
4358
40
4359
40
4360
40
4361
40
4362
40
4363
40
4364
40
4365
40
4366
40
4367
40
4368
40
4369
40
4370
40
4371
40
4372
40
4373
40
4374
40
4375
40
4376
40
4377
40
4378
40
4379
40
4380
40
4381
40
4382
40
4383
40
4384
40
4385
40
4386
40
4387
40
4388
40
4389
40
4390
40
4391
40
4392
40
4393
40
4394
40
4395
40
4396
40
4397
40
4398
40
4399
40
4400
40
4401
40
4402
40
4403
40
4404
40
4405
40
4406
40
4407
40
4408
40
4409
40
4410
40
4411
40
4412
40
4413
40
4414
40
4415
40
4416
40
4417
40
4418
40
4419
40
4420
40
4421
40
4422
40
4423
40
4424
40
4425
40
4426
40
4427
40
4428
40
4429
40
4430
40
4431
40
4432
40
4433
40
4434
40
4435
40
4436
40
4437
40
4438
40
4439
40
4440
40
4441
40
4442
40
4443
40
4444
40
4445
40
4446
40
4447
40
4448
40
4449
40
4450
40
4451
40
4452
40
4453
40
4454
40
4455
40
4456
40
4457
40
4458
40
4459
40
4460
40
4461
40
4462
40
4463
40
4464
40
4465
40
4466
40
4467
40
4468
40
4469
40
4470
40
4471
40
4472
40
4473
40
4474
40
4475
40
4476
40
4477
40
4478
40
4479
40
4480
40
4481
40
4482
40
4483
40
4484
40
4485
40
4486
40
4487
40
4488
40
4489
40
4490
40
4491
40
4492
40
4493
40
4494
40
4495
40
4496
40
4497
40
4498
40
4499
40
4500
40
4501
40
4502
40
4503
40
4504
40
4505
40
4506
40
4507
40
4508
40
4509
40
4510
40
4511
40
4512
40
4513
40
4514
40
4515
40
4516
40
4517
40
4518
40
4519
40
4520
40
4521
40
4522
40
4523
40
4524
40
4525
40
4526
40
4527
40
4528
40
4529
40
4530
40
4531
40
4532
40
4533
40
4534
40
4535
40
4536
40
4537
40
4538
40
4539
40
4540
40
4541
40
4542
40
4543
40
4544
40
4545
40
4546
40
4547
40
4548
40
4549
40
4550
40
4551
40
4552
40
4553
40
4554
40
4555
40
4556
40
4557
40
4558
40
4559
40
4560
40
4561
40
4562
40
4563
40
4564
40
4565
40
4566
40
4567
40
4568
40
4569
40
4570
40
4571
40
4572
40
4573
40
4574
40
4575
40
4576
40
4577
40
4578
40
4579
40
4580
40
4581
40
4582
40
4583
40
4584
40
4585
40
4586
40
4587
40
4588
40
4589
40
4590
40
4591
40
4592
40
4593
40
4594
40
4595
40
4596
40
4597
40
4598
40
4599
40
4600
40
4601
40
4602
40
4603
40
4604
40
4605
40
4606
40
4607
40
4608
40
4609
40
4610
40
4611
40
4612
40
4613
40
4614
40
4615
40
4616
40
4617
40
4618
40
4619
40
4620
40
4621
40
4622
40
4623
40
4624
40
4625
40
4626
40
4627
40
4628
40
4629
40
4630
40
4631
40
4632
40
4633
40
4634
40
4635
40
4636
40
4637
40
4638
40
4639
40
4640
40
4641
40
4642
40
4643
40
4644
40
4645
40
4646
40
4647
40
4648
40
4649
40
4650
40
4651
40
4652
40
4653
40
4654
40
4655
40
4656
40
4657
40
4658
40
4659
40
4660
40
4661
40
4662
40
4663
40
4664
40
4665
40
4666
40
4667
40
4668
40
4669
40
4670
40
4671
40
4672
40
4673
40
4674
40
4675
40
4676
40
4677
40
4678
40
4679
40
4680
40
4681
40
4682
40
4683
40
4684
40
4685
40
4686
40
4687
40
4688
40
4689
40
4690
40
4691
40
4692
40
4693
40
4694
40
4695
40
4696
40
4697
40
4698
40
4699
40
4700
40
4701
40
4702
40
4703
40
4704
40
4705
40
4706
40
4707
40
4708
40
4709
40
4710
40
4711
40
4712
40
4713
40
4714
40
4715
40
4716
40
4717
40
4718
40
4719
40
4720
40
4721
40
4722
40
4723
40
4724
40
4725
40
4726
40
4727
40
4728
40
4729
40
4730
40
4731
40
4732
40
4733
40
4734
40
4735
40
4736
40
4737
40
4738
40
4739
40
4740
40
4741
40
4742
40
4743
40
4744
40
4745
40
4746
40
4747
40
4748
40
4749
40
4750
40
4751
40
4752
40
4753
40
4754
40
4755
40
4756
40
4757
40
4758
40
4759
40
4760
40
4761
40
4762
40
4763
40
4764
40
4765
40
4766
40
4767
40
4768
40
4769
40
4770
40
4771
40
4772
40
4773
40
4774
40
4775
40
4776
40
4777
40
4778
40
4779
40
4780
40
4781
40
4782
40
4783
40
4784
40
4785
40
4786
40
4787
40
4788
40
4789
40
4790
40
4791
40
4792
40
4793
40
4794
40
4795
40
4796
40
4797
40
4798
40
4799
40
4800
40
4801
40
4802
40
4803
40
4804
40
4805
40
4806
40
4807
40
4808
40
4809
40
4810
40
4811
40
4812
40
4813
40
4814
40
4815
40
4816
40
4817
40
4818
40
4819
40
4820
40
4821
40
4822
40
4823
40
4824
40
4825
40
4826
40
4827
40
4828
40
4829
40
4830
40
4831
40
4832
40
4833
40
4834
40
4835
40
4836
40
4837
40
4838
40
4839
40
4840
40
4841
40
4842
40
4843
40
4844
40
4845
40
4846
40
4847
40
4848
40
4849
40
4850
40
4851
40
4852
40
4853
40
4854
40
4855
40
4856
40
4857
40
4858
40
4859
40
4860
40
4861
40
4862
40
4863
40
4864
40
4865
40
4866
40
4867
40
4868
40
4869
40
4870
40
4871
40
4872
40
4873
40
4874
40
4875
40
4876
40
4877
40
4878
40
4879
40
4880
40
4881
40
4882
40
4883
40
4884
40
4885
40
4886
40
4887
40
4888
40
4889
40
4890
40
4891
40
4892
40
4893
40
4894
40
4895
40
4896
40
4897
40
4898
40
4899
40
4900
40
4901
40
4902
40
4903
40
4904
40
4905
40
4906
40
4907
40
4908
40
4909
40
4910
40
4911
40
4912
40
4913
40
4914
40
4915
40
4916
40
4917
40
4918
40
4919
40
4920
40
4921
40
4922
40
4923
40
4924
40
4925
40
4926
40
4927
40
4928
40
4929
40
4930
40
4931
40
4932
40
4933
40
4934
40
4935
40
4936
40
4937
40
4938
40
4939
40
4940
40
4941
40
4942
40
4943
40
4944
40
4945
40
4946
40
4947
40
4948
40
4949
40
4950
40
4951
40
4952
40
4953
40
4954
40
4955
40
4956
40
4957
40
4958
40
4959
40
4960
40
4961
40
4962
40
4963
40
4964
40
4965
40
4966
40
4967
40
4968
40
4969
40
4970
40
4971
40
4972
40
4973
40
4974
40
4975
40
4976
40
4977
40
4978
40
4979
40
4980
40
4981
40
4982
40
4983
40
4984
40
4985
40
4986
40
4987
40
4988
40
4989
40
4990
40
4991
40
4992
40
4993
40
4994
40
4995
40
4996
40
4997
40
4998
40
4999
40
5000
40
5001
40
5002
40
5003
40
5004
40
5005
40
5006
40
5007
40
5008
40
5009
40
5010
40
5011
40
5012
40
5013
40
5014
40
5015
40
5016
40
5017
40
5018
40
5019
40
5020
40
5021
40
5022
40
5023
40
5024
40
5025
40
5026
40
5027
40
5028
40
5029
40
5030
40
5031
40
5032
40
5033
40
5034
40
5035
40
5036
40
5037
40
5038
40
5039
40
5040
40
5041
40
5042
40
5043
40
5044
40
5045
40
5046
40
5047
40
5048
40
5049
40
5050
40
5051
40
5052
40
5053
40
5054
40
5055
40
5056
40
5057
40
5058
40
5059
40
5060
40
5061
40
5062
40
5063
40
5064
40
5065
40
5066
40
5067
40
5068
40
5069
40
5070
40
5071
40
5072
40
5073
40
5074
40
5075
40
5076
40
5077
40
5078
40
5079
40
5080
40
5081
40
5082
40
5083
40
5084
40
5085
40
5086
40
5087
40
5088
40
5089
40
5090
40
5091
40
5092
40
5093
40
5094
40
5095
40
5096
40
5097
40
5098
40
5099
40
5100
40
5101
40
5102
40
5103
40
5104
40
5105
40
5106
40
5107
40
5108
40
5109
40
5110
40
5111
40
5112
40
5113
40
5114
40
5115
40
5116
40
5117
40
5118
40
5119
40
5120
40
5121
40
5122
40
5123
40
5124
40
5125
40
5126
40
5127
40
5128
40
5129
40
5130
40
5131
40
5132
40
5133
40
5134
40
5135
40
5136
40
5137
40
5138
40
5139
40
5140
40
5141
40
5142
40
5143
40
5144
40
5145
40
5146
40
5147
40
5148
40
5149
40
5150
40
5151
40
5152
40
5153
40
5154
40
5155
40
5156
40
5157
40
5158
40
5159
40
5160
40
5161
40
5162
40
5163
40
5164
40
5165
40
5166
40
5167
40
5168
40
5169
40
5170
40
5171
40
5172
40
5173
40
5174
40
5175
40
5176
40
5177
40
5178
40
5179
40
5180
40
5181
40
5182
40
5183
40
5184
40
5185
40
5186
40
5187
40
5188
40
5189
40
5190
40
5191
40
5192
40
5193
40
5194
40
5195
40
5196
40
5197
40
5198
40
5199
40
5200
40
5201
40
5202
40
5203
40
5204
40
5205
40
5206
40
5207
40
5208
40
5209
40
5210
40
5211
40
5212
40
5213
40
5214
40
5215
40
5216
40
5217
40
5218
40
5219
40
5220
40
5221
40
5222
40
5223
40
5224
40
5225
40
5226
40
5227
40
5228
40
5229
40
5230
40
5231
40
5232
40
5233
40
5234
40
5235
40
5236
40
5237
40
5238
40
5239
40
5240
40
5241
40
5242
40
5243
40
5244
40
5245
40
5246
40
5247
40
5248
40
5249
40
5250
40
5251
40
5252
40
5253
40
5254
40
5255
40
5256
40
5257
40
5258
40
5259
40
5260
40
5261
40
5262
40
5263
40
5264
40
5265
40
5266
40
5267
40
5268
40
5269
40
5270
40
5271
40
5272
40
5273
40
5274
40
5275
40
5276
40
5277
40
5278
40
5279
40
5280
40
5281
40
5282
40
5283
40
5284
40
5285
40
5286
40
5287
40
5288
40
5289
40
5290
40
5291
40
5292
40
5293
40
5294
40
5295
40
5296
40
5297
40
5298
40
5299
40
5300
40
5301
40
5302
40
5303
40
5304
40
5305
40
5306
40
5307
40
5308
40
5309
40
5310
40
5311
40
5312
40
5313
40
5314
40
5315
40
5316
40
5317
40
5318
40
5319
40
5320
40
5321
40
5322
40
5323
40
5324
40
5325
40
5326
40
5327
40
5328
40
5329
40
5330
40
5331
40
5332
40
5333
40
5334
40
5335
40
5336
40
5337
40
5338
40
5339
40
5340
40
5341
40
5342
40
5343
40
5344
40
5345
40
5346
40
5347
40
5348
40
5349
40
5350
40
5351
40
5352
40
5353
40
5354
40
5355
40
5356
40
5357
40
5358
40
5359
40
5360
40
5361
40
5362
40
5363
40
5364
40
5365
40
5366
40
5367
40
5368
40
5369
40
5370
40
5371
40
5372
40
5373
40
5374
40
5375
40
5376
40
5377
40
5378
40
5379
40
5380
40
5381
40
5382
40
5383
40
5384
40
5385
40
5386
40
5387
40
5388
40
5389
40
5390
40
5391
40
5392
40
5393
40
5394
40
5395
40
5396
40
5397
40
5398
40
5399
40
5400
40
5401
40
5402
40
5403
40
5404
40
5405
40
5406
40
5407
40
5408
40
5409
40
5410
40
5411
40
5412
40
5413
40
5414
40
5415
40
5416
40
5417
40
5418
40
5419
40
5420
40
5421
40
5422
40
5423
40
5424
40
5425
40
5426
40
5427
40
5428
40
5429
40
5430
40
5431
40
5432
40
5433
40
5434
40
5435
40
5436
40
5437
40
5438
40
5439
40
5440
40
5441
40
5442
40
5443
40
5444
40
5445
40
5446
40
5447
40
5448
40
5449
40
5450
40
5451
40
5452
40
5453
40
5454
40
5455
40
5456
40
5457
40
5458
40
5459
40
5460
40
5461
40
5462
40
5463
40
5464
40
5465
40
5466
40
5467
40
5468
40
5469
40
5470
40
5471
40
5472
40
5473
40
5474
40
5475
40
5476
40
5477
40
5478
40
5479
40
5480
40
5481
40
5482
40
5483
40
5484
40
5485
40
5486
40
5487
40
5488
40
5489
40
5490
40
5491
40
5492
40
5493
40
5494
40
5495
40
5496
40
5497
40
5498
40
5499
40
5500
40
5501
40
5502
40
5503
40
5504
40
5505
40
5506
40
5507
40
5508
40
5509
40
5510
40
5511
40
5512
40
5513
40
5514
40
5515
40
5516
40
5517
40
5518
40
5519
40
5520
40
5521
40
5522
40
5523
40
5524
40
5525
40
5526
40
5527
40
5528
40
5529
40
5530
40
5531
40
5532
40
5533
40
5534
40
5535
40
5536
40
5537
40
5538
40
5539
40
5540
40
5541
40
5542
40
5543
40
5544
40
5545
40
5546
40
5547
40
5548
40
5549
40
5550
40
5551
40
5552
40
5553
40
5554
40
5555
40
5556
40
5557
40
5558
40
5559
40
5560
40
5561
40
5562
40
5563
40
5564
40
5565
40
5566
40
5567
40
5568
40
5569
40
5570
40
5571
40
5572
40
5573
40
5574
40
5575
40
5576
40
5577
40
5578
40
5579
40
5580
40
5581
40
5582
40
5583
40
5584
40
5585
40
5586
40
5587
40
5588
40
5589
40
5590
40
5591
40
5592
40
5593
40
5594
40
5595
40
5596
40
5597
40
5598
40
5599
40
5600
40
5601
40
5602
40
5603
40
5604
40
5605
40
5606
40
5607
40
5608
40
5609
40
5610
40
5611
40
5612
40
5613
40
5614
40
5615
40
5616
40
5617
40
5618
40
5619
40
5620
40
5621
40
5622
40
5623
40
5624
40
5625
40
5626
40
5627
40
5628
40
5629
40
5630
40
5631
40
5632
40
5633
40
5634
40
5635
40
5636
40
5637
40
5638
40
5639
40
5640
40
5641
40
5642
40
5643
40
5644
40
5645
40
5646
40
5647
40
5648
40
5649
40
5650
40
5651
40
5652
40
5653
40
5654
40
5655
40
5656
40
5657
40
5658
40
5659
40
5660
40
5661
40
5662
40
5663
40
5664
40
5665
40
5666
40
5667
40
5668
40
5669
40
5670
40
5671
40
5672
40
5673
40
5674
40
5675
40
5676
40
5677
40
5678
40
5679
40
5680
40
5681
40
5682
40
5683
40
5684
40
5685
40
5686
40
5687
40
5688
40
5689
40
5690
40
5691
40
5692
40
5693
40
5694
40
5695
40
5696
40
5697
40
5698
40
5699
40
5700
40
5701
40
5702
40
5703
40
5704
40
5705
40
5706
40
5707
40
5708
40
5709
40
5710
40
5711
40
5712
40
5713
40
5714
40
5715
40
5716
40
5717
40
5718
40
5719
40
5720
40
5721
40
5722
40
5723
40
5724
40
5725
40
5726
40
5727
40
5728
40
5729
40
5730
40
5731
40
5732
40
5733
40
5734
40
5735
40
5736
40
5737
40
5738
40
5739
40
5740
40
5741
40
5742
40
5743
40
5744
40
5745
40
5746
40
5747
40
5748
40
5749
40
5750
40
5751
40
5752
40
5753
40
5754
40
5755
40
5756
40
5757
40
5758
40
5759
40
5760
40
5761
40
5762
40
5763
40
5764
40
5765
40
5766
40
5767
40
5768
40
5769
40
5770
40
5771
40
5772
40
5773
40
5774
40
5775
40
5776
40
5777
40
5778
40
5779
40
5780
40
5781
40
5782
40
5783
40
5784
40
5785
40
5786
40
5787
40
5788
40
5789
40
5790
40
5791
40
5792
40
5793
40
5794
40
5795
40
5796
40
5797
40
5798
40
5799
40
5800
40
5801
40
5802
40
5803
40
5804
40
5805
40
5806
40
5807
40
5808
40
5809
40
5810
40
5811
40
5812
40
5813
40
5814
40
5815
40
5816
40
5817
40
5818
40
5819
40
5820
40
5821
40
5822
40
5823
40
5824
40
5825
40
5826
40
5827
40
5828
40
5829
40
5830
40
5831
40
5832
40
5833
40
5834
40
5835
40
5836
40
5837
40
5838
40
5839
40
5840
40
5841
40
5842
40
5843
40
5844
40
5845
40
5846
40
5847
40
5848
40
5849
40
5850
40
5851
40
5852
40
5853
40
5854
40
5855
40
5856
40
5857
40
5858
40
5859
40
5860
40
5861
40
5862
40
5863
40
5864
40
5865
40
5866
40
5867
40
5868
40
5869
40
5870
40
5871
40
5872
40
5873
40
5874
40
5875
40
5876
40
5877
40
5878
40
5879
40
5880
40
5881
40
5882
40
5883
40
5884
40
5885
40
5886
40
5887
40
5888
40
5889
40
5890
40
5891
40
5892
40
5893
40
5894
40
5895
40
5896
40
5897
40
5898
40
5899
40
5900
40
5901
40
5902
40
5903
40
5904
40
5905
40
5906
40
5907
40
5908
40
5909
40
5910
40
5911
40
5912
40
5913
40
5914
40
5915
40
5916
40
5917
40
5918
40
5919
40
5920
40
5921
40
5922
40
5923
40
5924
40
5925
40
5926
40
5927
40
5928
40
5929
40
5930
40
5931
40
5932
40
5933
40
5934
40
5935
40
5936
40
5937
40
5938
40
5939
40
5940
40
5941
40
5942
40
5943
40
5944
40
5945
40
5946
40
5947
40
5948
40
5949
40
5950
40
5951
40
5952
40
5953
40
5954
40
5955
40
5956
40
5957
40
5958
40
5959
40
5960
40
5961
40
5962
40
5963
40
5964
40
5965
40
5966
40
5967
40
5968
40
5969
40
5970
40
5971
40
5972
40
5973
40
5974
40
5975
40
5976
40
5977
40
5978
40
5979
40
5980
40
5981
40
5982
40
5983
40
5984
40
5985
40
5986
40
5987
40
5988
40
5989
40
5990
40
5991
40
5992
40
5993
40
5994
40
5995
40
5996
40
5997
40
5998
40
5999
40
6000
40
6001
40
6002
40
6003
40
6004
40
6005
40
6006
40
6007
40
6008
40
6009
40
6010
40
6011
40
6012
40
6013
40
6014
40
6015
40
6016
40
6017
40
6018
40
6019
40
6020
40
6021
40
6022
40
6023
40
6024
40
6025
40
6026
40
6027
40
6028
40
6029
40
6030
40
6031
40
6032
40
6033
40
6034
40
6035
40
6036
40
6037
40
6038
40
6039
40
6040
40
6041
40
6042
40
6043
40
6044
40
6045
40
6046
40
6047
40
6048
40
6049
40
6050
40
6051
40
6052
40
6053
40
6054
40
6055
40
6056
40
6057
40
6058
40
6059
40
6060
40
6061
40
6062
40
6063
40
6064
40
6065
40
6066
40
6067
40
6068
40
6069
40
6070
40
6071
40
6072
40
6073
40
6074
40
6075
40
6076
40
6077
40
6078
40
6079
40
6080
40
6081
40
6082
40
6083
40
6084
40
6085
40
6086
40
6087
40
6088
40
6089
40
6090
40
6091
40
6092
40
6093
40
6094
40
6095
40
6096
40
6097
40
6098
40
6099
40
6100
40
6101
40
6102
40
6103
40
6104
40
6105
40
6106
40
6107
40
6108
40
6109
40
6110
40
6111
40
6112
40
6113
40
6114
40
6115
40
6116
40
6117
40
6118
40
6119
40
6120
40
6121
40
6122
40
6123
40
6124
40
6125
40
6126
40
6127
40
6128
40
6129
40
6130
40
6131
40
6132
40
6133
40
6134
40
6135
40
6136
40
6137
40
6138
40
6139
40
6140
40
6141
40
6142
40
6143
40
6144
40
6145
40
6146
40
6147
40
6148
40
6149
40
6150
40
6151
40
6152
40
6153
40
6154
40
6155
40
6156
40
6157
40
6158
40
6159
40
6160
40
6161
40
6162
40
6163
40
6164
40
6165
40
6166
40
6167
40
6168
40
6169
40
6170
40
6171
40
6172
40
6173
40
6174
40
6175
40
6176
40
6177
40
6178
40
6179
40
6180
40
6181
40
6182
40
6183
40
6184
40
6185
40
6186
40
6187
40
6188
40
6189
40
6190
40
6191
40
6192
40
6193
40
6194
40
6195
40
6196
40
6197
40
6198
40
6199
40
6200
40
6201
40
6202
40
6203
40
6204
40
6205
40
6206
40
6207
40
6208
40
6209
40
6210
40
6211
40
6212
40
6213
40
6214
40
6215
40
6216
40
6217
40
6218
40
6219
40
6220
40
6221
40
6222
40
6223
40
6224
40
6225
40
6226
40
6227
40
6228
40
6229
40
6230
40
6231
40
6232
40
6233
40
6234
40
6235
40
6236
40
6237
40
6238
40
6239
40
6240
40
6241
40
6242
40
6243
40
6244
40
6245
40
6246
40
6247
40
6248
40
6249
40
6250
40
6251
40
6252
40
6253
40
6254
40
6255
40
6256
40
6257
40
6258
40
6259
40
6260
40
6261
40
6262
40
6263
40
6264
40
6265
40
6266
40
6267
40
6268
40
6269
40
6270
40
6271
40
6272
40
6273
40
6274
40
6275
40
6276
40
6277
40
6278
40
6279
40
6280
40
6281
40
6282
40
6282
40
6282
40
6282
10
21.3
20
0
30
0
10
21.300264307939724
20
-0.0473150086492903
30
0
10
21.30105631418997
20
-0.0945896768211208
30
0
10
21.302373274592348
20
-0.14178387553815242
30
0
10
21.304210643893747
20
-0.18885789628335037
30
0
10
21.30656211774072
20
-0.2357726549353443
30
0
10
21.3094196904427
20
-0.28248988830231164
30
0
10
21.312773727510415
20
-0.32897234103548145
30
0
10
21.316613051739985
20
-0.3751839409053798
30
0
10
21.32092504141118
20
-0.4210899606636079
30
0
10
21.325695739004214
20
-0.4666571649826173
30
0
10
21.33090996871633
20
-0.511853941257267
30
0
10
21.336551460979514
20
-0.5566504133562362
30
0
10
21.342602982142672
20
-0.6010185377199627
30
0
10
21.349046467485792
20
-0.6449321815064111
30
0
10
21.355863155775953
20
-0.6883671827790071
30
0
10
21.363033723652826
20
-0.7313013930057972
30
0
10
21.370538418238993
20
-0.773714702389684
30
0
10
21.378357186504115
20
-0.815589048772018
30
0
10
21.386469800064756
20
-0.8569084110427566
30
0
10
21.394855974269188
20
-0.8976587881478821
30
0
10
21.403495480592433
20
-0.9378281649081467
30
0
10
21.412368251546237
20
-0.9774064659527615
30
0
10
21.421454477487295
20
-1.0163854991287768
30
0
10
21.430734694879604
20
-1.0547588897736078
30
0
10
21.440189865731305
20
-1.0925220072372264
30
0
10
21.449801448078517
20
-1.1296718850151044
30
0
10
21.4595514575273
20
-1.1662071358064265
30
0
10
21.46942251998807
20
-1.202127862748063
30
0
10
21.47939791584386
20
-1.2374355679967204
30
0
10
21.48946161588423
20
-1.2721330597431333
30
0
10
21.499598309410885
20
-1.3062243586462117
30
0
10
21.50979342497959
20
-1.339714604574783
30
0
10
21.5200331442863
20
-1.3726099644425058
30
0
10
21.530304409735677
20
-1.4049175418199762
30
0
10
21.54059492624723
20
-1.43664528890894
30
0
10
21.550893157861115
20
-1.4678019213683913
30
0
10
21.56118831970238
20
-1.4983968363924152
30
0
10
21.57147036585139
20
-1.5284400343558397
30
0
10
21.581729973650077
20
-1.5579420442667038
30
0
10
21.59195852495084
20
-1.5869138531945954
30
0
10
21.60214808478709
20
-1.6153668397812555
30
0
10
21.61229137791438
20
-1.6433127118844082
30
0
10
21.622381763638483
20
-1.670763448357405
30
0
10
21.63241320931329
20
-1.6977312449257065
30
0
10
21.64238026285732
20
-1.724228464086038
30
0
10
21.652278024604
20
-1.7502675889248147
30
0
10
21.662102118767667
20
-1.775861180728718
30
0
10
21.671848664775567
20
-1.8010218402414928
30
0
10
21.681514248685417
20
-1.8257621724067705
30
0
10
21.691095894879652
20
-1.8500947544263435
30
0
10
21.700591038200375
20
-1.874032106956471
30
0
10
21.709997496664204
20
-1.8975866682609368
30
0
10
21.719313444873272
20
-1.9207707711383095
30
0
10
21.728537388217795
20
-1.9435966224417718
30
0
10
21.737668137946486
20
-1.9660762850125977
30
0
10
21.746704787164422
20
-1.9882216618525748
30
0
10
21.755646687802408
20
-2.0100444823660655
30
0
10
21.764493428588814
20
-2.0315562905087012
30
0
10
21.773244814042748
20
-2.0527684346867403
30
0
10
21.781900844497347
20
-2.0736920592585992
30
0
10
21.79046169715314
20
-2.094338097497925
30
0
10
21.798927708153524
20
-2.1147172658855515
30
0
10
21.80729935566844
20
-2.1348400596057533
30
0
10
21.815577243966565
20
-2.1547167491302246
30
0
10
21.823762088452185
20
-2.1743573777810763
30
0
10
21.831854701639216
20
-2.193771760171834
30
0
10
21.839855980032155
20
-2.212969481432855
30
0
10
21.847766891881424
20
-2.2319598971347023
30
0
10
21.85558846577915
20
-2.250752133829869
30
0
10
21.86332178006035
20
-2.2693550901397104
30
0
10
21.870967952973746
20
-2.287777438319589
30
0
10
21.878528133586407
20
-2.306027626241013
30
0
10
21.886003493386138
20
-2.3241138797349827
30
0
10
21.893395218546317
20
-2.342044205245828
30
0
10
21.900704502817995
20
-2.359826392749565
30
0
10
21.9079325410152
20
-2.3774680188951614
30
0
10
21.91508052305989
20
-2.3949764503312325
30
0
10
21.922149628554365
20
-2.4123588471843966
30
0
10
21.929141021849833
20
-2.4296221666590365
30
0
10
21.93605584758095
20
-2.4467731667313886
30
0
10
21.942895226637543
20
-2.463818409913807
30
0
10
21.94966025254578
20
-2.480764267067765
30
0
10
21.956351988232388
20
-2.497616921246573
30
0
10
21.96297146314674
20
-2.5143823715510583
30
0
10
21.96951967071691
20
-2.5310664369834766
30
0
10
21.975997566116924
20
-2.547674760286786
30
0
10
21.982406064323758
20
-2.564212811758074
30
0
10
21.988746038443704
20
-2.580685893026468
30
0
10
21.995018318288928
20
-2.5970991407872166
30
0
10
22.00122368918607
20
-2.613457530484867
30
0
10
22.007362890999847
20
-2.6297658799395798
30
0
10
22.013436617355655
20
-2.646028852911611
30
0
10
22.019445515046034
20
-2.662250962599897
30
0
10
22.025390183606916
20
-2.6784365750714567
30
0
10
22.031271175050378
20
-2.6945899126190582
30
0
10
22.03708899374146
20
-2.710715057045202
30
0
10
22.042844096407478
20
-2.7268159528710623
30
0
10
22.048536892268952
20
-2.742896410469496
30
0
10
22.05416774328197
20
-2.7589601091216767
30
0
10
22.059736964482568
20
-2.7750105999972914
30
0
10
22.065244824424276
20
-2.791051309058572
30
0
10
22.07069154570058
20
-2.8070855398887122
30
0
10
22.076077305544615
20
-2.8231164764454855
30
0
10
22.08140223649903
20
-2.8391471857410817
30
0
10
22.08666642714928
20
-2.8551806204493793
30
0
10
22.091869922914228
20
-2.871219621442
30
0
10
22.097012726888337
20
-2.887266920254637
30
0
10
22.10209480073005
20
-2.9033251414852734
30
0
10
22.107116065591477
20
-2.9193968051259347
30
0
10
22.112076403084806
20
-2.9354843288297676
30
0
10
22.116975656281124
20
-2.9515900301152085
30
0
10
22.121813630737744
20
-2.96771612850911
30
0
10
22.126590095550426
20
-2.983864747630676
30
0
10
22.13130478442703
20
-3.000037917218091
30
0
10
22.135957396779567
20
-3.016237575099718
30
0
10
22.140547598831628
20
-3.0324655691117606
30
0
10
22.145075024738706
20
-3.04872365896425
30
0
10
22.14953927771877
20
-3.0650135180572136
30
0
10
22.153939931190873
20
-3.081336735248841
30
0
10
22.158276529919757
20
-3.097694816577484
30
0
10
22.162548591164395
20
-3.114089186939218
30
0
10
22.16675560582878
20
-3.1305211917227393
30
0
10
22.17089703961326
20
-3.1469920984032775
30
0
10
22.17497233416494
20
-3.163503098097185
30
0
10
22.178980908225725
20
-3.1800553070788333
30
0
10
22.182922158776698
20
-3.196649768261378
30
0
10
22.186795462177756
20
-3.213287452642932
30
0
10
22.19060017530129
20
-3.22996926071964
30
0
10
22.19433563665902
20
-3.2466960238670772
30
0
10
22.198001167520964
20
-3.263468505691397
30
0
10
22.201596073025836
20
-3.2802874033515526
30
0
10
22.205119643282007
20
-3.2971533488539144
30
0
10
22.20857115445836
20
-3.3140669103205465
30
0
10
22.211949869864373
20
-3.331028593232347
30
0
10
22.215255041018928
20
-3.34803884164823
30
0
10
22.218485908707173
20
-3.3650980394014884
30
0
10
22.2216417040251
20
-3.3822065112744113
30
0
10
22.224721649411247
20
-3.3993645241522046
30
0
10
22.22772495966527
20
-3.4165722881572247
30
0
10
22.23065084295284
20
-3.43382995776448
30
0
10
22.233498501796742
20
-3.4511376328993317
30
0
10
22.236267134053644
20
-3.4684953600182826
30
0
10
22.23895593387649
20
-3.485903133173685
30
0
10
22.241564092662053
20
-3.5033608950632136
30
0
10
22.24409079998359
20
-3.5208685380648417
30
0
10
22.24653524450831
20
-3.5384259052581
30
0
10
22.2488966148995
20
-3.5560327914322984
30
0
10
22.251174100703142
20
-3.573688944082414
30
0
10
22.25336689321884
20
-3.591394064393273
30
0
10
22.255474186355023
20
-3.6091478082126476
30
0
10
22.257495177468208
20
-3.6269497870138645
30
0
10
22.25942906818623
20
-3.6447995688484665
30
0
10
22.261275065215408
20
-3.6626966792894775
30
0
10
22.263032381131534
20
-3.680640602365756
30
0
10
22.2647002351546
20
-3.6986307814879327
30
0
10
22.266277853907155
20
-3.7166666203663707
30
0
10
22.267764472156436
20
-3.734747483921597
30
0
10
22.269159333539907
20
-3.7528726991875976
30
0
10
22.27046169127451
20
-3.7710415562083646
30
0
10
22.2716708088493
20
-3.789253308928059
30
0
10
22.272785960701647
20
-3.807507176075143
30
0
10
22.273806432876867
20
-3.825802342040785
30
0
10
22.274731523671303
20
-3.844137957751857
30
0
10
22.27556054425884
20
-3.862513141538802
30
0
10
22.27629281930083
20
-3.880926979998641
30
0
10
22.276927687539455
20
-3.8993785288533775
30
0
10
22.27746450237446
20
-3.91786681380401
30
0
10
22.27790263242333
20
-3.9363908313804155
30
0
10
22.278241462064866
20
-3.9549495497872424
30
0
10
22.278480391966163
20
-3.9735419097460722
30
0
10
22.27861883959301
20
-3.9921668253339697
30
0
10
22.278656239703725
20
-4.010823184818608
30
0
10
22.278592044826443
20
-4.029509851490114
30
0
10
22.278425725719764
20
-4.048225664489762
30
0
10
22.278156771816985
20
-4.0669694396356535
30
0
10
22.27778469165368
20
-4.085739970245472
30
0
10
22.27730901327884
20
-4.104536027956443
30
0
10
22.27672928464948
20
-4.123356363542566
30
0
10
22.27604507400876
20
-4.142199707729208
30
0
10
22.275255970247628
20
-4.161064772005137
30
0
10
22.274361583250027
20
-4.179950249432041
30
0
10
22.27336154422161
20
-4.198854815451604
30
0
10
22.27225550600214
20
-4.217777128690162
30
0
10
22.27104314336134
20
-4.2367158317610025
30
0
10
22.269724153278478
20
-4.255669552064309
30
0
10
22.268298255205533
20
-4.274636902584792
30
0
10
22.266765191314015
20
-4.293616482687009
30
0
10
22.26512472672545
20
-4.312606878908391
30
0
10
22.263376649725572
20
-4.33160666574997
30
0
10
22.261520771962214
20
-4.350614406464802
30
0
10
22.259556928626914
20
-4.369628653844087
30
0
10
22.257484978620276
20
-4.3886479510009595
30
0
10
22.25530480470111
20
-4.407670832151927
30
0
10
22.253016313619344
20
-4.426695823395945
30
0
10
22.250619436232718
20
-4.445721443491089
30
0
10
22.248114127607355
20
-4.46474620462878
30
0
10
22.245500367102114
20
-4.48376861320556
30
0
10
22.242778158436877
20
-4.502787170592334
30
0
10
22.23994752974463
20
-4.521800373901053
30
0
10
22.237008533607497
20
-4.540806716748802
30
0
10
22.23396124707672
20
-4.55980469001922
30
0
10
22.230805771676497
20
-4.578792782621203
30
0
10
22.227542233391834
20
-4.597769482244859
30
0
10
22.22417078264036
20
-4.616733276114604
30
0
10
22.220691594228132
20
-4.6356826517394
30
0
10
22.217104867289418
20
-4.654616097660036
30
0
10
22.213410825210566
20
-4.673532104193377
30
0
10
22.20960971553788
20
-4.692429164173558
30
0
10
22.205701809869524
20
-4.711305773690025
30
0
10
22.20168740373157
20
-4.7301604328223625
30
0
10
22.1975668164381
20
-4.748991646371846
30
0
10
22.193340390935415
20
-4.7677979245896385
30
0
10
22.189008493630347
20
-4.7865777839015875
30
0
10
22.184571514202748
20
-4.805329747629526
30
0
10
22.180029865402098
20
-4.824052346709022
30
0
10
22.175383982828272
20
-4.842744120403521
30
0
10
22.170634324696504
20
-4.86140361701478
30
0
10
22.165781371586476
20
-4.880029394589575
30
0
10
22.160825626175694
20
-4.8986200216225795
30
0
10
22.155767612956954
20
-4.917174077755347
30
0
10
22.15060787794013
20
-4.935690154471381
30
0
10
22.145346988338076
20
-4.9541668557871725
30
0
10
22.139985532236835
20
-4.972602798939195
30
0
10
22.134524118250024
20
-4.990996615066768
30
0
10
22.12896337515747
20
-5.009346949890756
30
0
10
22.123303951528072
20
-5.027652464388035
30
0
10
22.11754651532692
20
-5.045911835461698
30
0
10
22.1116917535066
20
-5.0641237566069295
30
0
10
22.10574037158279
20
-5.082286938572528
30
0
10
22.09969309319404
20
-5.100400110018031
30
0
10
22.093550659645782
20
-5.11846201816641
30
0
10
22.087313829438553
20
-5.13647142945228
30
0
10
22.080983377780452
20
-5.154427130165663
30
0
10
22.07456009608373
20
-5.172327927091197
30
0
10
22.068044791445626
20
-5.190172648142843
30
0
10
22.06143828611331
20
-5.207960142994051
30
0
10
22.054741416932995
20
-5.225689283703384
30
0
10
22.047955034783197
20
-5.2433589653355925
30
0
10
22.04108000399201
20
-5.260968106578158
30
0
10
22.03411720173859
20
-5.278515650353313
30
0
10
22.02706751743854
20
-5.296000564425557
30
0
10
22.019931852113427
20
-5.3134218420047015
30
0
10
22.01271111774421
20
-5.330778502344459
30
0
10
22.005406236608614
20
-5.348069591336651
30
0
10
21.998018140602465
20
-5.365294182101061
30
0
10
21.99054777054481
20
-5.382451375570988
30
0
10
21.982996075466875
20
-5.399540301074598
30
0
10
21.975364011884817
20
-5.4165601169121205
30
0
10
21.96765254305613
20
-5.433510010928998
30
0
10
21.95986263821972
20
-5.450389201085079
30
0
10
21.95199527181962
20
-5.467196936019961
30
0
10
21.9440514227121
20
-5.483932495614617
30
0
10
21.936032073356394
20
-5.500595191549431
30
0
10
21.92793820898868
20
-5.517184367858777
30
0
10
21.91977081677943
20
-5.533699401482318
30
0
10
21.911530884973963
20
-5.550139702813203
30
0
10
21.903219402016163
20
-5.566504716243313
30
0
10
21.89483735565519
20
-5.5827939207058
30
0
10
21.886385732035265
20
-5.599006830215105
30
0
10
21.87786551476819
20
-5.615142994404719
30
0
10
21.869277683988706
20
-5.631201999062892
30
0
10
21.86062321539252
20
-5.647183466666619
30
0
10
21.85190307925685
20
-5.663087056914135
30
0
10
21.84311823944344
20
-5.678912467256251
30
0
10
21.834269652383878
20
-5.694659433426874
30
0
10
21.825358266047147
20
-5.710327729973023
30
0
10
21.816385018889257
20
-5.725917170784729
30
0
10
21.80735083878485
20
-5.7414276096252355
30
0
10
21.79825664194063
20
-5.756858940661864
30
0
10
21.789103331790518
20
-5.7722110989980475
30
0
10
21.77989179787239
20
-5.787484061206955
30
0
10
21.77062291468625
20
-5.802677845867234
30
0
10
21.76129754053374
20
-5.817792514101382
30
0
10
21.751916516338824
20
-5.832828170117295
30
0
10
21.742480664449513
20
-5.847784961753618
30
0
10
21.732990787420555
20
-5.862663081029467
30
0
10
21.723447666776877
20
-5.877462764699218
30
0
10
21.713852061757695
20
-5.892184294813021
30
0
10
21.704204708041196
20
-5.906827999283804
30
0
10
21.694506316449633
20
-5.9213942524614875
30
0
10
21.684757571634762
20
-5.935883475715261
30
0
10
21.674959130743417
20
-5.950296138024735
30
0
10
21.66511162206334
20
-5.964632756580878
30
0
10
21.655215643648912
20
-5.978893897397681
30
0
10
21.64527176192695
20
-5.99308017593553
30
0
10
21.635280510282414
20
-6.007192257737315
30
0
10
21.625242387623924
20
-6.021230859078372
30
0
10
21.615157856929237
20
-6.035196747631419
30
0
10
21.605027343770544
20
-6.04909074314764
30
0
10
21.594851234819664
20
-6.062913718155211
30
0
10
21.58462987633327
20
-6.076666598676582
30
0
10
21.574363572618083
20
-6.090350364965871
30
0
10
21.564052584476354
20
-6.103966052267835
30
0
10
21.553697127631665
20
-6.117514751599948
30
0
10
21.543297371135317
20
-6.130997610559122
30
0
10
21.532853435753623
20
-6.14441583415476
30
0
10
21.522365392336344
20
-6.1577706856699
30
0
10
21.51183326016674
20
-6.171063487552176
30
0
10
21.501257005293663
20
-6.18429562233658
30
0
10
21.49063653884624
20
-6.197468533601926
30
0
10
21.47997171533177
20
-6.210583726963119
30
0
10
21.46926233091755
20
-6.223642771101334
30
0
10
21.458508121697523
20
-6.236647298834377
30
0
10
21.447708761944536
20
-6.249599008229531
30
0
10
21.43686386234948
20
-6.2624996637612975
30
0
10
21.425972968248306
20
-6.275351097516577
30
0
10
21.41503555783849
20
-6.288155210449862
30
0
10
21.404051040386243
20
-6.300913973691192
30
0
10
21.39301875442637
20
-6.31362942990964
30
0
10
21.38193796595655
20
-6.326303694735253
30
0
10
21.370807866628162
20
-6.338938958242448
30
0
10
21.359627571936148
20
-6.351537486497994
30
0
10
21.3483961194103
20
-6.364101623176715
30
0
10
21.337112466811025
20
-6.376633791248279
30
0
10
21.325775490332727
20
-6.389136494738417
30
0
10
21.31438398281832
20
-6.401612320568066
30
0
10
21.302936651988745
20
-6.414063940473988
30
0
10
21.2914321186918
20
-6.4264941130144875
30
0
10
21.279868915174905
20
-6.438905685663952
30
0
10
21.268245483387
20
-6.451301596999969
30
0
10
21.256560173315215
20
-6.463684878986806
30
0
10
21.244811241362456
20
-6.47605865935913
30
0
10
21.232996848772636
20
-6.488426164109813
30
0
10
21.221115060111046
20
-6.500790720085659
30
0
10
21.209163841807715
20
-6.513155757694924
30
0
10
21.197141060772708
20
-6.52552481373039
30
0
10
21.18504448309283
20
-6.537901534311725
30
0
10
21.17287177282009
20
-6.550289677950687
30
0
10
21.160620490863284
20
-6.5626931187426765
30
0
10
21.148288093994882
20
-6.575115849687851
30
0
10
21.13587193398653
20
-6.5875619861448245
30
0
10
21.123369256887568
20
-6.600035769419713
30
0
10
21.11077720246209
20
-6.612541570492828
30
0
10
21.098092803801407
20
-6.625083893884983
30
0
10
21.085312987130095
20
-6.637667381664839
30
0
10
21.072434571825188
20
-6.650296817598115
30
0
10
21.05945427066966
20
-6.662977131438762
30
0
10
21.046368690362915
20
-6.6757134033615015
30
0
10
21.033174332312687
20
-6.688510868534033
30
0
10
21.019867593734546
20
-6.70137492182634
30
0
10
21.00644476908717
20
-6.714311122653155
30
0
10
20.9929020518733
20
-6.727325199944367
30
0
10
20.97923553683862
20
-6.740423057236535
30
0
10
20.96544122260282
20
-6.753610777876955
30
0
10
20.95151501475921
20
-6.766894630329724
30
0
10
20.937452729481894
20
-6.780281073571003
30
0
10
20.923250097681436
20
-6.793776762558277
30
0
10
20.90890276975278
20
-6.807388553755543
30
0
10
20.894406320961306
20
-6.821123510693372
30
0
10
20.879756257515684
20
-6.834988909539337
30
0
10
20.864948023378233
20
-6.848992244650546
30
0
10
20.84997700786647
20
-6.863141234075913
30
0
10
20.834838554101367
20
-6.87744382497118
30
0
10
20.819527968360347
20
-6.891908198884785
30
0
10
20.80404053039524
20
-6.906542776867184
30
0
10
20.788371504777047
20
-6.92135622435036
30
0
10
20.772516153331225
20
-6.936357455737774
30
0
10
20.756469748728446
20
-6.951555638638152
30
0
10
20.74022758929655
20
-6.966960197668959
30
0
10
20.723785015120004
20
-6.9825808177474915
30
0
10
20.70713742549286
20
-6.998427446778944
30
0
10
20.69028029779025
20
-7.014510297641751
30
0
10
20.673209207821802
20
-7.030839849360986
30
0
10
20.655919851727624
20
-7.047426847350525
30
0
10
20.638408069473623
20
-7.06428230259429
30
0
10
20.620669869997922
20
-7.081417489626021
30
0
10
20.602701458053577
20
-7.098843943156052
30
0
10
20.584499262784707
20
-7.11657345318224
30
0
10
20.56605996806309
20
-7.134618058411081
30
0
10
20.547380544600575
20
-7.152990037803877
30
0
10
20.52845828383835
20
-7.171701900052201
30
0
10
20.509290833597763
20
-7.1907663707767
30
0
10
20.489876235458222
20
-7.210196377234195
30
0
10
20.47021296380606
20
-7.230005030309929
30
0
10
20.45029996647339
20
-7.2502056035654485
30
0
10
20.43013670685843
20
-7.270811509108256
30
0
10
20.40972320738769
20
-7.291836270047374
30
0
10
20.389060094146746
20
-7.313293489300134
30
0
10
20.368148642468853
20
-7.3351968145200415
30
0
10
20.346990823230662
20
-7.35755989892448
30
0
10
20.32558934956111
20
-7.38039635781446
30
0
10
20.30394772362399
20
-7.403719720597752
30
0
10
20.28207028308687
20
-7.4275433781517615
30
0
10
20.2599622468395
20
-7.45188052539438
30
0
10
20.237629759474594
20
-7.476744098970258
30
0
10
20.215079933993383
20
-7.502146710007026
30
0
10
20.19232089214872
20
-7.528100571951468
30
0
10
20.169361801791425
20
-7.5546174235598915
30
0
10
20.146212910541543
20
-7.581708447189997
30
0
10
20.122885575067727
20
-7.609384182623501
30
0
10
20.099392285225854
20
-7.637654436739327
30
0
10
20.0757466822851
20
-7.666528189455823
30
0
10
20.051963570456707
20
-7.696013496466059
30
0
10
20.02805892094093
20
-7.726117389402019
30
0
10
20.004049867721907
20
-7.756845774179117
30
0
10
19.979954694371138
20
-7.78820332839061
30
0
10
19.955792811169097
20
-7.82019339873882
30
0
10
19.93158472192306
20
-7.852817899604508
30
0
10
19.90735197994818
20
-7.886077213963275
30
0
10
19.8831171327891
20
-7.919970097955336
30
0
10
19.858903655390712
20
-7.954493590498356
30
0
10
19.83473587157881
20
-7.989642929398162
30
0
10
19.810638863882286
20
-8.025411475455227
30
0
10
19.78663837191663
20
-8.061790646081887
30
0
10
19.76276067975053
20
-8.098769859932583
30
0
10
19.739032492889198
20
-8.13633649400437
30
0
10
19.715480805725292
20
-8.174475854584637
30
0
10
19.692132760525688
20
-8.213171163306521
30
0
10
19.66901549923334
20
-8.252403559418966
30
0
10
19.646156009562468
20
-8.292152119188994
30
0
10
19.623580967045232
20
-8.332393893130384
30
0
10
19.601316574842656
20
-8.373103961499096
30
0
10
19.579388403256008
20
-8.414255508216174
30
0
10
19.557821230961206
20
-8.455819913079772
30
0
10
19.536638890034165
20
-8.49776686181608
30
0
10
19.515864116835527
20
-8.540064473202774
30
0
10
19.495518410777457
20
-8.582679442186452
30
0
10
19.475621902902134
20
-8.625577197616355
30
0
10
19.456193236063402
20
-8.668722072939472
30
0
10
19.43724945832149
20
-8.71207748795498
30
0
10
19.41880593094137
20
-8.755606139516544
30
0
10
19.400876252133237
20
-8.799270198905951
30
0
10
19.38347219739606
20
-8.843031513485125
30
0
10
19.366603677030522
20
-8.88685181016991
30
0
10
19.35027871108346
20
-8.93069289825893
30
0
10
19.33450342168201
20
-8.974516869194249
30
0
10
19.319282042419534
20
-9.018286290925351
30
0
10
19.304616944175603
20
-9.061964394690253
30
0
10
19.29050867649603
20
-9.105515252211763
30
0
10
19.276956023431826
20
-9.148903941527161
30
0
10
19.26395607254322
20
-9.192096699917801
30
0
10
19.251504295619856
20
-9.235061062673818
30
0
10
19.239594639552596
20
-9.277765986710062
30
0
10
19.228219625716868
20
-9.320181958334441
30
0
10
19.217370456191457
20
-9.362281084751633
30
0
10
19.20703712513745
20
-9.40403716915654
30
0
10
19.19720853369742
20
-9.445425769527024
30
0
10
19.18787260684068
20
-9.48642424145945
30
0
10
19.179016410671906
20
-9.527011765599092
30
0
10
19.1706262688336
20
-9.567169360398447
30
0
10
19.162687876761986
20
-9.60687988108758
30
0
10
19.155186412696874
20
-9.646128005861769
30
0
10
19.14810664449368
20
-9.684900210382848
30
0
10
19.141433031436275
20
-9.723184731753229
30
0
10
19.135149820398574
20
-9.760971523157062
30
0
10
19.129241135847455
20
-9.798252200374144
30
0
10
19.123691063317363
20
-9.83501998136109
30
0
10
19.118483726115183
20
-9.871269620064547
30
0
10
19.113603355131264
20
-9.906997335585256
30
0
10
19.109034351737744
20
-9.942200737752907
30
0
10
19.104761343848114
20
-9.976878750102848
30
0
10
19.100769235291526
20
-10.01103153116944
30
0
10
19.097043248722613
20
-10.04466039492972
30
0
10
19.093568962342243
20
-10.077767731147537
30
0
10
19.090332340748077
20
-10.110356926283858
30
0
10
19.087319760266126
20
-10.142432285555996
30
0
10
19.084518029137357
20
-10.173998956647567
30
0
10
19.081914402947476
20
-10.205062855493942
30
0
10
19.079496595694202
20
-10.235630594495124
30
0
10
19.07725278688627
20
-10.265709413440218
30
0
10
19.07517162506246
20
-10.295307113365423
30
0
10
19.073242228108505
20
-10.324431993510638
30
0
10
19.071454180735657
20
-10.353092791489003
30
0
10
19.069797529467483
20
-10.381298626738298
30
0
10
19.06826277546244
20
-10.409058947283354
30
0
10
19.066840865479016
20
-10.436383479804205
30
0
10
19.0655231812687
20
-10.463282182975025
30
0
10
19.064301527659918
20
-10.489765204014182
30
0
10
19.063168119574243
20
-10.515842838364868
30
0
10
19.062115568194244
20
-10.541525492409253
30
0
10
19.061136866481355
20
-10.566823649105634
30
0
10
19.060225374221936
20
-10.591747836428093
30
0
10
19.059374802760026
20
-10.616308598480742
30
0
10
19.058579199557425
20
-10.64051646915369
30
0
10
19.05783293270427
20
-10.6643819481851
30
0
10
19.05713067548764
20
-10.687915479492561
30
0
10
19.05646739111085
20
-10.711127431637584
30
0
10
19.055838317642692
20
-10.734028080288676
30
0
10
19.05523895326355
20
-10.756627592551338
30
0
10
19.05466504186422
20
-10.778936013036866
30
0
10
19.054112559043034
20
-10.800963251546241
30
0
10
19.053577698538213
20
-10.822719072250077
30
0
10
19.05305685912386
20
-10.844213084250867
30
0
10
19.05254663199134
20
-10.86545473341917
30
0
10
19.0520437886312
20
-10.886453295400917
30
0
10
19.051545269225446
20
-10.907217869698735
30
0
10
19.05104817155515
20
-10.927757374735808
30
0
10
19.050549740424195
20
-10.94808054381633
30
0
10
19.050047357596537
20
-10.968195921902181
30
0
10
19.049538532241296
20
-10.988111863130735
30
0
10
19.049020891877362
20
-11.007836529003827
30
0
10
19.048492173807343
20
-11.02737788718297
30
0
10
19.04795021702872
20
-11.046743710830587
30
0
10
19.04739295460887
20
-11.065941578441503
30
0
10
19.046818406509423
20
-11.084978874113366
30
0
10
19.04622467284471
20
-11.103862788208604
30
0
10
19.045609927558328
20
-11.122600318364343
30
0
10
19.044972412501664
20
-11.141198270810431
30
0
10
19.044310431897692
20
-11.159663261958885
30
0
10
19.043622347173645
20
-11.178001720231398
30
0
10
19.04290657214591
20
-11.19621988809434
30
0
10
19.042161568540756
20
-11.21432382427351
30
0
10
19.04138584183486
20
-11.232319406123338
30
0
10
19.04057793739967
20
-11.250212332127669
30
0
10
19.03973643693421
20
-11.268008124511336
30
0
10
19.03885995517129
20
-11.285712131943832
30
0
10
19.037947136842508
20
-11.303329532318108
30
0
10
19.036996653887943
20
-11.320865335589362
30
0
10
19.036007202896915
20
-11.338324386660135
30
0
10
19.034977502766765
20
-11.355711368299508
30
0
10
19.033906292567035
20
-11.373030804085456
30
0
10
19.032792329597033
20
-11.390287061360745
30
0
10
19.03163438762526
20
-11.407484354193619
30
0
10
19.030431255299668
20
-11.424626746335797
30
0
10
19.029181734718282
20
-11.44171815417096
30
0
10
19.027884640150184
20
-11.4587623496479
30
0
10
19.026538796897366
20
-11.47576296319321
30
0
10
19.025143040288373
20
-11.492723486598976
30
0
10
19.02369621479524
20
-11.509647275881754
30
0
10
19.022197173265535
20
-11.526537554109451
30
0
10
19.0206447762618
20
-11.543397414193365
30
0
10
19.01903789150122
20
-11.560229821643066
30
0
10
19.017375393388427
20
-11.57703761728218
30
0
10
19.015656162635153
20
-11.59382351992351
30
0
10
19.013879085960358
20
-11.610590129002286
30
0
10
19.012043055865238
20
-11.627339927166618
30
0
10
19.01014697047745
20
-11.644075282824383
30
0
10
19.00818973345952
20
-11.660798452646233
30
0
10
19.006170253976514
20
-11.677511584024355
30
0
10
19.004087446718366
20
-11.694216717487018
30
0
10
19.001940231972572
20
-11.710915789068926
30
0
10
18.999727535743247
20
-11.727610632637647
30
0
10
18.99744828991256
20
-11.744302982176517
30
0
10
18.99510143244113
20
-11.760994474024354
30
0
10
18.992685907603914
20
-11.7776866490727
30
0
10
18.990200666258378
20
-11.794380954921097
30
0
10
18.98764466614207
20
-11.811078747991125
30
0
10
18.985016872196663
20
-11.827781295599996
30
0
10
18.982316256915965
20
-11.844489777994436
30
0
10
18.979541800715285
20
-11.86120529034574
30
0
10
18.97669249232
20
-11.877928844706837
30
0
10
18.97376732917092
20
-11.894661371932248
30
0
10
18.97076531784468
20
-11.91140372356186
30
0
10
18.967685474486974
20
-11.928156673669395
30
0
10
18.964526825257014
20
-11.944920920676534
30
0
10
18.96128840678146
20
-11.961697089133576
30
0
10
18.95796926661624
20
-11.978485731467572
30
0
10
18.954568463714743
20
-11.995287329698842
30
0
10
18.951085068901108
20
-12.012102297126777
30
0
10
18.947518165347137
20
-12.02893097998582
30
0
10
18.94386684905177
20
-12.045773659072509
30
0
10
18.940130229321888
20
-12.062630551344428
30
0
10
18.936307429253368
20
-12.079501811491962
30
0
10
18.932397586211433
20
-12.09638753348361
30
0
10
18.928399852309333
20
-12.113287752085782
30
0
10
18.924313394884457
20
-12.130202444357714
30
0
10
18.920137396971093
20
-12.147131531122442
30
0
10
18.915871057769
20
-12.164074878414462
30
0
10
18.911513593107177
20
-12.181032298904837
30
0
10
18.907064235902002
20
-12.198003553304522
30
0
10
18.902522236609247
20
-12.214988351746454
30
0
10
18.897886863669317
20
-12.231986355147226
30
0
10
18.89315740394514
20
-12.248997176548846
30
0
10
18.888333163152247
20
-12.266020382441306
30
0
10
18.883413466280487
20
-12.283055494066476
30
0
10
18.878397658007017
20
-12.300101988703931
30
0
10
18.87328510310005
20
-12.317159300939283
30
0
10
18.868075186813016
20
-12.334226823915472
30
0
10
18.862767315268822
20
-12.351303910567612
30
0
10
18.857360915833727
20
-12.368389874841816
30
0
10
18.85185543748066
20
-12.385483992898505
30
0
10
18.846250351141567
20
-12.402585504300605
30
0
10
18.840545150048655
20
-12.419693613187087
30
0
10
18.834739350064076
20
-12.436807489432267
30
0
10
18.828832489998
20
-12.453926269791227
30
0
10
18.822824131914725
20
-12.471049059031715
30
0
10
18.81671386142673
20
-12.488174931052924
30
0
10
18.810501287976336
20
-12.505302929991453
30
0
10
18.804186045104963
20
-12.522432071314746
30
0
10
18.79776779070968
20
-12.53956134290235
30
0
10
18.79124620728698
20
-12.556689706115254
30
0
10
18.78462100216363
20
-12.573816096853585
30
0
10
18.777891907714412
20
-12.590939426602901
30
0
10
18.77105868156673
20
-12.608058583469324
30
0
10
18.764121106791862
20
-12.62517243320377
30
0
10
18.75707899208293
20
-12.642279820215428
30
0
10
18.749932171919273
20
-12.659379568574721
30
0
10
18.742680506717345
20
-12.676470483005952
30
0
10
18.735323882967943
20
-12.693551349869754
30
0
10
18.72786221335976
20
-12.710620938135552
30
0
10
18.72029543688917
20
-12.72767800034416
30
0
10
18.712623518956224
20
-12.744721273560662
30
0
10
18.704846451446798
20
-12.761749480317683
30
0
10
18.696964252800814
20
-12.778761329549226
30
0
10
18.688976968066598
20
-12.795755517515076
30
0
10
18.680884668941232
20
-12.81273072871598
30
0
10
18.672687453796986
20
-12.829685636799626
30
0
10
18.6643854476937
20
-12.8466189054575
30
0
10
18.65597880237721
20
-12.863529189312723
30
0
10
18.64746769626374
20
-12.880415134798914
30
0
10
18.638852334410235
20
-12.897275381030108
30
0
10
18.63013294847077
20
-12.914108560661834
30
0
10
18.62130979663881
20
-12.930913300743335
30
0
10
18.61238316357556
20
-12.947688223560993
30
0
10
18.60335336032426
20
-12.964431947472987
30
0
10
18.594220724210466
20
-12.981143087735179
30
0
10
18.584985618728417
20
-12.997820257318287
30
0
10
18.57564843341334
20
-13.014462067716286
30
0
10
18.5662095836999
20
-13.031067129746132
30
0
10
18.55666951076668
20
-13.047634054338713
30
0
10
18.547028681366772
20
-13.064161453321063
30
0
10
18.53728758764448
20
-13.080647940189882
30
0
10
18.52744674693821
20
-13.097092130876215
30
0
10
18.517506701569513
20
-13.113492644501399
30
0
10
18.507468018618372
20
-13.12984810412419
30
0
10
18.497331289684702
20
-13.146157137479062
30
0
10
18.487097130636172
20
-13.162418377705611
30
0
10
18.476766181342338
20
-13.1786304640691
30
0
10
18.466339105395093
20
-13.194792042672047
30
0
10
18.45581658981559
20
-13.210901767156846
30
0
10
18.445199344747518
20
-13.226958299399355
30
0
10
18.434488103136907
20
-13.242960310193444
30
0
10
18.42368362039839
20
-13.258906479926445
30
0
10
18.41278667406813
20
-13.2747954992454
30
0
10
18.401798063443195
20
-13.290626069714156
30
0
10
18.39071860920768
20
-13.306396904461174
30
0
10
18.379549153045474
20
-13.32210672881804
30
0
10
18.368290557239742
20
-13.337754280948609
30
0
10
18.35694370425917
20
-13.35333831246874
30
0
10
18.345509496331047
20
-13.368857589056535
30
0
10
18.333988855001138
20
-13.384310891053087
30
0
10
18.32238272068051
20
-13.399697014053597
30
0
10
18.310692052179206
20
-13.41501476948889
30
0
10
18.298917826226976
20
-13.430262985197212
30
0
10
18.287061036980933
20
-13.445440505986255
30
0
10
18.275122695520324
20
-13.460546194185419
30
0
10
18.263103829328312
20
-13.475578930188139
30
0
10
18.251005481760934
20
-13.490537612984356
30
0
10
18.238828711503185
20
-13.505421160682957
30
0
10
18.226574592012277
20
-13.520228511024225
30
0
10
18.214244210948117
20
-13.53495862188216
30
0
10
18.201838669591023
20
-13.549610471756713
30
0
10
18.18935908224677
20
-13.564183060255813
30
0
10
18.176806575638796
20
-13.578675408567156
30
0
10
18.164182288287876
20
-13.593086559919733
30
0
10
18.15148736987904
20
-13.607415580035024
30
0
10
18.138722980615867
20
-13.621661557567837
30
0
10
18.125890290562158
20
-13.63582360453675
30
0
10
18.112990478970996
20
-13.64990085674411
30
0
10
18.10002473360116
20
-13.663892474185536
30
0
10
18.086994250020982
20
-13.677797641448995
30
0
10
18.07390023089955
20
-13.691615568103245
30
0
10
18.06074388528536
20
-13.705345489075814
30
0
10
18.04752642787228
20
-13.718986665020362
30
0
10
18.034249078252973
20
-13.732538382673471
30
0
10
18.020913060159625
20
-13.745999955200812
30
0
10
18.007519600692024
20
-13.759370722532745
30
0
10
17.99406992953296
20
-13.772650051689261
30
0
10
17.980565278150937
20
-13.785837337094348
30
0
10
17.967006878990077
20
-13.798932000879747
30
0
10
17.953395964647303
20
-13.811933493178108
30
0
10
17.93973376703665
20
-13.824841292405592
30
0
10
17.926021516540693
20
-13.837654905533908
30
0
10
17.91226044114902
20
-13.850373868351848
30
0
10
17.898451765583733
20
-13.862997745716347
30
0
10
17.884596710411834
20
-13.875526131793091
30
0
10
17.870696491144454
20
-13.887958650286754
30
0
10
17.856752317322837
20
-13.900294954660922
30
0
10
17.842765391591005
20
-13.912534728347737
30
0
10
17.828736908754955
20
-13.924677684947389
30
0
10
17.814668054828296
20
-13.9367235684175
30
0
10
17.800560006064273
20
-13.948672153252515
30
0
10
17.786413927973925
20
-13.960523244653187
30
0
10
17.772230974330352
20
-13.972276678686319
30
0
10
17.758012286158912
20
-13.983932322434798
30
0
10
17.743758990713168
20
-13.995490074138178
30
0
10
17.72947220043644
20
-14.006949863323841
30
0
10
17.71515301190881
20
-14.01831165092901
30
0
10
17.700802504779364
20
-14.029575429413683
30
0
10
17.686421740683482
20
-14.04074122286477
30
0
10
17.672011762145
20
-14.051809087091604
30
0
10
17.657573591462967
20
-14.062779109712999
30
0
10
17.643108229582833
20
-14.073651410236188
30
0
10
17.628616654951827
20
-14.084426140127803
30
0
10
17.61409982235817
20
-14.095103482877235
30
0
10
17.599558661754052
20
-14.105683654052633
30
0
10
17.584994077061875
20
-14.116166901349857
30
0
10
17.57040694496368
20
-14.126553504634721
30
0
10
17.555798113673298
20
-14.1368437759789
30
0
10
17.541168401691017
20
-14.147038059689836
30
0
10
17.52651859654042
20
-14.157136732335097
30
0
10
17.511849453487
20
-14.16714020276159
30
0
10
17.497161694238276
20
-14.177048912110081
30
0
10
17.482456005625025
20
-14.186863333825533
30
0
10
17.46773303826323
20
-14.196583973663754
30
0
10
17.4529934051964
20
-14.206211369694921
30
0
10
17.438237680517833
20
-14.215746092304565
30
0
10
17.42346639797243
20
-14.225188744192604
30
0
10
17.40868004953763
20
-14.234539960371135
30
0
10
17.393879083983066
20
-14.243800408161642
30
0
10
17.37906390540846
20
-14.252970787192362
30
0
10
17.364234871759287
20
-14.262051829396608
30
0
10
17.349392293319873
20
-14.271044299012882
30
0
10
17.334536431183313
20
-14.279948992587624
30
0
10
17.31966749569782
20
-14.288766738981565
30
0
10
17.304785644889023
20
-14.297498399380657
30
0
10
17.289890982857685
20
-14.306144867312625
30
0
10
17.274983558152467
20
-14.314707068670243
30
0
10
17.260063362117116
20
-14.323185961742489
30
0
10
17.245130327211708
20
-14.331582537254869
30
0
10
17.23018432530743
20
-14.339897818420155
30
0
10
17.215225165954433
20
-14.34813286100094
30
0
10
17.200252594622324
20
-14.356288753385517
30
0
10
17.18526629091279
20
-14.364366616678563
30
0
10
17.17026586674407
20
-14.37236760480829
30
0
10
17.155250864506684
20
-14.380292904651833
30
0
10
17.14022075519023
20
-14.388143736180602
30
0
10
17.12517493648077
20
-14.395921352627633
30
0
10
17.110112730828607
20
-14.403627040678902
30
0
10
17.095033383486076
20
-14.41126212069076
30
0
10
17.079936060515298
20
-14.418827946935785
30
0
10
17.064819846765612
20
-14.426325907879438
30
0
10
17.049683743820673
20
-14.433757426489986
30
0
10
17.03452666791521
20
-14.441123960584457
30
0
10
17.01934744782155
20
-14.448427003213348
30
0
10
17.00414482270605
20
-14.45566808308703
30
0
10
16.988917439955767
20
-14.462848765047099
30
0
10
16.97366385297585
20
-14.46997065058574
30
0
10
16.958382518958107
20
-14.47703537841675
30
0
10
16.943071796621588
20
-14.484044625101697
30
0
10
16.927729943926057
20
-14.49100010573516
30
0
10
16.912355115759397
20
-14.49790357469294
30
0
10
16.896945361600427
20
-14.504756826447508
30
0
10
16.881498623158492
20
-14.511561696455152
30
0
10
16.866012731991862
20
-14.51832006211936
30
0
10
16.850485407106927
20
-14.52503384383535
30
0
10
16.83491425254075
20
-14.53170500612082
30
0
10
16.8192967549297
20
-14.53833555883829
30
0
10
16.80363028106752
20
-14.544927558514432
30
0
10
16.787912075456347
20
-14.551483109762414
30
0
10
16.772139257854917
20
-14.558004366813133
30
0
10
16.756308820828583
20
-14.564493535161708
30
0
10
16.74041762730637
20
-14.570952873335793
30
0
10
16.72446240815101
20
-14.57738469479251
30
0
10
16.70843975974835
20
-14.583791369951003
30
0
10
16.69234614162367
20
-14.590175328368037
30
0
10
16.67617787409284
20
-14.596539061064039
30
0
10
16.659931135957404
20
-14.602885123007454
30
0
10
16.643601962253655
20
-14.609216135765337
30
0
10
16.62718624206654
20
-14.615534790328425
30
0
10
16.610679716420837
20
-14.621843850118958
30
0
10
16.594077976262785
20
-14.62814615418983
30
0
10
16.577376460547057
20
-14.634444620623666
30
0
10
16.56057045444524
20
-14.640742250140548
30
0
10
16.543655087693637
20
-14.647042129923014
30
0
10
16.52662533309966
20
-14.653347437667225
30
0
10
16.509476005228382
20
-14.659661445868691
30
0
10
16.492201759292076
20
-14.665987526351216
30
0
10
16.474797090268343
20
-14.672329155047043
30
0
10
16.457256332274152
20
-14.678689917036213
30
0
10
16.439573658225715
20
-14.685073511852393
30
0
10
16.421743079816704
20
-14.691483759061962
30
0
10
16.40375844784982
20
-14.697924604122383
30
0
10
16.385613452959802
20
-14.7044001245249
30
0
10
16.36730162676883
20
-14.710914536225573
30
0
10
16.34881634351852
20
-14.717472200367258
30
0
10
16.330150822226123
20
-14.724077630293563
30
0
10
16.311298129415867
20
-14.730735498854084
30
0
10
16.29225118248031
20
-14.737450645997914
30
0
10
16.27300275373009
20
-14.744228086650024
30
0
10
16.25354547519452
20
-14.75107301886233
30
0
10
16.233871844239555
20
-14.757990832227888
30
0
10
16.21397423007353
20
-14.764987116543043
30
0
10
16.193844881215455
20
-14.772067670698197
30
0
10
16.17347593400463
20
-14.779238511773068
30
0
10
16.15285942223451
20
-14.786505884307171
30
0
10
16.13198728799765
20
-14.79387626971026
30
0
10
16.110851393832597
20
-14.801356395770998
30
0
10
16.089443536266888
20
-14.808953246214829
30
0
10
16.067755460853746
20
-14.816674070254157
30
0
10
16.045778878802828
20
-14.82452639206512
30
0
10
16.023505485307474
20
-14.832518020115664
30
0
10
16.000926979672585
20
-14.840657056259449
30
0
10
15.978035087347738
20
-14.848951904498666
30
0
10
15.95482158396992
20
-14.857411279307048
30
0
10
15.931278321518507
20
-14.86604421339132
30
0
10
15.907397256682124
20
-14.874860064755804
30
0
10
15.883170481532359
20
-14.883868522920434
30
0
10
15.858590256592548
20
-14.893079614127483
30
0
10
15.83364904638112
20
-14.90250370535663
30
0
10
15.808339557497776
20
-14.912151506952105
30
0
10
15.782654779306613
20
-14.922034073649431
30
0
10
15.756588027253475
20
-14.93216280377318
30
0
10
15.730132988834203
20
-14.942549436361201
30
0
10
15.703283772206749
20
-14.95320604595577
30
0
10
15.676034957411899
20
-14.964145034787814
30
0
10
15.648381650135674
20
-14.975379122067794
30
0
10
15.620319537909898
20
-14.986921330086242
30
0
10
15.591844948606578
20
-14.998784966818969
30
0
10
15.562954911036474
20
-15.010983604727242
30
0
10
15.53364721741212
20
-15.023531055442657
30
0
10
15.503920487381128
20
-15.036441340030347
30
0
10
15.473774233277073
20
-15.04972865453418
30
0
10
15.443208926172877
20
-15.06340733052333
30
0
10
15.412226062255835
20
-15.077491790383455
30
0
10
15.38082822897563
20
-15.091996497127
30
0
10
15.349019170347086
20
-15.106935898537849
30
0
10
15.316803850719742
20
-15.122324365515581
30
0
10
15.284188516257954
20
-15.138176124545115
30
0
10
15.2511807533097
20
-15.154505184288524
30
0
10
15.217789542781711
20
-15.171325256377742
30
0
10
15.18402530958494
20
-15.188649670579663
30
0
10
15.149899966170205
20
-15.206491284608333
30
0
10
15.11542694914162
20
-15.224862388971472
30
0
10
15.080621247917303
20
-15.243774607360143
30
0
10
15.045499424406112
20
-15.263238793218129
30
0
10
15.010079622687678
20
-15.283264923260305
30
0
10
14.97438156772318
20
-15.303861988843924
30
0
10
14.938426552188425
20
-15.325037886230326
30
0
10
14.902237410610113
20
-15.3467993069032
30
0
10
14.865838480101546
20
-15.369151629229782
30
0
10
14.829255547136093
20
-15.392098812858372
30
0
10
14.792515779964742
20
-15.415643297335283
30
0
10
14.755647646476374
20
-15.439785906492158
30
0
10
14.718680817514002
20
-15.464525760195993
30
0
10
14.68164605589333
20
-15.48986019506566
30
0
10
14.644575091617206
20
-15.51578469573613
30
0
10
14.607500484035798
20
-15.542292838193035
30
0
10
14.570455471960745
20
-15.569376246603198
30
0
10
14.533473812996213
20
-15.597024564931294
30
0
10
14.496589613592162
20
-15.625225444459293
30
0
10
14.459837151549092
20
-15.653964548115942
30
0
10
14.423250692900533
20
-15.683225572281664
30
0
10
14.3868643052632
20
-15.712990286464766
30
0
10
14.350711669869012
20
-15.74323859095422
30
0
10
14.314825894572467
20
-15.773948592248743
30
0
10
14.279239330157635
20
-15.805096695751
30
0
10
14.243983392249314
20
-15.836657714906607
30
0
10
14.209088391061364
20
-15.868604995670154
30
0
10
14.174583371094137
20
-15.900910554902582
30
0
10
14.140495962724247
20
-15.933545231054795
30
0
10
14.106852247418908
20
-15.96647884527787
30
0
10
14.07367663805969
20
-15.999680370927287
30
0
10
14.040991775583793
20
-16.033118109301657
30
0
10
14.008818442853347
20
-16.06675986937837
30
0
10
13.977175496353272
20
-16.100573149280844
30
0
10
13.946079816004868
20
-16.134525317234196
30
0
10
13.915546273074114
20
-16.1685837898359
30
0
10
13.885587715858783
20
-16.20271620558168
30
0
10
13.856214972564308
20
-16.236890591739986
30
0
10
13.827436870530732
20
-16.271075522854222
30
0
10
13.799260270757458
20
-16.305240269364415
30
0
10
13.771690116491863
20
-16.339354935071757
30
0
10
13.744729494504838
20
-16.37339058241309
30
0
10
13.718379707571508
20
-16.407319344760964
30
0
10
13.692640356608187
20
-16.441114525212136
30
0
10
13.667509430885962
20
-16.474750681566032
30
0
10
13.642983404743768
20
-16.508203697421347
30
0
10
13.61905733925732
20
-16.541450839527293
30
0
10
13.59572498737944
20
-16.57447080171439
30
0
10
13.57297890114952
20
-16.60724373589469
30
0
10
13.55081053966958
20
-16.639751270761398
30
0
10
13.529210376657687
20
-16.67197651893346
30
0
10
13.508168006512408
20
-16.703904073380674
30
0
10
13.487672247950183
20
-16.735519994031016
30
0
10
13.467711244407724
20
-16.766811785505265
30
0
10
13.44827256053061
20
-16.797768366946393
30
0
10
13.429343274194549
20
-16.828380034914883
30
0
10
13.410910063625035
20
-16.858638420308267
30
0
10
13.392959289292815
20
-16.88853644023642
30
0
10
13.375477070365351
20
-16.91806824574554
30
0
10
13.358449355587496
20
-16.947229166236024
30
0
10
13.341861988547508
20
-16.97601565136457
30
0
10
13.325700767356933
20
-17.004425211161017
30
0
10
13.309951498835428
20
-17.03245635502725
30
0
10
13.29460004734378
20
-17.06010853022097
30
0
10
13.279632378451717
20
-17.087382060362472
30
0
10
13.26503459766139
20
-17.114278084438574
30
0
10
13.250792984433748
20
-17.140798496716457
30
0
10
13.236894021784368
20
-17.16694588792099
30
0
10
13.223324421727947
20
-17.192723487973666
30
0
10
13.210071146857835
20
-17.218135110539347
30
0
10
13.197121428349309
20
-17.243185099579282
30
0
10
13.184462780673526
20
-17.267878278065147
30
0
10
13.172083013303748
20
-17.29221989896953
30
0
10
13.159970239687542
20
-17.316215598612956
30
0
10
13.148112883748357
20
-17.339871352416342
30
0
10
13.13649968416807
20
-17.36319343308036
30
0
10
13.125119696688799
20
-17.38618837118961
30
0
10
13.113962294658462
20
-17.408862918219018
30
0
10
13.103017168029972
20
-17.43122401190293
30
0
10
13.092274321009274
20
-17.45327874391295
30
0
10
13.081724068532822
20
-17.47503432977907
30
0
10
13.071357031740614
20
-17.49649808097927
30
0
10
13.061164132596815
20
-17.51767737911558
30
0
10
13.051136587796506
20
-17.538579652089382
30
0
10
13.041265902084136
20
-17.559212352184844
30
0
10
13.031543861096912
20
-17.579582935967288
30
0
10
13.02196252383482
20
-17.59969884590204
30
0
10
13.012514214848157
20
-17.619567493599313
30
0
10
13.003191516223268
20
-17.639196244591627
30
0
10
12.993987259437898
20
-17.65859240455152
30
0
10
12.98489451714889
20
-17.677763206859783
30
0
10
12.975906594967087
20
-17.69671580143668
30
0
10
12.967017023266985
20
-17.715457244751903
30
0
10
12.958219549072185
20
-17.73399449093207
30
0
10
12.949508128051626
20
-17.75233438388805
30
0
10
12.94087691665626
20
-17.770483650388034
30
0
10
12.932320264420943
20
-17.788448894005832
30
0
10
12.92383270645197
20
-17.806236589877635
30
0
10
12.915408956116837
20
-17.823853080204273
30
0
10
12.90704389794932
20
-17.84130457043921
30
0
10
12.89873258077993
20
-17.858597126106687
30
0
10
12.890470211099144
20
-17.875736670197327
30
0
10
12.88225214665839
20
-17.89272898109225
30
0
10
12.874073890311765
20
-17.909579690969796
30
0
10
12.865931084099664
20
-17.92629428465213
30
0
10
12.857819503573893
20
-17.942878098851896
30
0
10
12.849735052362636
20
-17.95933632178202
30
0
10
12.841673756972419
20
-17.975673993094375
30
0
10
12.833631761823275
20
-17.991896004115485
30
0
10
12.825605324512598
20
-18.00800709835
30
0
10
12.817590811302452
20
-18.024011872224776
30
0
10
12.809584692824542
20
-18.039914776048615
30
0
10
12.80158353999681
20
-18.055720115164593
30
0
10
12.793584020144978
20
-18.071432051273867
30
0
10
12.785582893322486
20
-18.087054603911547
30
0
10
12.777577008821849
20
-18.10259165205673
30
0
10
12.769563301870413
20
-18.11804693586055
30
0
10
12.76153879050351
20
-18.133424058477118
30
0
10
12.753500572607932
20
-18.148726487983954
30
0
10
12.745445823128703
20
-18.163957559379302
30
0
10
12.73737179143223
20
-18.179120476645156
30
0
10
12.729275798818962
20
-18.194218314865672
30
0
10
12.721155236178861
20
-18.209254022391605
30
0
10
12.71300756178307
20
-18.224230423042336
30
0
10
12.704830299205428
20
-18.239150218337908
30
0
10
12.696621035367501
20
-18.254015989754055
30
0
10
12.68837741870112
20
-18.268830200994053
30
0
10
12.680097157422527
20
-18.28359520027181
30
0
10
12.671778017912455
20
-18.29831322260113
30
0
10
12.66341782319662
20
-18.312986392086692
30
0
10
12.655014451521373
20
-18.3276167242127
30
0
10
12.64656583501941
20
-18.34220612812564
30
0
10
12.638069958460585
20
-18.356756408907952
30
0
10
12.629524858083215
20
-18.371269269839882
30
0
10
12.620928620501285
20
-18.38574631464691
30
0
10
12.61227938168326
20
-18.400189049730713
30
0
10
12.603575325998392
20
-18.414598886381718
30
0
10
12.594814685326467
20
-18.428977142971622
30
0
10
12.585995738227346
20
-18.443325047124407
30
0
10
12.577116809166535
20
-18.457643737864757
30
0
10
12.568176267793449
20
-18.471934267742746
30
0
10
12.55917252826901
20
-18.486197604934052
30
0
10
12.550104048639446
20
-18.500434635314864
30
0
10
12.540969330253322
20
-18.514646164511067
30
0
10
12.531766917218953
20
-18.52883291992116
30
0
10
12.522495395899423
20
-18.542995552712632
30
0
10
12.51315339444273
20
-18.557134639791506
30
0
10
12.503739582344505
20
-18.571250685744975
30
0
10
12.494252670041016
20
-18.585344124757025
30
0
10
12.484691408530255
20
-18.599415322497016
30
0
10
12.475054589018914
20
-18.61346457798133
30
0
10
12.465341042593362
20
-18.62749212540818
30
0
10
12.455549639912606
20
-18.64149813596577
30
0
10
12.445679290921536
20
-18.655482719613865
30
0
10
12.435728944582612
20
-18.669445926839277
30
0
10
12.425697588624502
20
-18.68338775038521
30
0
10
12.415584249306038
20
-18.69730812695502
30
0
10
12.405387991194006
20
-18.71120693889051
30
0
10
12.395107916953497
20
-18.725084015825235
30
0
10
12.384743167149368
20
-18.738939136313025
30
0
10
12.37429292005766
20
-18.75277202943218
30
0
10
12.363756391485737
20
-18.766582376365644
30
0
10
12.353132834600057
20
-18.780369811957545
30
0
10
12.342421539760494
20
-18.794133926246424
30
0
10
12.331621834360249
20
-18.80787426597563
30
0
10
12.320733082670307
20
-18.82159033608112
30
0
10
12.309754685687663
20
-18.83528160115712
30
0
10
12.298686080986391
20
-18.848947486900013
30
0
10
12.287526742570734
20
-18.862587381530762
30
0
10
12.27627618072953
20
-18.876200637196277
30
0
10
12.2649339418912
20
-18.88978657135006
30
0
10
12.253499608478627
20
-18.903344468112465
30
0
10
12.241972798763298
20
-18.916873579610918
30
0
10
12.230353166718103
20
-18.930373127300463
30
0
10
12.218640401868214
20
-18.943842303264862
30
0
10
12.206834229139503
20
-18.957280271498668
30
0
10
12.194934408704016
20
-18.97068616917051
30
0
10
12.182940735821967
20
-18.98405910786792
30
0
10
12.170853040679908
20
-18.997398174823925
30
0
10
12.15867118822453
20
-19.010702434125783
30
0
10
12.146395077991775
20
-19.02397092790602
30
0
10
12.134024643930873
20
-19.0372026775161
30
0
10
12.121559854222953
20
-19.050396684682934
30
0
10
12.109000711093854
20
-19.063551932648487
30
0
10
12.096347250620923
20
-19.076667387292666
30
0
10
12.08359954253341
20
-19.089741998239795
30
0
10
12.070757690006268
20
-19.102774699948753
30
0
10
12.057821829447057
20
-19.1157644127871
30
0
10
12.044792130275754
20
-19.128710044089313
30
0
10
12.031668794697225
20
-19.141610489199277
30
0
10
12.01845205746617
20
-19.154464632497298
30
0
10
12.005142185644349
20
-19.16727134841172
30
0
10
11.991739478349913
20
-19.180029502415323
30
0
10
11.978244266498713
20
-19.192737952006635
30
0
10
11.964656912537366
20
-19.20539554767629
30
0
10
11.950977810168018
20
-19.21800113385863
30
0
10
11.93720738406465
20
-19.230553549868535
30
0
10
11.923346089580821
20
-19.24305163082371
30
0
10
11.909394412448712
20
-19.255494208552463
30
0
10
11.895352868469445
20
-19.267880112487134
30
0
10
11.881222003194546
20
-19.280208170543197
30
0
10
11.867002391598486
20
-19.292477209984146
30
0
10
11.852694637742246
20
-19.30468605827226
30
0
10
11.838299374427853
20
-19.31683354390531
30
0
10
11.82381726284383
20
-19.328918497239226
30
0
10
11.809248992201514
20
-19.340939751296837
30
0
10
11.794595279362227
20
-19.35289614256274
30
0
10
11.779856868455262
20
-19.36478651176428
30
0
10
11.765034530486659
20
-19.376609704638756
30
0
10
11.750129062938765
20
-19.38836457268684
30
0
10
11.735141289360591
20
-19.40004997391227
30
0
10
11.720072058948897
20
-19.411664773547827
30
0
10
11.704922246120086
20
-19.423207844767624
30
0
10
11.689692750072899
20
-19.434678069385722
30
0
10
11.674384494341826
20
-19.446074338541102
30
0
10
11.658998426341437
20
-19.45739555336898
30
0
10
11.64353551690146
20
-19.468640625658495
30
0
10
11.627996759792767
20
-19.479808478496746
30
0
10
11.612383171244225
20
-19.490898046899215
30
0
10
11.596695789450479
20
-19.50190827842652
30
0
10
11.580935674070675
20
-19.512838133787582
30
0
10
11.565103905718221
20
-19.523686587429054
30
0
10
11.549201585441521
20
-19.53445262811118
30
0
10
11.53322983419584
20
-19.54513525946987
30
0
10
11.517189792306288
20
-19.555733500565204
30
0
10
11.501082618921949
20
-19.566246386416093
30
0
10
11.48490949146128
20
-19.576672968521297
30
0
10
11.468671605048769
20
-19.587012315366653
30
0
10
11.452370171942928
20
-19.59726351291851
30
0
10
11.436006420955682
20
-19.60742566510337
30
0
10
11.4195815968632
20
-19.617497894273708
30
0
10
11.403096959808243
20
-19.627479341659882
30
0
10
11.386553784694053
20
-19.637369167808203
30
0
10
11.369953360569907
20
-19.64716655300504
30
0
10
11.353296990008314
20
-19.656870697686983
30
0
10
11.336585988473983
20
-19.66648082283701
30
0
10
11.319821683684587
20
-19.675996170366634
30
0
10
11.303005414963405
20
-19.68541600348399
30
0
10
11.28613853258387
20
-19.694739607047808
30
0
10
11.269222397106128
20
-19.703966287907303
30
0
10
11.252258378705628
20
-19.713095375227844
30
0
10
11.235247856493828
20
-19.722126220802448
30
0
10
11.218192217831039
20
-19.731058199349057
30
0
10
11.201092857631526
20
-19.73989070879349
30
0
10
11.18395117766084
20
-19.748623170538124
30
0
10
11.166768585825517
20
-19.757255029716227
30
0
10
11.149546495455112
20
-19.76578575543189
30
0
10
11.1322863245767
20
-19.774214840985557
30
0
10
11.114989495181815
20
-19.782541804085113
30
0
10
11.097657432485942
20
-19.790766187042454
30
0
10
11.080291564180527
20
-19.798887556955567
30
0
10
11.062893319677626
20
-19.80690550587605
30
0
10
11.045464129347161
20
-19.81481965096207
30
0
10
11.028005423746862
20
-19.82262963461665
30
0
10
11.010518632844882
20
-19.830335124611388
30
0
10
10.993005185235143
20
-19.837935814195443
30
0
10
10.975466507345452
20
-19.845431422189865
30
0
10
10.957904022638296
20
-19.852821693067167
30
0
10
10.940319150804502
20
-19.860106397016185
30
0
10
10.922713306949609
20
-19.867285329992136
30
0
10
10.905087900773013
20
-19.874358313751884
30
0
10
10.887444335739952
20
-19.88132519587445
30
0
10
10.869784008246159
20
-19.88818584976661
30
0
10
10.852108306775355
20
-19.894940174653723
30
0
10
10.834418611049404
20
-19.901588095555663
30
0
10
10.816716291171184
20
-19.908129563247922
30
0
10
10.799002706760142
20
-19.914564554207796
30
0
10
10.781279206080436
20
-19.92089307054574
30
0
10
10.76354712516166
20
-19.92711513992183
30
0
10
10.74580778691208
20
-19.93323081544733
30
0
10
10.728062500224306
20
-19.939240175571413
30
0
10
10.71031255907334
20
-19.94514332395303
30
0
10
10.692559241606906
20
-19.950940389317868
30
0
10
10.674803809227944
20
-19.956631525300548
30
0
10
10.657047505669235
20
-19.96221691027195
30
0
10
10.639291556059941
20
-19.967696747151795
30
0
10
10.621537165984039
20
-19.973071263206403
30
0
10
10.603785520530439
20
-19.9783407098318
30
0
10
10.586037783334643
20
-19.98350536232208
30
0
10
10.568295095611859
20
-19.988565519623126
30
0
10
10.550558575181304
20
-19.99352150407178
30
0
10
10.532829315481537
20
-19.99837366112042
30
0
10
10.515108384576699
20
-20.00312235904713
30
0
10
10.497396824153324
20
-20.00776798865141
30
0
10
10.479695648507576
20
-20.01231096293561
30
0
10
10.46200584352268
20
-20.0167517167721
30
0
10
10.444328365636212
20
-20.02109070655632
30
0
10
10.426664140797065
20
-20.025328409845777
30
0
10
10.409014063411734
20
-20.029465324985164
30
0
10
10.391378995279661
20
-20.033501970717637
30
0
10
10.373759764517272
20
-20.037438885782457
30
0
10
10.35615716447042
20
-20.041276628499144
30
0
10
10.338571952614789
20
-20.04501577633825
30
0
10
10.321004849443996
20
-20.048656925478966
30
0
10
10.303456537344863
20
-20.05220069035378
30
0
10
10.285927659459553
20
-20.055647703180327
30
0
10
10.26841881853403
20
-20.05899861348068
30
0
10
10.25093057575247
20
-20.062254087588343
30
0
10
10.233463449557053
20
-20.065414808143196
30
0
10
10.216017914452731
20
-20.068481473574614
30
0
10
10.198594399796288
20
-20.071454797573157
30
0
10
10.181193288569352
20
-20.074335508551084
30
0
10
10.163814916134534
20
-20.077124349092067
30
0
10
10.146459568974326
20
-20.079822075390442
30
0
10
10.129127483411938
20
-20.082429456680494
30
0
10
10.111818844313557
20
-20.08494727465608
30
0
10
10.094533783771265
20
-20.08737632288116
30
0
10
10.077272379765951
20
-20.08971740619171
30
0
10
10.060034654809458
20
-20.09197134008948
30
0
10
10.042820574565258
20
-20.094138950128304
30
0
10
10.025630046446778
20
-20.096221071293506
30
0
10
10.008462918192677
20
-20.09821854737502
30
0
10
9.99131897641812
20
-20.10013223033506
30
0
10
9.97419794514127
20
-20.10196297967101
30
0
10
9.9570994842841
20
-20.103711661774376
30
0
10
9.940023188146517
20
-20.105379149286684
30
0
10
9.922968583852974
20
-20.106966320453303
30
0
10
9.905935129770523
20
-20.108474058476137
30
0
10
9.88892221389735
20
-20.109903250866314
30
0
10
9.87192915222077
20
-20.111254788798046
30
0
10
9.854955187043656
20
-20.112529566464833
30
0
10
9.837999485278209
20
-20.113728480439452
30
0
10
9.821061136706078
20
-20.114852429039058
30
0
10
9.804139152203664
20
-20.115902311696964
30
0
10
9.787232461931563
20
-20.116879028342776
30
0
10
9.770339913487009
20
-20.117783478792532
30
0
10
9.753460270018245
20
-20.118616562150844
30
0
10
9.736592208299678
20
-20.11937917622694
30
0
10
9.719734316766736
20
-20.120072216966783
30
0
10
9.7028850935093
20
-20.120696577903644
30
0
10
9.686042944222692
20
-20.12125314962939
30
0
10
9.6692061801151
20
-20.121742819289317
30
0
10
9.652373015770435
20
-20.122166470103178
30
0
10
9.635541566965678
20
-20.122524980915475
30
0
10
9.618709848441704
20
-20.122819225778155
30
0
10
9.601875771626812
20
-20.123050073569193
30
0
10
9.585037142312046
20
-20.123218387650603
30
0
10
9.568191658277712
20
-20.123325025569855
30
0
10
9.551336906870393
20
-20.12337083880882
30
0
10
9.534470362530053
20
-20.12335667258458
30
0
10
9.517589384266795
20
-20.123283365706936
30
0
10
9.500691213087196
20
-20.12315175049754
30
0
10
9.48377296937011
20
-20.122962652776067
30
0
10
9.466831650192221
20
-20.12271689191903
30
0
10
9.449864126603767
20
-20.122415280997334
30
0
10
9.432867140855148
20
-20.12205862699906
30
0
10
9.41583730357543
20
-20.12164773114422
30
0
10
9.39877109090415
20
-20.121183389298757
30
0
10
9.38166484157809
20
-20.12066639249563
30
0
10
9.36451475397529
20
-20.12009752757093
30
0
10
9.347316883118866
20
-20.119477577923934
30
0
10
9.330067137643871
20
-20.11880732441011
30
0
10
9.312761276730988
20
-20.11808754637679
30
0
10
9.295394907011424
20
-20.117319022851927
30
0
10
9.277963479448292
20
-20.116502533896533
30
0
10
9.260462286200344
20
-20.115638862132396
30
0
10
9.242886457474981
20
-20.11472879445711
30
0
10
9.225230958378408
20
-20.11377312395896
30
0
10
9.207490585771817
20
-20.112772652045102
30
0
10
9.189659965143758
20
-20.111728190796924
30
0
10
9.171733547510126
20
-20.110640565567202
30
0
10
9.153705606354585
20
-20.109510617834417
30
0
10
9.135570234623923
20
-20.108339208330005
30
0
10
9.117321341794367
20
-20.107127220455318
30
0
10
9.098952651026947
20
-20.105875564005387
30
0
10
9.080457696431852
20
-20.104585179217395
30
0
10
9.061829820464052
20
-20.10325704116223
30
0
10
9.043062171474793
20
-20.101892164498103
30
0
10
9.024147701446099
20
-20.100491608605633
30
0
10
9.005079163938378
20
-20.099056483124194
30
0
10
8.98584911228407
20
-20.097587953909713
30
0
10
8.966449898063622
20
-20.09608724943414
30
0
10
8.946873669903527
20
-20.09455566764709
30
0
10
8.927112372639904
20
-20.092994583319854
30
0
10
8.90715774689508
20
-20.091405455891802
30
0
10
8.887001329118851
20
-20.089789837838783
30
0
10
8.866634452150661
20
-20.08814938358206
30
0
10
8.846048246363676
20
-20.086485858955758
30
0
10
8.825233641456697
20
-20.08480115124897
30
0
10
8.804181368965233
20
-20.083097279837133
30
0
10
8.782881965568496
20
-20.081376407415167
30
0
10
8.76132577727478
20
-20.079640851841965
30
0
10
8.739502964573637
20
-20.077893098602793
30
0
10
8.717403508649321
20
-20.076135813892307
30
0
10
8.695017218756076
20
-20.07437185831629
30
0
10
8.672333740862124
20
-20.072604301205125
30
0
10
8.649342567675355
20
-20.07083643552573
30
0
10
8.62603305016979
20
-20.069071793372036
30
0
10
8.602394410737817
20
-20.067314162005786
30
0
10
8.578415758098663
20
-20.065567600410766
30
0
10
8.554086104098765
20
-20.063836456313286
30
0
10
8.52939438254399
20
-20.062125383610475
30
0
10
8.504329470207464
20
-20.06043936013547
30
0
10
8.478880210159353
20
-20.05878370567455
30
0
10
8.453035437566161
20
-20.057164100136244
30
0
10
8.426784008107271
20
-20.055586601755653
30
0
10
8.400114829154194
20
-20.054057665199355
30
0
10
8.37301689385414
20
-20.052584159416973
30
0
10
8.345479318252908
20
-20.05117338506467
30
0
10
8.317491381582718
20
-20.049833091304258
30
0
10
8.28904256982809
20
-20.04857149175856
30
0
10
8.260122622666632
20
-20.04739727937992
30
0
10
8.230721583861353
20
-20.046319639964725
30
0
10
8.200829855156513
20
-20.045348264021726
30
0
10
8.17043825369949
20
-20.044493356678082
30
0
10
8.139538072976292
20
-20.043765645282807
30
0
10
8.108121147208331
20
-20.043176384345013
30
0
10
8.076179919111663
20
-20.042737357423526
30
0
10
8.043707510868026
20
-20.04246087556644
30
0
10
8.010697798098654
20
-20.04235977188482
30
0
10
7.977145486567502
20
-20.042447391834433
30
0
10
7.9430461912705645
20
-20.042737578775174
30
0
10
7.908396517492101
20
-20.043244654379645
30
0
10
7.873194143328254
20
-20.04398339347223
30
0
10
7.837437903094053
20
-20.044968992898596
30
0
10
7.801127870942307
20
-20.046217034054184
30
0
10
7.764265443934271
20
-20.047743438739897
30
0
10
7.726853423713263
20
-20.04956441806501
30
0
10
7.6888960958461405
20
-20.051696414181713
30
0
10
7.650399305816087
20
-20.054156034713667
30
0
10
7.611370530575639
20
-20.056959979832516
30
0
10
7.571818944504518
20
-20.06012496204132
30
0
10
7.531755478565992
20
-20.063667618841965
30
0
10
7.491192871420176
20
-20.067604418593778
30
0
10
7.4501457112376785
20
-20.07195156001105
30
0
10
7.408630466963753
20
-20.076724865896075
30
0
10
7.36666550781558
20
-20.081939671858805
30
0
10
7.324271109855567
20
-20.08761071093102
30
0
10
7.281469448573218
20
-20.093751995137943
30
0
10
7.238284576528871
20
-20.100376695239774
30
0
10
7.19474238526478
20
-20.107497019994057
30
0
10
7.1508705508714465
20
-20.11512409641284
30
0
10
7.106698462809175
20
-20.123267852591088
30
0
10
7.06225713582267
20
-20.1319369047594
30
0
10
7.017579105046731
20
-20.141138450260883
30
0
10
6.972698304678829
20
-20.15087816816419
30
0
10
6.9276499308825406
20
-20.161160129199946
30
0
10
6.882470289878288
20
-20.17198671664306
30
0
10
6.837196632466641
20
-20.183358559658007
30
0
10
6.791866976505579
20
-20.195274480478822
30
0
10
6.74651991911985
20
-20.207731456611416
30
0
10
6.701194440648083
20
-20.2207245990264
30
0
10
6.655929702525218
20
-20.234247147060987
30
0
10
6.610764841447427
20
-20.248290480473845
30
0
10
6.565738762267785
20
-20.26284414880488
30
0
10
6.520889932120557
20
-20.27789591789039
30
0
10
6.476256178267679
20
-20.29343183308117
30
0
10
6.431874492101679
20
-20.309436298415953
30
0
10
6.387780841627825
20
-20.325892170723343
30
0
10
6.344009994586543
20
-20.342780867369807
30
0
10
6.300595354171002
20
-20.360082486147125
30
0
10
6.257568809050471
20
-20.37777593560479
30
0
10
6.214960599134783
20
-20.39583907398693
30
0
10
6.17279919821763
20
-20.41424885483128
30
0
10
6.131111214325653
20
-20.432981477231785
30
0
10
6.089921308284146
20
-20.452012538755962
30
0
10
6.04925213069873
20
-20.471317189041162
30
0
10
6.009124277252281
20
-20.490870282168235
30
0
10
5.96955626193544
20
-20.51064652602125
30
0
10
5.930564507573468
20
-20.53062062698387
30
0
10
5.892163352785933
20
-20.550767428489987
30
0
10
5.8543650743230415
20
-20.57106204213298
30
0
10
5.817179923565233
20
-20.591479970237177
30
0
10
5.7806161758513035
20
-20.611997219001886
30
0
10
5.744680191215456
20
-20.63259040153554
30
0
10
5.7093764850628625
20
-20.653236830301275
30
0
10
5.674707807295084
20
-20.67391459868994
30
0
10
5.640675228407858
20
-20.6946026516188
30
0
10
5.607278231120726
20
-20.715280845221194
30
0
10
5.574514806157085
20
-20.735929995841374
30
0
10
5.542381550870985
20
-20.756531918679002
30
0
10
5.510873769508459
20
-20.77706945653754
30
0
10
5.479985573993965
20
-20.797526499221355
30
0
10
5.449709984241709
20
-20.817887994196646
30
0
10
5.420039027104935
20
-20.838139949183713
30
0
10
5.39096383319052
20
-20.858269427382673
30
0
10
5.3624747308787875
20
-20.8782645360539
30
0
10
5.334561336997338
20
-20.89811440917959
30
0
10
5.307212643701727
20
-20.917809184925314
30
0
10
5.280417101212568
20
-20.9373399786034
30
0
10
5.2541626961487085
20
-20.956698851813254
30
0
10
5.228437025277435
20
-20.975878778401196
30
0
10
5.2032273645759215
20
-20.99487360784386
30
0
10
5.178520733562895
20
-21.01367802661734
30
0
10
5.15430395491573
20
-21.032287518069708
30
0
10
5.1305637094364585
20
-21.05069832126899
30
0
10
5.1072865864708845
20
-21.06890738925236
30
0
10
5.084459129918239
20
-21.0869123470571
30
0
10
5.062067879995892
20
-21.104711449869416
30
0
10
5.040099410944292
20
-21.1223035415848
30
0
10
5.018540364872875
20
-21.13968801403333
30
0
10
4.997377481958443
20
-21.15686476708538
30
0
10
4.976597627213958
20
-21.173834169818157
30
0
10
4.956187814048735
20
-21.190597022891062
30
0
10
4.936135224840934
20
-21.207154522248533
30
0
10
4.916427228740514
20
-21.22350822424212
30
0
10
4.8970513969162095
20
-21.239660012239916
30
0
10
4.877995515453477
20
-21.255612064769974
30
0
10
4.859247596102721
20
-21.271366825225815
30
0
10
4.840795885068277
20
-21.28692697314587
30
0
10
4.8226288700191775
20
-21.302295397064274
30
0
10
4.804735285492685
20
-21.31747516891885
30
0
10
4.787104116851456
20
-21.332469519991587
30
0
10
4.769724602944774
20
-21.34728181834866
30
0
10
4.752586237614018
20
-21.36191554774007
30
0
10
4.735678770172507
20
-21.37637428791345
30
0
10
4.718992204979863
20
-21.390661696292135
30
0
10
4.702516800221661
20
-21.404781490964744
30
0
10
4.686243065995915
20
-21.41873743493063
30
0
10
4.67016176179928
20
-21.43253332154467
30
0
10
4.6542638934976495
20
-21.446172961103724
30
0
10
4.638540709857976
20
-21.459660168516997
30
0
10
4.6229836987109865
20
-21.472998752003043
30
0
10
4.607584582807551
20
-21.48619250275664
30
0
10
4.592335315425184
20
-21.49924518553012
30
0
10
4.577228075775327
20
-21.51216053007506
30
0
10
4.562255264256579
20
-21.52494222339177
30
0
10
4.547409497594083
20
-21.53759390273592
30
0
10
4.532683603900745
20
-21.550119149333653
30
0
10
4.5180706176916825
20
-21.56252148275824
30
0
10
4.503563774879546
20
-21.57480435592382
30
0
10
4.489156507774866
20
-21.586971150653575
30
0
10
4.47484244011239
20
-21.599025173781918
30
0
10
4.460615382121536
20
-21.610969653752402
30
0
10
4.446469325656521
20
-21.622807737675053
30
0
10
4.432398439399346
20
-21.634542488808993
30
0
10
4.4183970641468076
20
-21.64617688443804
30
0
10
4.404459708190732
20
-21.657713814109005
30
0
10
4.390581042799071
20
-21.66915607820425
30
0
10
4.376755897803902
20
-21.68050638682182
30
0
10
4.362979257301125
20
-21.691767358938176
30
0
10
4.349246255465437
20
-21.702941521830194
30
0
10
4.335552172483161
20
-21.714031310734665
30
0
10
4.321892430604549
20
-21.725039068724968
30
0
10
4.308262590316452
20
-21.73596704678599
30
0
10
4.294658346635472
20
-21.74681740406979
30
0
10
4.281075525521208
20
-21.757592208315486
30
0
10
4.267510080408567
20
-21.76829343641839
30
0
10
4.253958088857796
20
-21.778922975134204
30
0
10
4.2404157493204035
20
-21.789482621905275
30
0
10
4.22687937801888
20
-21.79997408579686
30
0
10
4.213345405937842
20
-21.810398988532203
30
0
10
4.199810375924006
20
-21.820758865616245
30
0
10
4.186270939892219
20
-21.83105516753831
30
0
10
4.172723856134627
20
-21.84128926104508
30
0
10
4.1591659867299695
20
-21.851462430475834
30
0
10
4.145594295049896
20
-21.861575879152397
30
0
10
4.13200584335914
20
-21.871630730817085
30
0
10
4.118397790506366
20
-21.8816280311123
30
0
10
4.1047673897025
20
-21.891568749096024
30
0
10
4.091111986383318
20
-21.90145377878797
30
0
10
4.077429016153135
20
-21.911283940741466
30
0
10
4.063716002806434
20
-21.92105998363676
30
0
10
4.049970556424305
20
-21.930782585891567
30
0
10
4.036190371542672
20
-21.94045235728528
30
0
10
4.0223732253892654
20
-21.950069840593365
30
0
10
4.00851697618639
20
-21.95963551322897
30
0
10
3.994619561516666
20
-21.969149788888842
30
0
10
3.9806789967488623
20
-21.978613019201124
30
0
10
3.9666933735211565
20
-21.988025495372614
30
0
10
3.9526608582791276
20
-21.997387449833475
30
0
10
3.9385796908659163
20
-22.006699057877473
30
0
10
3.924448183162073
20
-22.01596043929602
30
0
10
3.910264717772659
20
-22.025171660004496
30
0
10
3.8960277467592546
20
-22.03433273365948
30
0
10
3.8817357904146714
20
-22.043443623265585
30
0
10
3.867387436078124
20
-22.05250424277086
30
0
10
3.8529813369888153
20
-22.06151445864967
30
0
10
3.8385162111759015
20
-22.07047409147223
30
0
10
3.823990840382865
20
-22.07938291746
30
0
10
3.8094040690244904
20
-22.088240670026167
30
0
10
3.794754803174586
20
-22.09704704130069
30
0
10
3.7800420095827425
20
-22.105801683639307
30
0
10
3.7652647147185148
20
-22.11450421111601
30
0
10
3.750422003841369
20
-22.123154200998638
30
0
10
3.73551302009496
20
-22.13175119520721
30
0
10
3.720536963624196
20
-22.140294701754605
30
0
10
3.705493090713756
20
-22.148784196169455
30
0
10
3.690380712946718
20
-22.157219122900983
30
0
10
3.6751991963819934
20
-22.16559889670554
30
0
10
3.659947960749374
20
-22.173922904014795
30
0
10
3.644626478661027
20
-22.18219050428541
30
0
10
3.629234274838301
20
-22.190401031330083
30
0
10
3.6137709253528225
20
-22.198553794629962
30
0
10
3.5982360568808276
20
-22.206648080628298
30
0
10
3.5826293459697722
20
-22.21468315400542
30
0
10
3.566950518316343
20
-22.222658258934892
30
0
10
3.5511993480549306
20
-22.230572620320995
30
0
10
3.5353756570557575
20
-22.23842544501744
30
0
10
3.519479314231891
20
-22.2462159230274
30
0
10
3.5035102348543283
20
-22.25394322868492
30
0
10
3.487468379874503
20
-22.261606521817676
30
0
10
3.4713537552534706
20
-22.269204948891225
30
0
10
3.4551664112971583
20
-22.27673764413477
30
0
10
3.4389064419970667
20
-22.284203730648485
30
0
10
3.4225739843758234
20
-22.291602321492537
30
0
10
3.4061692178370335
20
-22.298932520757802
30
0
10
3.389692363518948
20
-22.306193424618407
30
0
10
3.3731436836513735
20
-22.313384122366163
30
0
10
3.356523480915455
20
-22.320503697426968
30
0
10
3.339832097805806
20
-22.327551228359265
30
0
10
3.3230699159946
20
-22.334525789834622
30
0
10
3.306237355697261
20
-22.341426453600523
30
0
10
3.289334875039331
20
-22.348252289425503
30
0
10
3.272362969424182
20
-22.35500236602658
30
0
10
3.2553221709012887
20
-22.361675751979213
30
0
10
3.2382130475346744
20
-22.368271516609774
30
0
10
3.2210362027713226
20
-22.3747887308706
30
0
10
3.203792274809232
20
-22.381226468197756
30
0
10
3.1864819359648715
20
-22.38758380535157
30
0
10
3.1691058920398456
20
-22.39385982323995
30
0
10
3.1516648816864783
20
-22.400053607724633
30
0
10
3.134159675772164
20
-22.406164250410367
30
0
10
3.1165910767423104
20
-22.412190849417136
30
0
10
3.0989599179816287
20
-22.41813251013544
30
0
10
3.081267063173705
20
-22.423988345964762
30
0
10
3.0635134056586337
20
-22.429757479035178
30
0
10
3.045699867788607
20
-22.435439040912254
30
0
10
3.0278274002813568
20
-22.44103217328524
30
0
10
3.009896981571302
20
-22.446536028638572
30
0
10
2.9919096171583184
20
-22.45194977090684
30
0
10
2.9738663389540796
20
-22.457272576113123
30
0
10
2.9557682046257994
20
-22.462503632990863
30
0
10
2.937616296937423
20
-22.467642143589195
30
0
10
2.9194117230881114
20
-22.472687323861884
30
0
10
2.901155614048009
20
-22.47763840423981
30
0
10
2.8828491238912752
20
-22.482494630187087
30
0
10
2.8644934291262887
20
-22.48725526274085
30
0
10
2.8460897280230353
20
-22.491919579034693
30
0
10
2.8276392399376835
20
-22.496486872805782
30
0
10
2.809143204634255
20
-22.500956454885756
30
0
10
2.7906028816034865
20
-22.50532765367534
30
0
10
2.772019549378791
20
-22.509599815602705
30
0
10
2.753394504849386
20
-22.51377230556564
30
0
10
2.734729062570583
20
-22.51784450735753
30
0
10
2.716024554071246
20
-22.521815824077105
30
0
10
2.697282327158433
20
-22.525685678522066
30
0
10
2.6785037452193063
20
-22.529453513566526
30
0
10
2.659690186520241
20
-22.533118792522306
30
0
10
2.6408430435032844
20
-22.536680999484062
30
0
10
2.6219637220799084
20
-22.540139639658328
30
0
10
2.603053640922135
20
-22.543494239676406
30
0
10
2.584114230751123
20
-22.5467443478911
30
0
10
2.565146933623184
20
-22.549889534657396
30
0
10
2.546153202213335
20
-22.55292939259695
30
0
10
2.5271344990964515
20
-22.555863536846545
30
0
10
2.5080922960260184
20
-22.558691605290342
30
0
10
2.489028073210622
20
-22.561413258776092
30
0
10
2.469943318588166
20
-22.564028181315198
30
0
10
2.450839527097916
20
-22.566536080266637
30
0
10
2.4317181999504607
20
-22.56893668650482
30
0
10
2.4125808438955856
20
-22.571229754571284
30
0
10
2.3934289704881873
20
-22.57341506281023
30
0
10
2.3742640953522924
20
-22.575492413488018
30
0
10
2.3550877374431973
20
-22.577461632896426
30
0
10
2.335901418307877
20
-22.579322571439814
30
0
10
2.316706661343666
20
-22.581075103706123
30
0
10
2.2975049910552925
20
-22.58271912852172
30
0
10
2.2782979323103936
20
-22.584254568990065
30
0
10
2.259087009593494
20
-22.58568137251419
30
0
10
2.2398737462585565
20
-22.586999510803047
30
0
10
2.2206596637802125
20
-22.58820897986156
30
0
10
2.201446281003639
20
-22.589309799964578
30
0
10
2.1822351133932543
20
-22.59030201561455
30
0
10
2.1630276722802253
20
-22.59118569548297
30
0
10
2.143825464108847
20
-22.591960932335613
30
0
10
2.124629989681922
20
-22.592627842941493
30
0
10
2.10544274340511
20
-22.593186567965567
30
0
10
2.0862652125303414
20
-22.593637271845168
30
0
10
2.067098876398378
20
-22.593980142650125
30
0
10
2.0479452056804877
20
-22.5942153919266
30
0
10
2.028805661619376
20
-22.594343254524603
30
0
10
2.0096816952693315
20
-22.594363988409153
30
0
10
1.9905747467356645
20
-22.59427787445511
30
0
10
1.9714862444134835
20
-22.594085216225636
30
0
10
1.9524176042258083
20
-22.59378633973426
30
0
10
1.9333702288610424
20
-22.593381593190582
30
0
10
1.9143455070098836
20
-22.59287134672949
30
0
10
1.895344812601592
20
-22.59225599212403
30
0
10
1.8763695040397201
20
-22.59153594248176
30
0
10
1.8574209234372396
20
-22.590711631924645
30
0
10
1.8385003958510842
20
-22.589783515252506
30
0
10
1.8196092285161314
20
-22.58875206758987
30
0
10
1.8007487100785498
20
-22.587617784016388
30
0
10
1.7819201098285173
20
-22.586381179180623
30
0
10
1.763124676932315
20
-22.585042786897315
30
0
10
1.744363639663668
20
-22.583603159728035
30
0
10
1.7256382046344023
20
-22.58206286854521
30
0
10
1.7069495560242556
20
-22.58042250207953
30
0
10
1.6882988548098363
20
-22.578682666450675
30
0
10
1.6696872379926713
20
-22.57684398468137
30
0
10
1.6511158178261964
20
-22.57490709619474
30
0
10
1.632585681041648
20
-22.57287265629488
30
0
10
1.6140978880727526
20
-22.570741335630746
30
0
10
1.5956534722790439
20
-22.568513819643197
30
0
10
1.5772534391677584
20
-22.566190807995287
30
0
10
1.5588987656141056
20
-22.563773013985667
30
0
10
1.5405903990797756
20
-22.561261163945176
30
0
10
1.5223292568295606
20
-22.55865599661656
30
0
10
1.5041162251458442
20
-22.555958262517265
30
0
10
1.4859521585408035
20
-22.55316872328529
30
0
10
1.467837878966128
20
-22.55028815100815
30
0
10
1.4497741750199782
20
-22.547317327534838
30
0
10
1.4317618011510083
20
-22.544257043770767
30
0
10
1.4138014768591376
20
-22.541108098955796
30
0
10
1.3958938858928176
20
-22.537871299925126
30
0
10
1.3780396754425288
20
-22.534547460353245
30
0
10
1.3602394553301385
20
-22.53113739998078
30
0
10
1.3424937971938138
20
-22.52764194382428
30
0
10
1.3248032336681679
20
-22.524061921368975
30
0
10
1.307168257559184
20
-22.520398165744453
30
0
10
1.2895893210136147
20
-22.51665151288321
30
0
10
1.2720668346823603
20
-22.512822800662235
30
0
10
1.2546011668773995
20
-22.50891286802745
30
0
10
1.2371926427218516
20
-22.50492255410122
30
0
10
1.2198415432925906
20
-22.500852697272713
30
0
10
1.202548104754944
20
-22.496704134271436
30
0
10
1.185312517488934
20
-22.49247769922372
30
0
10
1.168134925206413
20
-22.48817422269235
30
0
10
1.1510154240585764
20
-22.483794530699388
30
0
10
1.1339540617331278
20
-22.479339443732208
30
0
10
1.1169508365404635
20
-22.47480977573288
30
0
10
1.1000056964881795
20
-22.470206333070948
30
0
10
1.0831185383431237
20
-22.465529913499783
30
0
10
1.0662892066802319
20
-22.460781305096596
30
0
10
1.0495174929173607
20
-22.455961285186266
30
0
10
1.0328031343351953
20
-22.45107061924916
30
0
10
1.0161458130814276
20
-22.446110059813194
30
0
10
0.9995451551581958
20
-22.441080345330228
30
0
10
0.9830007293918445
20
-22.435982199037195
30
0
10
0.9665120463839997
20
-22.430816327802145
30
0
10
0.9500785574428714
20
-22.425583420955544
30
0
10
0.9336996534936678
20
-22.420284149107204
30
0
10
0.9173746639670234
20
-22.414919162949207
30
0
10
0.9011028556641506
20
-22.409489092045252
30
0
10
0.8848834315975544
20
-22.403994543606963
30
0
10
0.8687155298059388
20
-22.39843610125761
30
0
10
0.8525982221419778
20
-22.392814323783934
30
0
10
0.8365305130315718
20
-22.387129743876635
30
0
10
0.8205113382030815
20
-22.381382866860356
30
0
10
0.8045395633850628
20
-22.375574169413817
30
0
10
0.7886139829709424
20
-22.369704098281158
30
0
10
0.7727333186489803
20
-22.363773068975256
30
0
10
0.7568962179958916
20
-22.35778146447427
30
0
10
0.7411012530323628
20
-22.35172963391245
30
0
10
0.7253469187386888
20
-22.345617891266475
30
0
10
0.7096316315287243
20
-22.339446514038848
30
0
10
0.6939537276802162
20
-22.33321574193971
30
0
10
0.6783114617196033
20
-22.326925775568846
30
0
10
0.6627030047593119
20
-22.32057677509966
30
0
10
0.6471264427854632
20
-22.3141688589671
30
0
10
0.6315797748939705
20
-22.30770210256177
30
0
10
0.6160609114728617
20
-22.301176536932402
30
0
10
0.6005676723286889
20
-22.294592147499525
30
0
10
0.5850977847548511
20
-22.28794887278283
30
0
10
0.5696488815395929
20
-22.28124660314551
30
0
10
0.5542184989114533
20
-22.274485179558692
30
0
10
0.5388040744199597
20
-22.26766439238962
30
0
10
0.5234029447492603
20
-22.26078398021746
30
0
10
0.5080123434625377
20
-22.25384362868092
30
0
10
0.49262939867494293
20
-22.2468429693622
30
0
10
0.47725113065289804
20
-22.23978157871227
30
0
10
0.46187444933766575
20
-22.232658977022773
30
0
10
0.446496151791128
20
-22.22547462745025
30
0
10
0.4311129195618023
20
-22.21822793509909
30
0
10
0.41572131596931927
20
-22.210918246169708
30
0
10
0.4003177833055984
20
-22.203544847179398
30
0
10
0.3848986399512734
20
-22.19610696426355
30
0
10
0.36946007740599407
20
-22.18860376256574
30
0
10
0.3539981572315758
20
-22.181034345725728
30
0
10
0.3385088079072024
20
-22.173397755475136
30
0
10
0.3229878215962334
20
-22.16569297135136
30
0
10
0.3074308508245257
20
-22.157918910540822
30
0
10
0.291833405070691
20
-22.150074427863938
30
0
10
0.2761908472691076
20
-22.142158315914486
30
0
10
0.2604983902271931
20
-22.134169305367525
30
0
10
0.24475109295900355
20
-22.126106065470584
30
0
10
0.22894385693801877
20
-22.117967204734125
30
0
10
0.2130714222728035
20
-22.109751271838256
30
0
10
0.19712836381012633
20
-22.10145675677385
30
0
10
0.18110908717122787
20
-22.093082092237342
30
0
10
0.16500782472808262
20
-22.08462565529994
30
0
10
0.14881863152777053
20
-22.0760857693729
30
0
10
0.13253538117462227
20
-22.067460706492273
30
0
10
0.11615176168134067
20
-22.058748689947688
30
0
10
0.09966127130215174
20
-22.0499478972811
30
0
10
0.08305721436301383
20
-22.041056463683184
30
0
10
0.06633269710610301
20
-22.032072485816148
30
0
10
0.049480623568241566
20
-22.02299402609367
30
0
10
0.032493691515551815
20
-22.01381911744979
30
0
10
0.015364388459578993
20
-22.00454576863028
30
0
10
-0.0019150122167006511
20
-21.995171970041557
30
0
10
-0.01935245499110627
20
-21.985695700193354
30
0
10
-0.03695610575698949
20
-21.976114932773058
30
0
10
-0.05473435516069447
20
-21.96642764439056
30
0
10
-0.07269582167744815
20
-21.9566318230339
30
0
10
-0.09084935437658503
20
-21.946725477276594
30
0
10
-0.10920403532180567
20
-21.93670664627873
30
0
10
-0.127769181546608
20
-21.926573410623917
30
0
10
-0.14655434653905774
20
-21.916323904034908
30
0
10
-0.1655693211636805
20
-21.905956326010063
30
0
10
-0.18482413394155217
20
-21.895468955422587
30
0
10
-0.20432905060250428
20
-21.88486016512316
30
0
10
-0.224094572815836
20
-21.87412843758509
30
0
10
-0.2441314359981266
20
-21.863272381628438
30
0
10
-0.26445060608855886
20
-21.85229075025695
30
0
10
-0.2850632751737334
20
-21.84118245963706
30
0
10
-0.3059808558353866
20
-21.829946609243677
30
0
10
-0.3272149740856431
20
-21.818582503191212
30
0
10
-0.34877746074572985
20
-21.807089672760878
30
0
10
-0.3706803411154141
20
-21.795467900126898
30
0
10
-0.3929358227720072
20
-21.783717243273706
30
0
10
-0.41555628132983363
20
-21.7718380620848
30
0
10
-0.43855424398369286
20
-21.759831045570042
30
0
10
-0.4619423706532944
20
-21.74769724018287
30
0
10
-0.48573343254035345
20
-21.735438079161458
30
0
10
-0.5099402879059565
20
-21.72305541280823
30
0
10
-0.5345758548737198
20
-21.71055153960028
30
0
10
-0.5596530810641884
20
-21.697929237999485
30
0
10
-0.5851849098683986
20
-21.68519179880451
30
0
10
-0.6111842431741206
20
-21.672343057858605
30
0
10
-0.6376639003673517
20
-21.659387428896235
30
0
10
-0.6646365734445815
20
-21.646329936279056
30
0
10
-0.6921147780891126
20
-21.63317624733697
30
0
10
-0.7201108005872696
20
-21.61993270399421
30
0
10
-0.748636640488719
20
-21.6066063533232
30
0
10
-0.7777039489496522
20
-21.593204976631203
30
0
10
-0.8073239627385664
20
-21.579737116647287
30
0
10
-0.8375074339326494
20
-21.56621210234021
30
0
10
-0.8682645553883722
20
-21.552640070862815
30
0
10
-0.8996048821328668
20
-21.53903198608638
30
0
10
-0.9315372488937947
20
-21.525399653159646
30
0
10
-0.9640696840635344
20
-21.511755728504674
30
0
10
-0.9972093204792731
20
-21.498113724644607
30
0
10
-1.0309623034928173
20
-21.484488009250637
30
0
10
-1.0653336969017042
20
-21.470893797796478
30
0
10
-1.1003273874157182
20
-21.457347139221575
30
0
10
-1.1359459884382355
20
-21.44386489402956
30
0
10
-1.1721907440478752
20
-21.430464704288426
30
0
10
-1.2090614341711199
20
-21.417164955053995
30
0
10
-1.2465562820370781
20
-21.403984726810382
30
0
10
-1.2846718650995117
20
-21.39094373861012
30
0
10
-1.3234030306945557
20
-21.378062281703563
30
0
10
-1.3627428177718306
20
-21.365361143571377
30
0
10
-1.4026823860885242
20
-21.35286152241465
30
0
10
-1.443210954286576
20
-21.340584932313277
30
0
10
-1.4843157482784457
20
-21.328553099432444
30
0
10
-1.5259819613448544
20
-21.31678784983622
30
0
10
-1.5681927272940517
20
-21.305310989653577
30
0
10
-1.6109291079458201
20
-21.294144178530548
30
0
10
-1.6541700960823416
20
-21.28330879748839
30
0
10
-1.6978926348518026
20
-21.272825812486136
30
0
10
-1.7420716544205297
20
-21.262715635150755
30
0
10
-1.7866801264468677
20
-21.25299798228418
30
0
10
-1.8316891366979775
20
-21.24369173587713
30
0
10
-1.8770679758547706
20
-21.2348148054503
30
0
10
-1.922784248254374
20
-21.226383994598873
30
0
10
-1.968803998012277
20
-21.218414873632565
30
0
10
-2.0150918516543324
20
-21.210921660177767
30
0
10
-2.061611176080533
20
-21.2039171095392
30
0
10
-2.108324250387378
20
-21.197412416505458
30
0
10
-2.155192449801763
20
-21.191417130127654
30
0
10
-2.202176439734998
20
-21.185939082806048
30
0
10
-2.249236377759587
20
-21.180984334789656
30
0
10
-2.29633212114864
20
-21.176557134935713
30
0
10
-2.3434234375053093
20
-21.172659898294956
30
0
10
-2.3904702159499083
20
-21.169293200793796
30
0
10
-2.4374326763274725
20
-21.166455790983424
30
0
10
-2.484271573948918
20
-21.16414461852787
30
0
10
-2.5309483974823377
20
-21.162354878815712
30
0
10
-2.5774255577633687
20
-21.161080072812133
30
0
10
-2.623666565490969
20
-21.160312081026053
30
0
10
-2.6696361960090313
20
-21.160041250257144
30
0
10
-2.715300639639107
20
-21.160256491614536
30
0
10
-2.760627636315891
20
-21.160945388165732
30
0
10
-2.8055865935763755
20
-21.1620943104833
30
0
10
-2.8501486872580424
20
-21.163688538307184
30
0
10
-2.8942869445621136
20
-21.1657123865322
30
0
10
-2.93797630942728
20
-21.16814933376016
30
0
10
-2.981193690431787
20
-21.170982151720825
30
0
10
-3.0239179916902206
20
-21.174193033961387
30
0
10
-3.06613012743297
20
-21.177763722325277
30
0
10
-3.107813021147096
20
-21.18167562988259
30
0
10
-3.1489515903153253
20
-21.185909959130967
30
0
10
-3.189532717915088
20
-21.190447814451883
30
0
10
-3.2295452119314834
20
-21.19527030797823
30
0
10
-3.268979754198134
20
-21.200358658199832
30
0
10
-3.307828839910831
20
-21.20569428080038
30
0
10
-3.346086709161939
20
-21.211258871378497
30
0
10
-3.3837492718231394
20
-21.21703447985459
30
0
10
-3.4208140270626286
20
-21.223003576501352
30
0
10
-3.4572799787239052
20
-21.22914910965826
30
0
10
-3.49314754772072
20
-21.235454555297412
30
0
10
-3.5284184825193687
20
-21.241903958699996
30
0
10
-3.563095768688388
20
-21.248481968578968
30
0
10
-3.5971835384005195
20
-21.255173864045116
30
0
10
-3.630686980673782
20
-21.261965574860753
30
0
10
-3.6636122530411668
20
-21.268843695459534
30
0
10
-3.6959663952428543
20
-21.275795493232906
30
0
10
-3.7277572454426693
20
-21.28280891159507
30
0
10
-3.758993359383317
20
-21.28987256834028
30
0
10
-3.789683932813219
20
-21.2969757498003
30
0
10
-3.819838727442275
20
-21.304108401296908
30
0
10
-3.8494680006153397
20
-21.31126111436619
30
0
10
-3.8785824388301373
20
-21.318425111208633
30
0
10
-3.9071930951714937
20
-21.325592226793223
30
0
10
-3.935311330685529
20
-21.332754889015447
30
0
10
-3.9629487596755277
20
-21.339906097279695
30
0
10
-3.9901171988657853
20
-21.347039399845727
30
0
10
-4.016828620349769
20
-21.35414887024893
30
0
10
-4.0430951082143265
20
-21.361229083073408
30
0
10
-4.068928818712111
20
-21.368275089327994
30
0
10
-4.094341943838826
20
-21.375282391646937
30
0
10
-4.119346678160596
20
-21.382246919510226
30
0
10
-4.143955188728704
20
-21.389165004653318
30
0
10
-4.168179587913771
20
-21.396033356812413
30
0
10
-4.192031908989177
20
-21.402849039929684
30
0
10
-4.215524084293143
20
-21.40960944892282
30
0
10
-4.238667925800474
20
-21.41631228710488
30
0
10
-4.26147510793815
20
-21.42295554432417
30
0
10
-4.2839571524832065
20
-21.429537475878735
30
0
10
-4.306125415386719
20
-21.436056582246916
30
0
10
-4.327991075373776
20
-21.442511589663795
30
0
10
-4.34956512417596
20
-21.448901431562753
30
0
10
-4.370858358259871
20
-21.455225230892573
30
0
10
-4.391881371922526
20
-21.461482283312627
30
0
10
-4.412644551631798
20
-21.467672041261903
30
0
10
-4.433158071497538
20
-21.47379409889216
30
0
10
-4.453431889766264
20
-21.479848177850418
30
0
10
-4.473475746239554
20
-21.485834113892317
30
0
10
-4.4932991605232795
20
-21.491751844304442
30
0
10
-4.512911431021517
20
-21.497601396111307
30
0
10
-4.532321634595531
20
-21.50338287504044
30
0
10
-4.551538626814377
20
-21.509096455217904
30
0
10
-4.570571042729575
20
-21.514742369565074
30
0
10
-4.589427298111876
20
-21.52032090086724
30
0
10
-4.6081155910933775
20
-21.52583237348388
30
0
10
-4.6266439041632
20
-21.531277145670728
30
0
10
-4.64502000646951
20
-21.536655602483652
30
0
10
-4.663251456385
20
-21.541968149234858
30
0
10
-4.681345604296955
20
-21.547215205472455
30
0
10
-4.699309595586691
20
-21.552397199455108
30
0
10
-4.71715037376665
20
-21.557514563094134
30
0
10
-4.734874683746571
20
-21.562567727336454
30
0
10
-4.7524890752030915
20
-21.567557117962576
30
0
10
-4.769999906029827
20
-21.57248315177486
30
0
10
-4.787413345847408
20
-21.57734623315221
30
0
10
-4.804735379555284
20
-21.58214675094839
30
0
10
-4.821971810909076
20
-21.586885075712317
30
0
10
-4.839128266109224
20
-21.591561557209435
30
0
10
-4.856210197388328
20
-21.5961765222245
30
0
10
-4.8732228865861735
20
-21.600730272627068
30
0
10
-4.890171448702849
20
-21.605223083681896
30
0
10
-4.907060835421611
20
-21.609655202587376
30
0
10
-4.923895838594344
20
-21.61402684722623
30
0
10
-4.940681093683485
20
-21.618338205113357
30
0
10
-4.957421083155237
20
-21.62258943252672
30
0
10
-4.974120139819724
20
-21.626780653807966
30
0
10
-4.990782450114521
20
-21.630911960820185
30
0
10
-5.007412057328638
20
-21.634983412551104
30
0
10
-5.024012864764689
20
-21.638995034850556
30
0
10
-5.040588638837456
20
-21.642946820291947
30
0
10
-5.057143012107596
20
-21.646838728147834
30
0
10
-5.07367948624962
20
-21.650670684470736
30
0
10
-5.090201434953685
20
-21.65444258227034
30
0
10
-5.1067121067610035
20
-21.65815428177937
30
0
10
-5.123214627833073
20
-21.661805610800553
30
0
10
-5.13971200465504
20
-21.66539636512767
30
0
10
-5.156207126673884
20
-21.66892630903426
30
0
10
-5.17270276887214
20
-21.67239517582384
30
0
10
-5.189201594278171
20
-21.675802668436067
30
0
10
-5.205706156414062
20
-21.67914846010336
30
0
10
-5.222218901682353
20
-21.682432195053316
30
0
10
-5.238742171692884
20
-21.68565348925215
30
0
10
-5.255278205531212
20
-21.688811931184972
30
0
10
-5.271829141969937
20
-21.691907082668866
30
0
10
-5.288397021624531
20
-21.69493847969519
30
0
10
-5.304983789055163
20
-21.697905633297545
30
0
10
-5.321591294816046
20
-21.70080803044227
30
0
10
-5.338221297453948
20
-21.70364513493857
30
0
10
-5.354875465457406
20
-21.706416388365326
30
0
10
-5.371555379158228
20
-21.70912121101232
30
0
10
-5.388262532586883
20
-21.711759002833222
30
0
10
-5.40499833528332
20
-21.714329144408357
30
0
10
-5.421764114064797
20
-21.716830997915032
30
0
10
-5.438561114752223
20
-21.719263908103734
30
0
10
-5.455390503856521
20
-21.721627203278263
30
0
10
-5.472253370226525
20
-21.723920196278275
30
0
10
-5.489150726659808
20
-21.726142185462763
30
0
10
-5.506083511477897
20
-21.728292455692973
30
0
10
-5.523052590067256
20
-21.730370279313586
30
0
10
-5.540058756387355
20
-21.732374917130954
30
0
10
-5.557102734447172
20
-21.734305619387197
30
0
10
-5.574185179751416
20
-21.73616162672931
30
0
10
-5.59130668071763
20
-21.737942171172193
30
0
10
-5.608467760065483
20
-21.739646477054848
30
0
10
-5.62566887617934
20
-21.741273761988854
30
0
10
-5.642910424445249
20
-21.74282323779846
30
0
10
-5.660192738563463
20
-21.744294111451595
30
0
10
-5.677516091837484
20
-21.745685585981125
30
0
10
-5.694880698440716
20
-21.74699686139588
30
0
10
-5.712286714661657
20
-21.748227135580766
30
0
10
-5.729734240128549
20
-21.749375605185683
30
0
10
-5.747223319014451
20
-21.750441466502586
30
0
10
-5.76475394122356
20
-21.75142391633043
30
0
10
-5.782326043559594
20
-21.752322152827567
30
0
10
-5.799939510877107
20
-21.75313537635122
30
0
10
-5.817594177216425
20
-21.75386279028375
30
0
10
-5.835289826922982
20
-21.754503601845457
30
0
10
-5.853026195751767
20
-21.755057022893546
30
0
10
-5.870802971957501
20
-21.755522270707147
30
0
10
-5.888619797371249
20
-21.755898568758
30
0
10
-5.906476268464059
20
-21.756185147466795
30
0
10
-5.924371937398165
20
-21.756381244944833
30
0
10
-5.94230631306642
20
-21.756486107720853
30
0
10
-5.960278862120368
20
-21.756498991453
30
0
10
-5.978289009987548
20
-21.75641916162558
30
0
10
-5.996336141878493
20
-21.75624589423071
30
0
10
-6.014419603783851
20
-21.75597847643453
30
0
10
-6.032538703462071
20
-21.755616207228062
30
0
10
-6.050692711418138
20
-21.755158398062445
30
0
10
-6.068880861873595
20
-21.754604373468656
30
0
10
-6.087102353728401
20
-21.753953471661443
30
0
10
-6.105356351514816
20
-21.75320504512755
30
0
10
-6.123641986343745
20
-21.75235846119811
30
0
10
-6.141958356843815
20
-21.75141310260516
30
0
10
-6.160304530093457
20
-21.75036836802224
30
0
10
-6.178679542546302
20
-21.74922367258902
30
0
10
-6.19708240095014
20
-21.74797844841994
30
0
10
-6.215512083259641
20
-21.746632145096832
30
0
10
-6.233967539543154
20
-21.74518423014544
30
0
10
-6.252447692883676
20
-21.74363418949595
30
0
10
-6.270951440274284
20
-21.741981527927308
30
0
10
-6.289477653508179
20
-21.74022576949556
30
0
10
-6.3080251800634715
20
-21.73836645794595
30
0
10
-6.326592843982927
20
-21.73640315710897
30
0
10
-6.345179446748776
20
-21.734335451280256
30
0
10
-6.363783768152701
20
-21.732162945584317
30
0
10
-6.382404567161201
20
-21.729885266322164
30
0
10
-6.4010405827763055
20
-21.72750206130281
30
0
10
-6.419690534891882
20
-21.725013000158572
30
0
10
-6.438353125145527
20
-21.72241777464432
30
0
10
-6.457027037766131
20
-21.719716098920593
30
0
10
-6.475710940417224
20
-21.716907709820557
30
0
10
-6.494403485036145
20
-21.713992367100932
30
0
10
-6.513103308669028
20
-21.710969853676772
30
0
10
-6.531809034301762
20
-21.70783997584022
30
0
10
-6.55051927168684
20
-21.70460256346317
30
0
10
-6.5692326181661995
20
-21.701257470183887
30
0
10
-6.587947659490071
20
-21.697804573577635
30
0
10
-6.606662970631787
20
-21.694243775311243
30
0
10
-6.625377116598635
20
-21.69057500128172
30
0
10
-6.644088653238718
20
-21.686798201738878
30
0
10
-6.662796128043797
20
-21.682913351392
30
0
10
-6.681498080948162
20
-21.678920449500605
30
0
10
-6.700193045123451
20
-21.67481951994925
30
0
10
-6.7188795477694425
20
-21.67061061130649
30
0
10
-6.737556110900801
20
-21.666293796867937
30
0
10
-6.756221252129679
20
-21.6618691746835
30
0
10
-6.774873485444232
20
-21.6573368675688
30
0
10
-6.793511321982958
20
-21.652697023100753
30
0
10
-6.812133270804807
20
-21.64794981359741
30
0
10
-6.8307378396550735
20
-21.643095436082046
30
0
10
-6.849323535726947
20
-21.638134112231516
30
0
10
-6.867888866418752
20
-21.633066088308873
30
0
10
-6.886432340086773
20
-21.62789163508037
30
0
10
-6.904952466793607
20
-21.622611047716752
30
0
10
-6.9234477590520145
20
-21.617224645678952
30
0
10
-6.941916732564207
20
-21.611732772588155
30
0
10
-6.960357906956471
20
-21.606135796080284
30
0
10
-6.978769806509131
20
-21.60043410764494
30
0
10
-6.997150960881716
20
-21.594628122448785
30
0
10
-7.015499905833324
20
-21.58871827914345
30
0
10
-7.033815183938106
20
-21.582705039657863
30
0
10
-7.052095345295755
20
-21.576588888975245
30
0
10
-7.07033894823701
20
-21.57037033489454
30
0
10
-7.088544560024066
20
-21.564049907776457
30
0
10
-7.106710757545807
20
-21.557628160274156
30
0
10
-7.124836128007841
20
-21.55110566704846
30
0
10
-7.14291926961724
20
-21.544483024467784
30
0
10
-7.160958792261916
20
-21.537760850292663
30
0
10
-7.1789533181846155
20
-21.53093978334497
30
0
10
-7.196901482651392
20
-21.524020483161834
30
0
10
-7.214801934614561
20
-21.517003629634228
30
0
10
-7.232653337370067
20
-21.509889922630286
30
0
10
-7.250454369209147
20
-21.502680081603373
30
0
10
-7.268203724064331
20
-21.495374845184838
30
0
10
-7.2859001121496245
20
-21.487974970761588
30
0
10
-7.303542260594902
20
-21.48048123403836
30
0
10
-7.321128914074413
20
-21.47289442858478
30
0
10
-7.33865883542936
20
-21.4652153653672
30
0
10
-7.356130806284532
20
-21.457444872265306
30
0
10
-7.373543627658933
20
-21.449583793573467
30
0
10
-7.3908961205703445
20
-21.441632989486916
30
0
10
-7.408187126633857
20
-21.433593335572628
30
0
10
-7.42541550865425
20
-21.425465722225038
30
0
10
-7.442580151212301
20
-21.41725105410646
30
0
10
-7.459679961244893
20
-21.408950249572253
30
0
10
-7.476713868618999
20
-21.400564240080755
30
0
10
-7.493680826699473
20
-21.3920939695879
30
0
10
-7.51057981291068
20
-21.38354039392656
30
0
10
-7.527409829291929
20
-21.374904480170503
30
0
10
-7.544169903046765
20
-21.36618720598309
30
0
10
-7.560859087086065
20
-21.3573895589505
30
0
10
-7.5774764605650455
20
-21.348512535899616
30
0
10
-7.594021129414137
20
-21.339557142200405
30
0
10
-7.610492226863763
20
-21.330524391052876
30
0
10
-7.626888913963141
20
-21.32141530275842
30
0
10
-7.643210380093048
20
-21.312230903975664
30
0
10
-7.659455843472699
20
-21.302972226960605
30
0
10
-7.675624551660748
20
-21.293640308791158
30
0
10
-7.691715782050525
20
-21.28423619057585
30
0
10
-7.707728842359574
20
-21.27476091664678
30
0
10
-7.72366307111361
20
-21.26521553373666
30
0
10
-7.73951783812496
20
-21.255601090139926
30
0
10
-7.75529254496567
20
-21.245918634857773
30
0
10
-7.770986625435369
20
-21.2361692167271
30
0
10
-7.786599546024017
20
-21.226353883533253
30
0
10
-7.802130806369748
20
-21.216473681106415
30
0
10
-7.8175799397119246
20
-21.206529652401663
30
0
10
-7.832946513339611
20
-21.19652283656242
30
0
10
-7.848230129035692
20
-21.18645426796738
30
0
10
-7.863430423516768
20
-21.17632497526061
30
0
10
-7.878547068869154
20
-21.166135980364846
30
0
10
-7.893579772981181
20
-21.15588829747777
30
0
10
-7.908528279972044
20
-21.145582932051163
30
0
10
-7.9233923706175355
20
-21.13522087975281
30
0
10
-7.938171862772918
20
-21.12480312541096
30
0
10
-7.952866611793293
20
-21.11433064194127
30
0
10
-7.96747651095179
20
-21.103804389255984
30
0
10
-7.982001491855951
20
-21.09322531315528
30
0
10
-7.996441524862687
20
-21.08259434420054
30
0
10
-8.010796619492274
20
-21.071912396569406
30
0
10
-8.025066824841709
20
-21.06118036689246
30
0
10
-8.039252229998064
20
-21.050399133071313
30
0
10
-8.053352964452172
20
-21.03956955307794
30
0
10
-8.067369198513253
20
-21.028692463735084
30
0
10
-8.081301143725035
20
-21.017768679477484
30
0
10
-8.095149053283912
20
-21.00679899109383
30
0
10
-8.108913222459792
20
-20.995784164449134
30
0
10
-8.122593989020304
20
-20.98472493918739
30
0
10
-8.136191733658993
20
-20.973622027414354
30
0
10
-8.149706880428308
20
-20.96247611236014
30
0
10
-8.163139897178084
20
-20.951287847021554
30
0
10
-8.1764912960004
20
-20.940057852783884
30
0
10
-8.189761633681595
20
-20.92878671802203
30
0
10
-8.202951512162388
20
-20.917474996680724
30
0
10
-8.216061579007043
20
-20.906123206833705
30
0
10
-8.229092527882589
20
-20.894731829221673
30
0
10
-8.242045099049088
20
-20.8833013057689
30
0
10
-8.254920079862153
20
-20.87183203807822
30
0
10
-8.26771830528877
20
-20.860324385904523
30
0
10
-8.28044065843775
20
-20.848778665606332
30
0
10
-8.293088071106007
20
-20.837195148575656
30
0
10
-8.305661524342074
20
-20.82557405964586
30
0
10
-8.318162049028219
20
-20.813915575477626
30
0
10
-8.330590726482708
20
-20.80221982292297
30
0
10
-8.342948689083702
20
-20.790486877367314
30
0
10
-8.355237120916511
20
-20.778716761049754
30
0
10
-8.367457258445814
20
-20.76690944136156
30
0
10
-8.379610391214742
20
-20.755064829123196
30
0
10
-8.391697862572641
20
-20.743182776839944
30
0
10
-8.403721070433525
20
-20.7312630769366
30
0
10
-8.415681468067218
20
-20.719305459971412
30
0
10
-8.427580564925467
20
-20.70730959282991
30
0
10
-8.439419927505112
20
-20.695275076899005
30
0
10
-8.451201180250843
20
-20.683201446222107
30
0
10
-8.46292600649985
20
-20.671088165635936
30
0
10
-8.47459614947108
20
-20.65893462888992
30
0
10
-8.486213413301654
20
-20.646740156749214
30
0
10
-8.497779664133313
20
-20.634503995082426
30
0
10
-8.509296831251799
20
-20.622225312935416
30
0
10
-8.520766908282154
20
-20.609903200592615
30
0
10
-8.532191954443116
20
-20.597536667627597
30
0
10
-8.543574095863896
20
-20.585124640944727
30
0
10
-8.554915526966678
20
-20.572665962814092
30
0
10
-8.566218511918407
20
-20.56015938890207
30
0
10
-8.577485386155487
20
-20.547603586300152
30
0
10
-8.58871855798511
20
-20.534997131555098
30
0
10
-8.599920510267179
20
-20.522338508703616
30
0
10
-8.611093802180745
20
-20.509626107315317
30
0
10
-8.622241071079145
20
-20.49685822054791
30
0
10
-8.63336503443798
20
-20.48403304321927
30
0
10
-8.644468491900351
20
-20.471148669901154
30
0
10
-8.655554327423712
20
-20.458203093040176
30
0
10
-8.66662551153287
20
-20.445194201111956
30
0
10
-8.677685103683702
20
-20.43211977681511
30
0
10
-8.688736254742228
20
-20.418977495312266
30
0
10
-8.699782209583711
20
-20.40576492252611
30
0
10
-8.710826309816442
20
-20.392479513499122
30
0
10
-8.721871996634967
20
-20.37911861082648
30
0
10
-8.732922813807278
20
-20.36567944317264
30
0
10
-8.743982410800667
20
-20.35215912388271
30
0
10
-8.755054546050626
20
-20.338554649701212
30
0
10
-8.766143090377096
20
-20.324862899611414
30
0
10
-8.77725203055224
20
-20.311080633810022
30
0
10
-8.788385473023492
20
-20.297204492832982
30
0
10
-8.799547647795464
20
-20.28323099684964
30
0
10
-8.81074291247379
20
-20.26915654514383
30
0
10
-8.82197575647353
20
-20.25497741580213
30
0
10
-8.833250805394197
20
-20.240689765630997
30
0
10
-8.844572825562764
20
-20.226289630326328
30
0
10
-8.85594672874518
20
-20.21177292492082
30
0
10
-8.867377577026069
20
-20.19713544453634
30
0
10
-8.878870587855086
20
-20.18237286547079
30
0
10
-8.890431139257307
20
-20.16748074665078
30
0
10
-8.902064775203414
20
-20.15245453148406
30
0
10
-8.913777211134025
20
-20.137289550147713
30
0
10
-8.925574339630518
20
-20.121981022350738
30
0
10
-8.93746223622262
20
-20.106524060612312
30
0
10
-8.949447165320828
20
-20.090913674099323
30
0
10
-8.96153558625887
20
-20.075144773069994
30
0
10
-8.97373415942866
20
-20.059212173972686
30
0
10
-8.986049752486759
20
-20.043110605252203
30
0
10
-8.998489446607778
20
-20.026834713918554
30
0
10
-9.011060542756066
20
-20.01037907293601
30
0
10
-9.023770567942522
20
-19.993738189493122
30
0
10
-9.036627281428444
20
-19.976906514217028
30
0
10
-9.049638680832892
20
-19.959878451398097
30
0
10
-9.062813008094125
20
-19.94264837029313
30
0
10
-9.076158755229136
20
-19.925210617577832
30
0
10
-9.08968466982839
20
-19.907559531020787
30
0
10
-9.103399760215085
20
-19.889689454452952
30
0
10
-9.117313300190272
20
-19.871594754107377
30
0
10
-9.131434833276185
20
-19.85326983640446
30
0
10
-9.14577417636089
20
-19.834709167257593
30
0
10
-9.160341422637279
20
-19.815907292972984
30
0
10
-9.175146943719046
20
-19.79685886281519
30
0
10
-9.190201390805102
20
-19.77755865330677
30
0
10
-9.205515694752568
20
-19.758001594325705
30
0
10
-9.221101064906483
20
-19.738182797058357
30
0
10
-9.236968986522358
20
-19.718097583857784
30
0
10
-9.253131216605375
20
-19.69774152004775
30
0
10
-9.269599777977891
20
-19.67711044770098
30
0
10
-9.286386951374853
20
-19.656200521406095
30
0
10
-9.303505265355252
20
-19.635008246021094
30
0
10
-9.320967483807033
20
-19.613530516392093
30
0
10
-9.338786590813175
20
-19.591764658993295
30
0
10
-9.356975772638444
20
-19.569708475419382
30
0
10
-9.375548396590137
20
-19.5473602876321
30
0
10
-9.394517986502098
20
-19.524718984831214
30
0
10
-9.413898194590352
20
-19.5017840717842
30
0
10
-9.433702769431234
20
-19.47855571840972
30
0
10
-9.453945519819396
20
-19.455034810367753
30
0
10
-9.474640274274591
20
-19.431223000363218
30
0
10
-9.495800835982951
20
-19.407122759821128
30
0
10
-9.517440932981486
20
-19.38273743054006
30
0
10
-9.539574163424486
20
-19.358071275877265
30
0
10
-9.562213935808002
20
-19.333129530963898
30
0
10
-9.585373404073984
20
-19.307918451393842
30
0
10
-9.60906539757017
20
-19.282445359774854
30
0
10
-9.633302345904934
20
-19.25671868947817
30
0
10
-9.65809619880903
20
-19.230748024873243
30
0
10
-9.683458341198193
20
-19.204544137289947
30
0
10
-9.709399503721517
20
-19.178119015912973
30
0
10
-9.735929669180372
20
-19.15148589278405
30
0
10
-9.763057975309971
20
-19.124659261069752
30
0
10
-9.790792614529664
20
-19.097654885747325
30
0
10
-9.819140731386865
20
-19.070489805870572
30
0
10
-9.84810831854103
20
-19.04318232760508
30
0
10
-9.877700112255864
20
-19.015752007267437
30
0
10
-9.907919488487199
20
-18.988219623669444
30
0
10
-9.938768360766636
20
-18.960607139156327
30
0
10
-9.970247081184523
20
-18.932937648838163
30
0
10
-10.002354345865184
20
-18.905235317646525
30
0
10
-10.035087106398718
20
-18.877525305003427
30
0
10
-10.06844048874349
20
-18.84983367706474
30
0
10
-10.10240772113666
20
-18.822187306694325
30
0
10
-10.13698007254411
20
-18.794613761534052
30
0
10
-10.172146803142057
20
-18.767141180755377
30
0
10
-10.207895128248154
20
-18.739798141305226
30
0
10
-10.244210197008872
20
-18.712613514686613
30
0
10
-10.281075087001206
20
-18.68561631553753
30
0
10
-10.318470815721717
20
-18.658835543482418
30
0
10
-10.356376369716168
20
-18.632300019923186
30
0
10
-10.394768751852109
20
-18.60603822160405
30
0
10
-10.43362304695961
20
-18.580078112920436
30
0
10
-10.472912505767928
20
-18.55444697904056
30
0
10
-10.512608646754817
20
-18.529171261965487
30
0
10
-10.552681375209687
20
-18.504276401664423
30
0
10
-10.59309911849912
20
-18.479786684386063
30
0
10
-10.633828976223207
20
-18.455725100162372
30
0
10
-10.674836883672336
20
-18.432113211390153
30
0
10
-10.716087786744572
20
-18.4089710342003
30
0
10
-10.757545826271324
20
-18.38631693410956
30
0
10
-10.799174529530383
20
-18.364167537200814
30
0
10
-10.84093700660415
20
-18.342537657802
30
0
10
-10.882796149172524
20
-18.321440243338934
30
0
10
-10.92471482931335
20
-18.300886336732468
30
0
10
-10.966656095920499
20
-18.28088505640342
30
0
10
-11.00858336643701
20
-18.261443593648906
30
0
10
-11.050460611734895
20
-18.242567226868744
30
0
10
-11.092252532149368
20
-18.224259351858034
30
0
10
-11.133924722886757
20
-18.20652152714751
30
0
10
-11.175443827264502
20
-18.189353533172465
30
0
10
-11.216777676501813
20
-18.172753443886627
30
0
10
-11.257895415051838
20
-18.156717709312225
30
0
10
-11.298767610742846
20
-18.141241247431765
30
0
10
-11.33936634927061
20
-18.126317543780036
30
0
10
-11.379665312848319
20
-18.111938757085557
30
0
10
-11.419639843070154
20
-18.098095829334888
30
0
10
-11.459266988273638
20
-18.08477859868852
30
0
10
-11.498525535890842
20
-18.071975913758795
30
0
10
-11.537396030457321
20
-18.059675747863466
30
0
10
-11.57586077809725
20
-18.047865311989018
30
0
10
-11.61390383842465
20
-18.03653116533082
30
0
10
-11.651511004892791
20
-18.025659322417624
30
0
10
-11.688669774688448
20
-18.015235355972404
30
0
10
-11.725369309306402
20
-18.00524449480566
30
0
10
-11.761600386954614
20
-17.995671716178133
30
0
10
-11.797355347933658
20
-17.986501832204834
30
0
10
-11.832628034109463
20
-17.977719569998367
30
0
10
-11.867413723557668
20
-17.969309645366344
30
0
10
-11.901709061404455
20
-17.96125682998298
30
0
10
-11.935511987825567
20
-17.953546012048328
30
0
10
-11.968821664094195
20
-17.946162250530342
30
0
10
-12.001638397492943
20
-17.939090823154096
30
0
10
-12.033963565826319
20
-17.93231726836022
30
0
10
-12.065799542190712
20
-17.925827421501193
30
0
10
-12.097149620580213
20
-17.91960744558012
30
0
10
-12.128017942829505
20
-17.913643856863256
30
0
10
-12.158409427321724
20
-17.907923545715494
30
0
10
-12.188329699819231
20
-17.902433793018442
30
0
10
-12.217785026710363
20
-17.89716228253443
30
0
10
-12.24678225090471
20
-17.892097109577854
30
0
10
-12.27532873055504
20
-17.88722678634866
30
0
10
-12.30343228073405
20
-17.882540244272167
30
0
10
-12.331101118149974
20
-17.878026833676007
30
0
10
-12.358343808946106
20
-17.873676321118605
30
0
10
-12.38516921959509
20
-17.86947888466636
30
0
10
-12.411586470869391
20
-17.865425107397435
30
0
10
-12.437604894844531
20
-17.861505969390752
30
0
10
-12.463233994870706
20
-17.85771283843879
30
0
10
-12.488483408431097
20
-17.854037459703118
30
0
10
-12.513362872791705
20
-17.85047194451212
30
0
10
-12.537882193336388
20
-17.847008758481604
30
0
10
-12.562051214472984
20
-17.84364070912078
30
0
10
-12.585879792990614
20
-17.840360933069004
30
0
10
-12.609377773744555
20
-17.837162883092333
30
0
10
-12.63255496754322
20
-17.83404031495386
30
0
10
-12.655421131111492
20
-17.83098727425751
30
0
10
-12.67798594900549
20
-17.827998083351964
30
0
10
-12.700259017355888
20
-17.825067328369432
30
0
10
-12.722249829319658
20
-17.822189846462894
30
0
10
-12.743967762123809
20
-17.819360713295495
30
0
10
-12.765422065588574
20
-17.81657523082693
30
0
10
-12.78662185202216
20
-17.813828915433227
30
0
10
-12.807576087383842
20
-17.81111748638942
30
0
10
-12.828293583617238
20
-17.80843685473796
30
0
10
-12.84878299206059
20
-17.805783112560007
30
0
10
-12.869052797846173
20
-17.803152522661897
30
0
10
-12.889111315205858
20
-17.800541508684443
30
0
10
-12.908966683605064
20
-17.797946645639055
30
0
10
-12.928626864632172
20
-17.795364650871385
30
0
10
-12.948099639575325
20
-17.792792375450258
30
0
10
-12.967392607623099
20
-17.790226795977365
30
0
10
-12.986513184630091
20
-17.78766500681104
30
0
10
-13.005468602392602
20
-17.785104212695963
30
0
10
-13.024265908383738
20
-17.782541721788984
30
0
10
-13.042911965901071
20
-17.77997493907042
30
0
10
-13.061413454583636
20
-17.77740136012908
30
0
10
-13.079776871258419
20
-17.774818565308745
30
0
10
-13.098008531079845
20
-17.772224214203316
30
0
10
-13.11611456892863
20
-17.76961604048738
30
0
10
-13.134100941039339
20
-17.766991847069058
30
0
10
-13.151973426828485
20
-17.764349501551468
30
0
10
-13.169737630897576
20
-17.76168693198966
30
0
10
-13.187398985187746
20
-17.759002122929523
30
0
10
-13.204962751264691
20
-17.756293111715703
30
0
10
-13.222434022714673
20
-17.75355798505555
30
0
10
-13.239817727634055
20
-17.750794875826543
30
0
10
-13.257118631196656
20
-17.748001960114898
30
0
10
-13.274341338284536
20
-17.745177454473403
30
0
10
-13.291490296169465
20
-17.742319613386982
30
0
10
-13.308569797233499
20
-17.739426726934724
30
0
10
-13.325583981718294
20
-17.736497118637686
30
0
10
-13.342536840493935
20
-17.7335291434821
30
0
10
-13.359432217838966
20
-17.730521186107985
30
0
10
-13.376273814224408
20
-17.727471659153665
30
0
10
-13.393065189095092
20
-17.72437900174711
30
0
10
-13.409809763642698
20
-17.721241678135268
30
0
10
-13.42651082356543
20
-17.718058176443172
30
0
10
-13.443171521809846
20
-17.714827007554813
30
0
10
-13.459794881291076
20
-17.711546704108276
30
0
10
-13.476383797588056
20
-17.70821581959789
30
0
10
-13.492941041610953
20
-17.704832927576643
30
0
10
-13.509469262238307
20
-17.701396620952263
30
0
10
-13.525970988921873
20
-17.697905511370926
30
0
10
-13.54244863425747
20
-17.69435822868266
30
0
10
-13.558904496520395
20
-17.690753420482963
30
0
10
-13.5753407621643
20
-17.68708975172544
30
0
10
-13.59175950828273
20
-17.68336590440036
30
0
10
-13.608162705032546
20
-17.679580577274592
30
0
10
-13.624552218018895
20
-17.67573248568849
30
0
10
-13.640929810641412
20
-17.671820361405338
30
0
10
-13.657297146401529
20
-17.66784295250974
30
0
10
-13.673655791170921
20
-17.663799023350865
30
0
10
-13.690007215421224
20
-17.659687354527282
30
0
10
-13.70635279641529
20
-17.655506742909935
30
0
10
-13.722693820360252
20
-17.65125600170017
30
0
10
-13.73903148452295
20
-17.646933960519814
30
0
10
-13.755366899308031
20
-17.64253946553059
30
0
10
-13.771701090299384
20
-17.638071379580154
30
0
10
-13.788035000265516
20
-17.633528582372353
30
0
10
-13.804369491129382
20
-17.628909970659343
30
0
10
-13.82070534590349
20
-17.62421445845335
30
0
10
-13.837043270590833
20
-17.619440977256044
30
0
10
-13.8533838960525
20
-17.61458847630361
30
0
10
-13.869727779842584
20
-17.609655922825524
30
0
10
-13.886075408011166
20
-17.60464230231559
30
0
10
-13.90242719687621
20
-17.599546618813314
30
0
10
-13.91878349476495
20
-17.594367895194292
30
0
10
-13.935144583725682
20
-17.58910517346814
30
0
10
-13.951510681210644
20
-17.583757515082535
30
0
10
-13.967881941730717
20
-17.57832400123219
30
0
10
-13.984258458482678
20
-17.572803733171543
30
0
10
-14.000640264949835
20
-17.567195832529997
30
0
10
-14.017027336476588
20
-17.561499441628747
30
0
10
-14.03341959181776
20
-17.555713723798075
30
0
10
-14.049816894663303
20
-17.54983786369433
30
0
10
-14.066219055139134
20
-17.54387106761561
30
0
10
-14.08262583128467
20
-17.537812563815336
30
0
10
-14.099036930507728
20
-17.53166160281303
30
0
10
-14.115452011017474
20
-17.52541745770146
30
0
10
-14.131870683235958
20
-17.51907942444957
30
0
10
-14.148292511188789
20
-17.512646822200463
30
0
10
-14.164717013875693
20
-17.506118993563955
30
0
10
-14.181143666621256
20
-17.49949530490303
30
0
10
-14.197571902406565
20
-17.492775146613702
30
0
10
-14.214001113182237
20
-17.485957933397867
30
0
10
-14.230430651163239
20
-17.479043104528547
30
0
10
-14.24685983010605
20
-17.472030124107214
30
0
10
-14.263287926568646
20
-17.464918481312722
30
0
10
-14.279714181153643
20
-17.45770769064148
30
0
10
-14.296137799735122
20
-17.450397292138568
30
0
10
-14.312557954669492
20
-17.44298685161933
30
0
10
-14.328973785990788
20
-17.43547596088129
30
0
10
-14.34538440259076
20
-17.427864237906018
30
0
10
-14.361788883384106
20
-17.420151327050682
30
0
10
-14.378186278459236
20
-17.412336899229043
30
0
10
-14.394575610214792
20
-17.40442065208166
30
0
10
-14.410955874482315
20
-17.396402310135137
30
0
10
-14.427326041635302
20
-17.38828162495006
30
0
10
-14.44368505768495
20
-17.380058375257672
30
0
10
-14.460031845362803
20
-17.371732367084878
30
0
10
-14.476365305190633
20
-17.363303433867557
30
0
10
-14.492684316537689
20
-17.354771436552014
30
0
10
-14.508987738665597
20
-17.34613626368443
30
0
10
-14.525274411761094
20
-17.337397831488136
30
0
10
-14.5415431579568
20
-17.328556083928675
30
0
10
-14.557792782340195
20
-17.31961099276648
30
0
10
-14.574022073950964
20
-17.310562557597184
30
0
10
-14.59022980676692
20
-17.301410805879268
30
0
10
-14.60641474067859
20
-17.292155792949202
30
0
10
-14.622575622452578
20
-17.282797602023887
30
0
10
-14.638711186683988
20
-17.273336344190316
30
0
10
-14.65482015673783
20
-17.263772158382462
30
0
10
-14.670901245679588
20
-17.254105211345358
30
0
10
-14.686953157195132
20
-17.24433569758622
30
0
10
-14.70297458649993
20
-17.234463839312696
30
0
10
-14.71896422123772
20
-17.224489886358175
30
0
10
-14.734920742368708
20
-17.214414116094062
30
0
10
-14.750842825047327
20
-17.204236833329137
30
0
10
-14.766729139489629
20
-17.19395837019584
30
0
10
-14.782578351830386
20
-17.183579086023613
30
0
10
-14.798389124969919
20
-17.1730993671991
30
0
10
-14.81416011941062
20
-17.162519627013513
30
0
10
-14.829889994083407
20
-17.151840305496766
30
0
10
-14.845577407163876
20
-17.141061869238783
30
0
10
-14.861221016878353
20
-17.13018481119768
30
0
10
-14.87681948229975
20
-17.119209650495062
30
0
10
-14.892371464133365
20
-17.108136932198256
30
0
10
-14.907875625492464
20
-17.096967227089664
30
0
10
-14.923330632663735
20
-17.085701131423207
30
0
10
-14.93873515586264
20
-17.074339266667785
30
0
10
-14.954087869978586
20
-17.062882279237947
30
0
10
-14.969387455309894
20
-17.05133084021173
30
0
10
-14.984632598288634
20
-17.039685645035597
30
0
10
-14.999821992195212
20
-17.02794741321673
30
0
10
-15.014954337862731
20
-17.016116888002493
30
0
10
-15.030028344371097
20
-17.004194836047255
30
0
10
-15.045042729730818
20
-16.992182047066517
30
0
10
-15.059996221556483
20
-16.980079333478457
30
0
10
-15.074887557729843
20
-16.967887530032908
30
0
10
-15.089715487052556
20
-16.95560749342776
30
0
10
-15.104478769888424
20
-16.943240101912917
30
0
10
-15.119176178795147
20
-16.93078625488183
30
0
10
-15.13380649914561
20
-16.918246872450613
30
0
10
-15.1483685297385
20
-16.905622895024766
30
0
10
-15.16286108339836
20
-16.892915282853725
30
0
10
-15.177282987564952
20
-16.88012501557303
30
0
10
-15.191633084871905
20
-16.867253091734366
30
0
10
-15.205910233714544
20
-16.85430052832344
30
0
10
-15.220113308806976
20
-16.841268360265694
30
0
10
-15.234241201728226
20
-16.828157639920015
30
0
10
-15.248292821457465
20
-16.81496943656044
30
0
10
-15.26226709489828
20
-16.8017048358458
30
0
10
-15.27616296739189
20
-16.788364939277546
30
0
10
-15.289979403219261
20
-16.77495086364561
30
0
10
-15.303715386092119
20
-16.761463740462503
30
0
10
-15.317369919632759
20
-16.74790471538552
30
0
10
-15.330942027842603
20
-16.73427494762729
30
0
10
-15.344430755559445
20
-16.720575609354544
30
0
10
-15.35783516890345
20
-16.70680788507524
30
0
10
-15.371154355711658
20
-16.69297297101396
30
0
10
-15.38438742596109
20
-16.679072074475854
30
0
10
-15.397533512180415
20
-16.665106413198828
30
0
10
-15.410591769850035
20
-16.651077214694293
30
0
10
-15.423561377790612
20
-16.63698571557636
30
0
10
-15.43644153854004
20
-16.62283316087949
30
0
10
-15.449231478718712
20
-16.60862080336474
30
0
10
-15.461930449383114
20
-16.59434990281446
30
0
10
-15.47453772636774
20
-16.58002172531559
30
0
10
-15.487052610615219
20
-16.56563754253151
30
0
10
-15.4994744284947
20
-16.551198630962396
30
0
10
-15.511802532108398
20
-16.53670627119428
30
0
10
-15.524036299586367
20
-16.52216174713647
30
0
10
-15.536175135369387
20
-16.50756634524771
30
0
10
-15.548218470480004
20
-16.492921353750802
30
0
10
-15.560165762781734
20
-16.478228061835754
30
0
10
-15.572016497226349
20
-16.463487758851464
30
0
10
-15.58377018608929
20
-16.448701733485883
30
0
10
-15.595426369193232
20
-16.433871272934585
30
0
10
-15.606984614119744
20
-16.41899766205781
30
0
10
-15.618444516409092
20
-16.404082182525855
30
0
10
-15.629805699748209
20
-16.38912611195273
30
0
10
-15.641067816146832
20
-16.37413072301815
30
0
10
-15.65223054610184
20
-16.359097282577654
30
0
10
-15.663293598749837
20
-16.344027050760882
30
0
10
-15.674256712007995
20
-16.328921280057887
30
0
10
-15.68511965270322
20
-16.313781214393405
30
0
10
-15.695882216689736
20
-16.29860808818895
30
0
10
-15.706544228955035
20
-16.283403125412693
30
0
10
-15.71710554371441
20
-16.268167538617003
30
0
10
-15.727566044493996
20
-16.252902527963442
30
0
10
-15.73792564420254
20
-16.23760928023519
30
0
10
-15.748184285191943
20
-16.222288967836718
30
0
10
-15.758341939306584
20
-16.206942747780534
30
0
10
-15.768398607921762
20
-16.191571760660874
30
0
10
-15.778354321971154
20
-16.176177129614118
30
0
10
-15.78820914196353
20
-16.16075995926586
30
0
10
-15.797963157988953
20
-16.145321334664235
30
0
10
-15.80761648971442
20
-16.12986232019953
30
0
10
-15.81716928636932
20
-16.114383958509713
30
0
10
-15.826621726720829
20
-16.09888726937162
30
0
10
-15.835974019039364
20
-16.08337324857771
30
0
10
-15.845226401054456
20
-16.067842866797978
30
0
10
-15.854379139901164
20
-16.052297068426867
30
0
10
-15.863432532057379
20
-16.03673677041476
30
0
10
-15.87238690327219
20
-16.021162861083926
30
0
10
-15.88124260848567
20
-16.005576198928473
30
0
10
-15.890000031740389
20
-15.989977611398025
30
0
10
-15.898659586084971
20
-15.974367893664793
30
0
10
-15.907221713470015
20
-15.95874780737369
30
0
10
-15.915686884636875
20
-15.943118079375044
30
0
10
-15.924055598999546
20
-15.927479400439658
30
0
10
-15.932328384520218
20
-15.911832423955676
30
0
10
-15.940505797578899
20
-15.896177764606925
30
0
10
-15.948588422837599
20
-15.88051599703225
30
0
10
-15.956576873099584
20
-15.864847654465478
30
0
10
-15.964471789164351
20
-15.849173227355399
30
0
10
-15.972273839678747
20
-15.833493161965444
30
0
10
-15.979983720984992
20
-15.81780785895246
30
0
10
-15.987602156966265
20
-15.802117671924139
30
0
10
-15.995129898890465
20
-15.786422905974515
30
0
10
-16.002567725253027
20
-15.770723816197064
30
0
10
-16.00991644161949
20
-15.755020606174819
30
0
10
-16.017176880468746
20
-15.739313426446909
30
0
10
-16.024349901037812
20
-15.723602372951047
30
0
10
-16.03143638916912
20
-15.707887485441288
30
0
10
-16.038437257161334
20
-15.692168745880508
30
0
10
-16.04535344362477
20
-15.676446076807006
30
0
10
-16.052185913342544
20
-15.66071933967465
30
0
10
-16.05893565713873
20
-15.644988333165879
30
0
10
-16.06560369175472
20
-15.629252791477066
30
0
10
-16.072191059735225
20
-15.61351238257554
30
0
10
-16.078698829325344
20
-15.597766706427711
30
0
10
-16.085128094380224
20
-15.582015293197678
30
0
10
-16.09147997428895
20
-15.566257601415785
30
0
10
-16.097755613914384
20
-15.550493016116487
30
0
10
-16.103956183550782
20
-15.534720846944966
30
0
10
-16.11008287890112
20
-15.518940326232098
30
0
10
-16.11613692107618
20
-15.503150607037108
30
0
10
-16.12211955661755
20
-15.487350761157533
30
0
10
-16.12803205754689
20
-15.47153977710608
30
0
10
-16.13387572144377
20
-15.455716558054009
30
0
10
-16.139651871554815
20
-15.439879919740651
30
0
10
-16.145361856936756
20
-15.424028588348934
30
0
10
-16.151007052636274
20
-15.408161198346715
30
0
10
-16.15658885990974
20
-15.392276290293754
30
0
10
-16.16210870648599
20
-15.376372308614481
30
0
10
-16.167568046875584
20
-15.360447599336688
30
0
10
-16.172968362730092
20
-15.344500407796255
30
0
10
-16.17831116325522
20
-15.328528876308614
30
0
10
-16.183597985681736
20
-15.31253104180726
30
0
10
-16.188830395798433
20
-15.296504833450246
30
0
10
-16.194009988551546
20
-15.280448070195652
30
0
10
-16.199138388715287
20
-15.264358458347093
30
0
10
-16.204217251638486
20
-15.24823358907092
30
0
10
-16.209248264072382
20
-15.23207093588674
30
0
10
-16.21423314508518
20
-15.215867852133387
30
0
10
-16.219173647068914
20
-15.199621568412784
30
0
10
-16.22407155684474
20
-15.18332919001443
30
0
10
-16.228928696872956
20
-15.166987694323863
30
0
10
-16.233746926574245
20
-15.150593928218754
30
0
10
-16.238528143769145
20
-15.134144605456841
30
0
10
-16.243274286242926
20
-15.117636304060598
30
0
10
-16.24798733344341
20
-15.101065463704026
30
0
10
-16.2526693083196
20
-15.084428383107625
30
0
10
-16.25732227930928
20
-15.067721217448558
30
0
10
-16.26194836248413
20
-15.05093997579362
30
0
10
-16.266549723861115
20
-15.034080518563618
30
0
10
-16.271128581889357
20
-15.017138555038757
30
0
10
-16.27568721012186
20
-15.00010964091571
30
0
10
-16.28022794008184
20
-14.982989175928141
30
0
10
-16.284753164333644
20
-14.965772401543788
30
0
10
-16.28926533976847
20
-14.94845439875253
30
0
10
-16.293766991115376
20
-14.93103008596145
30
0
10
-16.298260714688155
20
-14.913494217014348
30
0
10
-16.302749182378818
20
-14.895841379355021
30
0
10
-16.307235145908543
20
-14.878065992355559
30
0
10
-16.311721441346812
20
-14.86016230583267
30
0
10
-16.31621099390959
20
-14.84212439877759
30
0
10
-16.320706823047068
20
-14.823946178327095
30
0
10
-16.325212047831226
20
-14.805621379005911
30
0
10
-16.329729892653212
20
-14.787143562273354
30
0
10
-16.33426369323982
20
-14.768506116409869
30
0
10
-16.3388169029978
20
-14.74970225678227
30
0
10
-16.343393099693706
20
-14.730725026529575
30
0
10
-16.347995992476026
20
-14.711567297714808
30
0
10
-16.35262942924491
20
-14.692221772991717
30
0
10
-16.357297404373234
20
-14.672680987839101
30
0
10
-16.362004066780912
20
-14.65293731341939
30
0
10
-16.366753728361985
20
-14.632982960122257
30
0
10
-16.37155087276153
20
-14.612809981858295
30
0
10
-16.376400164496484
20
-14.592410281172125
30
0
10
-16.381306458410712
20
-14.571775615248981
30
0
10
-16.386274809451088
20
-14.550897602893134
30
0
10
-16.391310482746476
20
-14.529767732561423
30
0
10
-16.3964189639667
20
-14.508377371539567
30
0
10
-16.40160596993253
20
-14.486717776353572
30
0
10
-16.406877459441585
20
-14.464780104512945
30
0
10
-16.412239644267625
20
-14.442555427686619
30
0
10
-16.417699000282873
20
-14.420034746416334
30
0
10
-16.423262278644135
20
-14.397209006475817
30
0
10
-16.428936516973796
20
-14.374069116986819
30
0
10
-16.434729050456244
20
-14.350605970405503
30
0
10
-16.440647522758717
20
-14.32681046449392
30
0
10
-16.44669989667304
20
-14.302673526391732
30
0
10
-16.452894464361407
20
-14.278186138902367
30
0
10
-16.459239857074998
20
-14.253339369105621
30
0
10
-16.46574505419895
20
-14.22812439940446
30
0
10
-16.47241939146125
20
-14.202532561107896
30
0
10
-16.479272568126344
20
-14.1765553706436
30
0
10
-16.486314652976866
20
-14.15018456848296
30
0
10
-16.493556088869347
20
-14.12341216084775
30
0
10
-16.501007695631674
20
-14.096230464250754
30
0
10
-16.508680671052343
20
-14.068632152902227
30
0
10
-16.51658658969433
20
-14.040610308990042
30
0
10
-16.5247373992496
20
-14.012158475813042
30
0
10
-16.533145414135316
20
-13.983270713714427
30
0
10
-16.54182330601936
20
-13.953941658724657
30
0
10
-16.550784090951733
20
-13.92416658378126
30
0
10
-16.560041112770758
20
-13.893941462345872
30
0
10
-16.569608022449014
20
-13.863263034186703
30
0
10
-16.579498753044735
20
-13.83212887303777
30
0
10
-16.58972748993059
20
-13.800537455784944
30
0
10
-16.600308635984774
20
-13.76848823276277
30
0
10
-16.61125677144929
20
-13.735981698676865
30
0
10
-16.62258660818866
20
-13.703019463594622
30
0
10
-16.634312938120182
20
-13.669604323372504
30
0
10
-16.64645057563404
20
-13.635740328813819
30
0
10
-16.65901429387986
20
-13.601432852777284
30
0
10
-16.67201875486555
20
-13.56668865438525
30
0
10
-16.68547843339512
20
-13.531515939414644
30
0
10
-16.699407534964024
20
-13.49592441589408
30
0
10
-16.71381990783416
20
-13.459925343881013
30
0
10
-16.728728949624205
20
-13.423531578354767
30
0
10
-16.744147508874054
20
-13.386757604138444
30
0
10
-16.760087782172796
20
-13.34961956175738
30
0
10
-16.776561207575856
20
-13.312135263155984
30
0
10
-16.793578355176273
20
-13.27432419623247
30
0
10
-16.811148815833718
20
-13.236207517212758
30
0
10
-16.829281089200258
20
-13.197808029972872
30
0
10
-16.84798247230878
20
-13.159150151535048
30
0
10
-16.86725895010483
20
-13.120259863106357
30
0
10
-16.887115089400886
20
-13.08116464619889
30
0
10
-16.907553937808466
20
-13.041893403567597
30
0
10
-16.928576929253996
20
-13.00247636492168
30
0
10
-16.950183797705247
20
-12.962944977604923
30
0
10
-16.972372500721747
20
-12.92333178269569
30
0
10
-16.995139154392895
20
-12.883670277242246
30
0
10
-17.018477981139796
20
-12.843994763616587
30
0
10
-17.042381271729354
20
-12.804340187235137
30
0
10
-17.066839362683695
20
-12.764741964147179
30
0
10
-17.091840630065562
20
-12.725235800226546
30
0
10
-17.11737150038513
20
-12.685857503909185
30
0
10
-17.143416479109405
20
-12.646642794593262
30
0
10
-17.169958196969272
20
-12.607627108952341
30
0
10
-17.196977473957716
20
-12.56884540749997
30
0
10
-17.22445340060366
20
-12.53033198378334
30
0
10
-17.252363435798504
20
-12.492120278571004
30
0
10
-17.2806835201549
20
-12.454242701334236
30
0
10
-17.30938820359866
20
-12.41673046120573
30
0
10
-17.338450785642394
20
-12.379613409435228
30
0
10
-17.36784346657195
20
-12.342919895153168
30
0
10
-17.397537507598624
20
-12.306676636008813
30
0
10
-17.427503397897137
20
-12.270908604973396
30
0
10
-17.45771102636399
20
-12.235638934301662
30
0
10
-17.488129855894947
20
-12.200888837334306
30
0
10
-17.51872909799267
20
-12.166677548509039
30
0
10
-17.54947788557527
20
-12.133022281637382
30
0
10
-17.58034544195932
20
-12.099938206206026
30
0
10
-17.611301244132207
20
-12.067438441183416
30
0
10
-17.64231517860282
20
-12.035534065560096
30
0
10
-17.67335768832068
20
-12.004234144629727
30
0
10
-17.704399909373134
20
-11.973545770831407
30
0
10
-17.73541379640324
20
-11.943474117824195
30
0
10
-17.766372235928966
20
-11.914022506352506
30
0
10
-17.797249146981947
20
-11.885192480386781
30
0
10
-17.8280195687142
20
-11.85698389198539
30
0
10
-17.858659734840842
20
-11.829394993318319
30
0
10
-17.88914713498914
20
-11.802422534318898
30
0
10
-17.919460563208002
20
-11.776061864481868
30
0
10
-17.949580154054114
20
-11.750307037400287
30
0
10
-17.97948740680932
20
-11.725150916727264
30
0
10
-18.009165198498994
20
-11.700585282354975
30
0
10
-18.038597786471883
20
-11.676600935720987
30
0
10
-18.067770801370653
20
-11.653187803274552
30
0
10
-18.096671231368163
20
-11.630335037261835
30
0
10
-18.125287398571025
20
-11.60803111311431
30
0
10
-18.153608928500446
20
-11.586263922846905
30
0
10
-18.181626713552376
20
-11.565020863989945
30
0
10
-18.209332871317567
20
-11.544288923689086
30
0
10
-18.2367206986098
20
-11.524054757709601
30
0
10
-18.263784622008064
20
-11.504304764174442
30
0
10
-18.29052014566957
20
-11.485025151949058
30
0
10
-18.31692379711645
20
-11.466202003659319
30
0
10
-18.342993071641008
20
-11.447821333393053
30
0
10
-18.368726375915244
20
-11.429869139189886
30
0
10
-18.394122971329942
20
-11.412331450469505
30
0
10
-18.419182917529923
20
-11.395194370585173
30
0
10
-18.443907016553762
20
-11.37844411471848
30
0
10
-18.468296757930993
20
-11.362067043353086
30
0
10
-18.492354265037683
20
-11.346049691580824
30
0
10
-18.516082242961655
20
-11.33037879450326
30
0
10
-18.539483928083328
20
-11.31504130899717
30
0
10
-18.56256303953652
20
-11.30002443211272
30
0
10
-18.585323732675423
20
-11.28531561637091
30
0
10
-18.60777055464003
20
-11.270902582220932
30
0
10
-18.629908402082023
20
-11.256773327910201
30
0
10
-18.651742481086238
20
-11.242916137010035
30
0
10
-18.673278269299587
20
-11.22931958382873
30
0
10
-18.69452148025926
20
-11.215972536931492
30
0
10
-18.715478029894683
20
-11.20286416097383
30
0
10
-18.736154005163474
20
-11.189983917041843
30
0
10
-18.756555634769665
20
-11.177321561679165
30
0
10
-18.776689261902654
20
-11.16486714476732
30
0
10
-18.796561318927917
20
-11.15261100641291
30
0
10
-18.816178303954352
20
-11.140543772982411
30
0
10
-18.835546759199097
20
-11.128656352413163
30
0
10
-18.854673251067542
20
-11.116939928917203
30
0
10
-18.873564351864623
20
-11.10538595718387
30
0
10
-18.892226623052814
20
-11.09398615617621
30
0
10
-18.910666599972167
20
-11.082732502606685
30
0
10
-18.928890777939024
20
-11.07161722416849
30
0
10
-18.94690559964108
20
-11.060632792590175
30
0
10
-18.964717443748835
20
-11.049771916573604
30
0
10
-18.98233261466553
20
-11.039027534667932
30
0
10
-18.999757333340618
20
-11.028392808125732
30
0
10
-19.016997729074433
20
-11.01786111378149
30
0
10
-19.034059832245102
20
-11.007426036986903
30
0
10
-19.050949567891653
20
-10.997081364632853
30
0
10
-19.067672750090612
20
-10.986821078283159
30
0
10
-19.08423507706672
20
-10.976639347441255
30
0
10
-19.100642126981484
20
-10.966530522967423
30
0
10
-19.1168993543466
20
-10.956489130660858
30
0
10
-19.1330120870123
20
-10.946509865018069
30
0
10
-19.14898552368389
20
-10.936587583176534
30
0
10
-19.16482473192254
20
-10.926717299050274
30
0
10
-19.18053464658928
20
-10.91689417766208
30
0
10
-19.19612006869399
20
-10.907113529675328
30
0
10
-19.211585664613594
20
-10.897370806126935
30
0
10
-19.226935965646312
20
-10.887661593361512
30
0
10
-19.242175367871155
20
-10.877981608165873
30
0
10
-19.257308132283928
20
-10.868326693101906
30
0
10
-19.272338385183417
20
-10.858692812035095
30
0
10
-19.28727011878314
20
-10.84907604585532
30
0
10
-19.302107192026003
20
-10.839472588385858
30
0
10
-19.316853331581097
20
-10.829878742476243
30
0
10
-19.331512133003237
20
-10.820290916274027
30
0
10
-19.346087062037697
20
-10.810705619670413
30
0
10
-19.36058145605374
20
-10.80111946091435
30
0
10
-19.374998525592083
20
-10.791529143389571
30
0
10
-19.389341356012608
20
-10.781931462548943
30
0
10
-19.40361290922969
20
-10.772323303000409
30
0
10
-19.41781602552385
20
-10.762701635738814
30
0
10
-19.43195342541912
20
-10.753063515517873
30
0
10
-19.446027711616612
20
-10.74340607835656
30
0
10
-19.460041370975656
20
-10.733726539174413
30
0
10
-19.473996776534545
20
-10.724022189550027
30
0
10
-19.487896189563706
20
-10.714290395597489
30
0
10
-19.50174176164485
20
-10.704528595955287
30
0
10
-19.515535536770123
20
-10.694734299882574
30
0
10
-19.529279453456027
20
-10.68490508545766
30
0
10
-19.542975346867234
20
-10.675038597873884
30
0
10
-19.556624950946002
20
-10.665132547828062
30
0
10
-19.57022990054337
20
-10.655184709996846
30
0
10
-19.583791733548523
20
-10.645192921596605
30
0
10
-19.597311893013327
20
-10.63515508102248
30
0
10
-19.610791729269284
20
-10.625069146562456
30
0
10
-19.624232502034296
20
-10.614933135182438
30
0
10
-19.637635382507238
20
-10.604745121378546
30
0
10
-19.65100145544829
20
-10.59450323609285
30
0
10
-19.66433172124341
20
-10.584205665689044
30
0
10
-19.677627097951422
20
-10.573850650984697
30
0
10
-19.69088842333249
20
-10.563436486336702
30
0
10
-19.704116456856784
20
-10.552961518776947
30
0
10
-19.71731188169253
20
-10.542424147195112
30
0
10
-19.73047530667246
20
-10.53182282156579
30
0
10
-19.74360726823819
20
-10.521156042217198
30
0
10
-19.756708232361717
20
-10.510422359138849
30
0
10
-19.769778596443885
20
-10.499620371325742
30
0
10
-19.78281869118917
20
-10.488748726156626
30
0
10
-19.79582878245674
20
-10.477806118804155
30
0
10
-19.808809073087414
20
-10.466791291674726
30
0
10
-19.82175970470656
20
-10.455703033875933
30
0
10
-19.834680759502707
20
-10.444540180709732
30
0
10
-19.847572261981927
20
-10.433301613189393
30
0
10
-19.8604341806981
20
-10.421986257578515
30
0
10
-19.873266429958935
20
-10.410593084950348
30
0
10
-19.886068871508034
20
-10.399121110765908
30
0
10
-19.89884131618308
20
-10.387569394469262
30
0
10
-19.91158352555029
20
-10.375937039098588
30
0
10
-19.924295213515354
20
-10.364223190911611
30
0
10
-19.93697604791103
20
-10.35242703902412
30
0
10
-19.949625652061744
20
-10.34054781506028
30
0
10
-19.96224360632523
20
-10.328584792813595
30
0
10
-19.974829449611647
20
-10.3165372879174
30
0
10
-19.987382680880362
20
-10.30440465752377
30
0
10
-19.999902760614624
20
-10.292186299989888
30
0
10
-20.012389112274494
20
-10.279881654570904
30
0
10
-20.02484112372823
20
-10.267490201118333
30
0
10
-20.03725814866241
20
-10.255011459783193
30
0
10
-20.049639507971136
20
-10.242444990723028
30
0
10
-20.06198449112453
20
-10.229790393812035
30
0
10
-20.074292357516793
20
-10.217047308353605
30
0
10
-20.086562337794135
20
-10.204215412794566
30
0
10
-20.098793635162817
20
-10.191294424440436
30
0
10
-20.110985426677647
20
-10.178284099171142
30
0
10
-20.123136864510972
20
-10.16518423115656
30
0
10
-20.13524707720273
20
-10.151994652571329
30
0
10
-20.147315170891527
20
-10.13871523330848
30
0
10
-20.15934023052717
20
-10.125345880691267
30
0
10
-20.17132132106473
20
-10.11188653918292
30
0
10
-20.183257488640553
20
-10.098337190093652
30
0
10
-20.19514776173025
20
-10.08469785128471
30
0
10
-20.206991152288946
20
-10.070968576869017
30
0
10
-20.218786656874123
20
-10.057149456907956
30
0
10
-20.230533257750967
20
-10.043240617104104
30
0
10
-20.242229923980705
20
-10.029242218489497
30
0
10
-20.253875612491917
20
-10.015154457109142
30
0
10
-20.265469269135096
20
-10.000977563699516
30
0
10
-20.27700982972056
20
-9.986711803361802
30
0
10
-20.288496221039924
20
-9.97235747522955
30
0
10
-20.29992736187126
20
-9.95791491213064
30
0
10
-20.311302163968076
20
-9.94338448024323
30
0
10
-20.32261953303227
20
-9.928766578745588
30
0
10
-20.333878369671208
20
-9.914061639459545
30
0
10
-20.345077570339
20
-9.899270126487448
30
0
10
-20.35621602826208
20
-9.88439253584248
30
0
10
-20.367292634349326
20
-9.86942939507212
30
0
10
-20.37830627808662
20
-9.854381262874718
30
0
10
-20.38925584841612
20
-9.839248728709006
30
0
10
-20.400140234600272
20
-9.82403241239642
30
0
10
-20.410958327070563
20
-9.808732963716214
30
0
10
-20.42170901826126
20
-9.793351061993208
30
0
10
-20.432391203428043
20
-9.777887415678126
30
0
10
-20.443003781451736
20
-9.76234276192043
30
0
10
-20.453545655627064
20
-9.746717866133663
30
0
10
-20.46401573443661
20
-9.73101352155313
30
0
10
-20.474412932309978
20
-9.715230548785993
30
0
10
-20.48473617036811
20
-9.6993697953537
30
0
10
-20.49498437715305
20
-9.683432135226656
30
0
10
-20.505156489342884
20
-9.667418468351249
30
0
10
-20.51525145245213
20
-9.651329720169084
30
0
10
-20.525268221517468
20
-9.635166841128534
30
0
10
-20.535205761768907
20
-9.618930806188473
30
0
10
-20.545063049286377
20
-9.602622614314319
30
0
10
-20.55483907164176
20
-9.586243287966365
30
0
10
-20.564532828526406
20
-9.569793872580304
30
0
10
-20.574143332364102
20
-9.553275436040133
30
0
10
-20.583669608909528
20
-9.536689068143383
30
0
10
-20.593110697832216
20
-9.5200358800586
30
0
10
-20.602465653285986
20
-9.50331700377531
30
0
10
-20.611733544463835
20
-9.486533591546369
30
0
10
-20.62091345613839
20
-9.469686815322722
30
0
10
-20.63000448918773
20
-9.452777866180698
30
0
10
-20.639005761106795
20
-9.435807953741818
30
0
10
-20.64791640650414
20
-9.418778305585224
30
0
10
-20.656735577584225
20
-9.401690166652674
30
0
10
-20.66546244461508
20
-9.384544798646264
30
0
10
-20.67409619638141
20
-9.367343479418913
30
0
10
-20.68263604062307
20
-9.35008750235757
30
0
10
-20.691081204459007
20
-9.332778175759328
30
0
10
-20.699430934796393
20
-9.315416822200453
30
0
10
-20.70768449872528
20
-9.298004777898315
30
0
10
-20.715841183898423
20
-9.28054339206644
30
0
10
-20.723900298896474
20
-9.263034026262599
30
0
10
-20.731861173578427
20
-9.24547805373006
30
0
10
-20.739723159417235
20
-9.227876858732081
30
0
10
-20.74748562982073
20
-9.210231835879673
30
0
10
-20.755147980437677
20
-9.192544389452705
30
0
10
-20.762709629448963
20
-9.174815932714422
30
0
10
-20.77017001784395
20
-9.157047887219495
30
0
10
-20.777528609681905
20
-9.139241682115488
30
0
10
-20.784784892338507
20
-9.121398753438037
30
0
10
-20.791938376737363
20
-9.103520543399647
30
0
10
-20.79898859756656
20
-9.085608499672226
30
0
10
-20.805935113480174
20
-9.067664074663362
30
0
10
-20.812777507284768
20
-9.049688724786481
30
0
10
-20.819515386110705
20
-9.031683909724899
30
0
10
-20.82614838156848
20
-9.013651091689782
30
0
10
-20.832676149889807
20
-8.995591734672134
30
0
10
-20.83909837205357
20
-8.977507303688867
30
0
10
-20.84541475389658
20
-8.95939926402287
30
0
10
-20.8516250262091
20
-8.941269080457321
30
0
10
-20.85772894481506
20
-8.92311821650413
30
0
10
-20.863726290637096
20
-8.90494813362658
30
0
10
-20.86961686974616
20
-8.88676029045625
30
0
10
-20.87540051339586
20
-8.868556142004211
30
0
10
-20.881077078041404
20
-8.850337138866543
30
0
10
-20.886646445343185
20
-8.832104726424111
30
0
10
-20.892108522154953
20
-8.81386034403677
30
0
10
-20.897463240496474
20
-8.795605424231894
30
0
10
-20.902710557510886
20
-8.777341391887223
30
0
10
-20.907850455406432
20
-8.759069663408136
30
0
10
-20.91288294138278
20
-8.740791645899266
30
0
10
-20.91780804754182
20
-8.722508736330427
30
0
10
-20.92262583078292
20
-8.704222320696891
30
0
10
-20.927336372682664
20
-8.685933773174026
30
0
10
-20.931939779359027
20
-8.667644455266098
30
0
10
-20.936436181319973
20
-8.649355714949397
30
0
10
-20.940825733296514
20
-8.631068885809547
30
0
10
-20.94510861406019
20
-8.61278528617291
30
0
10
-20.949285026224924
20
-8.594506218232079
30
0
10
-20.953355196033385
20
-8.576232967165424
30
0
10
-20.957319373127678
20
-8.557966800250481
30
0
10
-20.961177830304518
20
-8.539708965971228
30
0
10
-20.964930863254835
20
-8.521460693119062
30
0
10
-20.968578790287783
20
-8.503223189887457
30
0
10
-20.972121952039256
20
-8.484997642960012
30
0
10
-20.97556071116486
20
-8.466785216591978
30
0
10
-20.97889545201736
20
-8.448587051684946
30
0
10
-20.98212658030869
20
-8.430404264854607
30
0
10
-20.985254522756478
20
-8.412237947491402
30
0
10
-20.988279726715206
20
-8.394089164813947
30
0
10
-20.991202659791927
20
-8.375958954914852
30
0
10
-20.994023809446745
20
-8.357848327798962
30
0
10
-20.996743682577936
20
-8.339758264413625
30
0
10
-20.999362805091923
20
-8.321689715670786
30
0
10
-21.001881721458044
20
-8.303643601460674
30
0
10
-21.004300994248272
20
-8.285620809656818
30
0
10
-21.006621203661926
20
-8.267622195112065
30
0
10
-21.00884294703547
20
-8.249648578645258
30
0
10
-21.010966838337488
20
-8.231700746018381
30
0
10
-21.012993507648986
20
-8.213779446903672
30
0
10
-21.014923600629054
20
-8.195885393840433
30
0
10
-21.016757777966077
20
-8.178019261181108
30
0
10
-21.018496714814663
20
-8.16018168402628
30
0
10
-21.02014110021836
20
-8.142373257148046
30
0
10
-21.02169163651838
20
-8.12459453390145
30
0
10
-21.023149038748485
20
-8.10684602512344
30
0
10
-21.024514034016317
20
-8.089128198018809
30
0
10
-21.025787360871217
20
-8.07144147503269
30
0
10
-21.02696976865894
20
-8.053786232709001
30
0
10
-21.028062016863448
20
-8.036162800534258
30
0
10
-21.029064874435992
20
-8.018571459766225
30
0
10
-21.02997911911193
20
-8.001012442246694
30
0
10
-21.030805536715434
20
-7.98348592919779
30
0
10
-21.03154492045258
20
-7.965992050001125
30
0
10
-21.032198070193065
20
-7.948530880959055
30
0
10
-21.03276579174112
20
-7.931102444037373
30
0
10
-21.03324889609585
20
-7.913706705588536
30
0
10
-21.033648198701716
20
-7.89634357505479
30
0
10
-21.033964518689423
20
-7.879012903650256
30
0
10
-21.034198678108012
20
-7.861714483021118
30
0
10
-21.03435150114854
20
-7.844448043883086
30
0
10
-21.03442381336015
20
-7.827213254635155
30
0
10
-21.034416440859115
20
-7.810009719948688
30
0
10
-21.03433020953172
20
-7.792836979330912
30
0
10
-21.034165944231653
20
-7.775694505661728
30
0
10
-21.033924467972906
20
-7.758581703702813
30
0
10
-21.03360660111903
20
-7.7414979085779345
30
0
10
-21.0332131605698
20
-7.724442384223363
30
0
10
-21.032744958946388
20
-7.707414321807253
30
0
10
-21.03220280377614
20
-7.690412838116745
30
0
10
-21.03158749667833
20
-7.673436973911712
30
0
10
-21.03089983255213
20
-7.656485692243823
30
0
10
-21.030140598768373
20
-7.639557876739713
30
0
10
-21.029310574366495
20
-7.622652329846989
30
0
10
-21.028410529258583
20
-7.605767771041781
30
0
10
-21.02744122344211
20
-7.588902834996517
30
0
10
-21.026403406223444
20
-7.5720560697066075
30
0
10
-21.025297815454152
20
-7.555225934574765
30
0
10
-21.024125176782356
20
-7.538410798451507
30
0
10
-21.02288620292156
20
-7.521608937630655
30
0
10
-21.021581592939516
20
-7.504818533798432
30
0
10
-21.020212031569887
20
-7.488037671934857
30
0
10
-21.018778188549714
20
-7.471264338166165
30
0
10
-21.017280717985816
20
-7.454496417567084
30
0
10
-21.0157202577536
20
-7.437731691911598
30
0
10
-21.014097428931894
20
-7.4209678373712356
30
0
10
-21.01241283527772
20
-7.404202422159685
30
0
10
-21.01066706274523
20
-7.387432904122798
30
0
10
-21.008860679053292
20
-7.370656628273055
30
0
10
-21.00699423330643
20
-7.353870824267732
30
0
10
-21.00506825567446
20
-7.33707260383015
30
0
10
-21.00308325713608
20
-7.32025895811347
30
0
10
-21.001039729292433
20
-7.303426755006792
30
0
10
-20.99893814425682
20
-7.28657273638346
30
0
10
-20.9967789546273
20
-7.26969351529172
30
0
10
-20.99456259354925
20
-7.252785573088177
30
0
10
-20.992289474875566
20
-7.235845256514836
30
0
10
-20.989959993432457
20
-7.218868774720756
30
0
10
-20.987574525399594
20
-7.201852196229915
30
0
10
-20.98513342881368
20
-7.184791445857171
30
0
10
-20.982637044205227
20
-7.16768230157485
30
0
10
-20.98008569537891
20
-7.150520391332903
30
0
10
-20.977479690348346
20
-7.1333011898363665
30
0
10
-20.974819322437135
20
-7.1160200152844535
30
0
10
-20.972104871558304
20
-7.09867202607639
30
0
10
-20.969336605685342
20
-7.081252217490048
30
0
10
-20.96651478252847
20
-7.063755418340306
30
0
10
-20.963639651430785
20
-7.046176287625143
30
0
10
-20.960711455499567
20
-7.0285093111686905
30
0
10
-20.957730433988814
20
-7.01074879827171
30
0
10
-20.954696824950062
20
-6.992888878381347
30
0
10
-20.95161086816912
20
-6.974923497793675
30
0
10
-20.948472808407384
20
-6.956846416404122
30
0
10
-20.94528289896712
20
-6.938651204522826
30
0
10
-20.94204140560093
20
-6.920331239773963
30
0
10
-20.93874861078644
20
-6.901879704100329
30
0
10
-20.93540481838796
20
-6.88328958089685
30
0
10
-20.93201035872762
20
-6.864553652299361
30
0
10
-20.928565594089218
20
-6.8456644966577995
30
0
10
-20.9250709246783
20
-6.826614486226092
30
0
10
-20.921526795063006
20
-6.807395785104265
30
0
10
-20.917933701119953
20
-6.788000347471996
30
0
10
-20.914292197510175
20
-6.768419916156565
30
0
10
-20.910602905709954
20
-6.748646021582377
30
0
10
-20.9068665226211
20
-6.728669981153603
30
0
10
-20.903083829785153
20
-6.708482899126164
30
0
10
-20.899255703225045
20
-6.688075667030344
30
0
10
-20.895383123936842
20
-6.667438964710492
30
0
10
-20.89146718905279
20
-6.646563262053924
30
0
10
-20.8875091236951
20
-6.6254388214869495
30
0
10
-20.883510293537576
20
-6.604055701321975
30
0
10
-20.87947221808929
20
-6.5824037600460485
30
0
10
-20.87539658471113
20
-6.56047266164764
30
0
10
-20.8712852633718
20
-6.5382518820851745
30
0
10
-20.86714032214485
20
-6.515730717007574
30
0
10
-20.86296404344259
20
-6.492898290843827
30
0
10
-20.85875894097602
20
-6.4697435673854375
30
0
10
-20.85452777742189
20
-6.44625536199206
30
0
10
-20.850273582769425
20
-6.42242235555701
30
0
10
-20.845999673308885
20
-6.39823311037523
30
0
10
-20.841709671212787
20
-6.373676088061587
30
0
10
-20.83740752464794
20
-6.3487396696718505
30
0
10
-20.83309752834203
20
-6.323412178182428
30
0
10
-20.82878434451295
20
-6.297681903487064
30
0
10
-20.824473024051606
20
-6.271537130069689
30
0
10
-20.82016902783034
20
-6.244966167511596
30
0
10
-20.815878247988373
20
-6.217957383988011
30
0
10
-20.811607029024096
20
-6.190499242903472
30
0
10
-20.807362188500402
20
-6.162580342807166
30
0
10
-20.803151037144666
20
-6.134189460717333
30
0
10
-20.798981398099304
20
-6.105315598968573
30
0
10
-20.794861625051883
20
-6.075948035676107
30
0
10
-20.790800618946765
20
-6.046076378886976
30
0
10
-20.786807842952708
20
-6.015690624458633
30
0
10
-20.782893335333934
20
-5.984781217670782
30
0
10
-20.77906771984586
20
-5.953339118535877
30
0
10
-20.77534221325238
20
-5.921355870726697
30
0
10
-20.771728629539354
20
-5.88882367398662
30
0
10
-20.76823938038018
20
-5.8557354598286455
30
0
10
-20.764887471394943
20
-5.822084970263018
30
0
10
-20.761686493735315
20
-5.7878668392211825
30
0
10
-20.75865061052512
20
-5.753076676265616
30
0
10
-20.75579453769138
20
-5.7177111520912485
30
0
10
-20.753133518735034
20
-5.681768085236516
30
0
10
-20.75068329301495
20
-5.6452465293305325
30
0
10
-20.74846005715464
20
-5.608146860109922
30
0
10
-20.74648041922948
20
-5.570470861345229
30
0
10
-20.744761345453902
20
-5.532221808725879
30
0
10
-20.743320099164
20
-5.493404550665717
30
0
10
-20.742174171981006
20
-5.454025584911214
30
0
10
-20.741341207146238
20
-5.414093129764983
30
0
10
-20.74083891513654
20
-5.3736171886809245
30
0
10
-20.740684981801408
20
-5.3326096069471065
30
0
10
-20.740896969406645
20
-5.2910841191527025
30
0
10
-20.74149221112221
20
-5.249056386138465
30
0
10
-20.742487699652152
20
-5.206544020158661
30
0
10
-20.74389997086783
20
-5.163566597040426
30
0
10
-20.745744983468576
20
-5.120145654214545
30
0
10
-20.748037995852247
20
-5.076304673611307
30
0
10
-20.750793441526447
20
-5.0320690485677995
30
0
10
-20.75402480452482
20
-4.987466034077079
30
0
10
-20.75774449640658
20
-4.942524679923465
30
0
10
-20.761963736505653
20
-4.897275746490143
30
0
10
-20.76669243715445
20
-4.851751603289502
30
0
10
-20.771939095631534
20
-4.805986110549693
30
0
10
-20.777710694569226
20
-4.760014484484639
30
0
10
-20.78401261250372
20
-4.713873147173931
30
0
10
-20.790848546155885
20
-4.667599562274401
30
0
10
-20.798220445895264
20
-4.621232058068187
30
0
10
-20.806128465664692
20
-4.574809639615773
30
0
10
-20.814570928431596
20
-4.528371792017272
30
0
10
-20.823544307988993
20
-4.4819582769832405
30
0
10
-20.833043227659886
20
-4.435608925072562
30
0
10
-20.843060476170887
20
-4.389363426062242
30
0
10
-20.853587040661882
20
-4.343261119968634
30
0
10
-20.864612156496463
20
-4.297340791240817
30
0
10
-20.876123373242375
20
-4.251640468592192
30
0
10
-20.888106635909452
20
-4.206197232829202
30
0
10
-20.90054638027356
20
-4.161047034877974
30
0
10
-20.91342564088537
20
-4.116224526007428
30
0
10
-20.926726170168255
20
-4.071762902006088
30
0
10
-20.940428566855537
20
-4.027693762797017
30
0
10
-20.95451241190599
20
-3.9840469886804843
30
0
10
-20.96895640996976
20
-3.940850634084856
30
0
10
-20.9837385344552
20
-3.8981308393914618
30
0
10
-20.998836174267943
20
-3.855911761088704
30
0
10
-21.014226280354787
20
-3.8142155202110963
30
0
10
-21.0298855102826
20
-3.77306216873736
30
0
10
-21.04579036921092
20
-3.732469673365373
30
0
10
-21.06191734577133
20
-3.692453915854032
30
0
10
-21.07824304154102
20
-3.653028708926718
30
0
10
-21.094744292985617
20
-3.6142058265710326
30
0
10
-21.11139828494211
20
-3.575995047444776
30
0
10
-21.128182654910788
20
-3.5384042100083595
30
0
10
-21.145075587619953
20
-3.501439277948986
30
0
10
-21.162055899515135
20
-3.4651044144381324
30
0
10
-21.17910311300113
20
-3.429402063769857
30
0
10
-21.19619752042798
20
-3.394333038958469
30
0
10
-21.213320237958367
20
-3.3598966139279134
30
0
10
-21.23045324958241
20
-3.326090618997111
30
0
10
-21.247579441656253
20
-3.2929115384515497
30
0
10
-21.26468262843176
20
-3.2603546090889632
30
0
10
-21.28174756911779
20
-3.228413918731569
30
0
10
-21.298759977068652
20
-3.1970825038058917
30
0
10
-21.315706521734096
20
-3.1663524452017504
30
0
10
-21.33257482402865
20
-3.1362149617312385
30
0
10
-21.34935344578853
20
-3.106660500614375
30
0
10
-21.366031873981967
20
-3.077678824519948
30
0
10
-21.382600500327325
20
-3.0492590947851235
30
0
10
-21.399050596952293
20
-3.021389950526192
30
0
10
-21.415374288700523
20
-2.9940595834332604
30
0
10
-21.43156452265889
20
-2.967255808114954
30
0
10
-21.447615035441956
20
-2.940966127923871
30
0
10
-21.46352031873077
20
-2.9151777962502616
30
0
10
-21.479275583521964
20
-2.889877873320601
30
0
10
-21.494876723501324
20
-2.8650532785793965
30
0
10
-21.51032027791459
20
-2.8406908387671095
30
0
10
-21.525603394267407
20
-2.8167773318355267
30
0
10
-21.540723791146945
20
-2.7932995268643173
30
0
10
-21.555679721420287
20
-2.770244220159497
30
0
10
-21.570469936029117
20
-2.7475982677270316
30
0
10
-21.58509364856715
20
-2.7253486143231282
30
0
10
-21.599550500796187
20
-2.703482319287206
30
0
10
-21.613840529228444
20
-2.681986579365273
30
0
10
-21.62796413287728
20
-2.6608487487303667
30
0
10
-21.641922042255498
20
-2.6400563564033726
30
0
10
-21.65571528967952
20
-2.619597121272661
30
0
10
-21.669345180919816
20
-2.599458964904499
30
0
10
-21.68281326822136
20
-2.5796300223287436
30
0
10
-21.696121324704432
20
-2.5600986509759185
30
0
10
-21.709271320143607
20
-2.540853437932899
30
0
10
-21.7222653981124
20
-2.5218832056752523
30
0
10
-21.73510585447264
20
-2.5031770164246345
30
0
10
-21.74779511718008
20
-2.484724175270305
30
0
10
-21.760335727371878
20
-2.4665142321843065
30
0
10
-21.772730321696894
20
-2.4485369830506443
30
0
10
-21.784981615845926
20
-2.4307824698197438
30
0
10
-21.7970923892363
20
-2.413240979890906
30
0
10
-21.80906547080305
20
-2.3959030448170386
30
0
10
-21.820903725847902
20
-2.378759438418104
30
0
10
-21.83261004389628
20
-2.3618011743822116
30
0
10
-21.84418732751258
20
-2.3450195034262102
30
0
10
-21.855638482024123
20
-2.3284059100809964
30
0
10
-21.866966406104808
20
-2.311952109160565
30
0
10
-21.878173983170424
20
-2.2956500419680648
30
0
10
-21.889264073538772
20
-2.2794918722867425
30
0
10
-21.90023950730902
20
-2.2634699821987248
30
0
10
-21.91110307791631
20
-2.2475769677700073
30
0
10
-21.921857536319173
20
-2.231805634635816
30
0
10
-21.932505585779168
20
-2.2161489935166725
30
0
10
-21.943049877193634
20
-2.200600255691931
30
0
10
-21.953493004944598
20
-2.185152828454382
30
0
10
-21.96383750322832
20
-2.169800310566568
30
0
10
-21.97408584283209
20
-2.1545364877367836
30
0
10
-21.984240428326277
20
-2.139355328130379
30
0
10
-21.994303595641778
20
-2.1242509779297327
30
0
10
-22.004277610004376
20
-2.1092177569543784
30
0
10
-22.01416466419931
20
-2.0942501543509393
30
0
10
-22.023966877140975
20
-2.079342824360986
30
0
10
-22.03368629272409
20
-2.064490582173514
30
0
10
-22.043324878934285
20
-2.0496883998674114
30
0
10
-22.052884527197293
20
-2.034931402448281
30
0
10
-22.062367051947408
20
-2.0202148639828548
30
0
10
-22.071774190397132
20
-2.0055342038334407
30
0
10
-22.081107602491013
20
-1.990884982994027
30
0
10
-22.090368871028048
20
-1.976262900529006
30
0
10
-22.099559501937826
20
-1.9616637901148288
30
0
10
-22.108680924696937
20
-1.9470836166844558
30
0
10
-22.117734492872778
20
-1.9325184731739746
30
0
10
-22.126721484783104
20
-1.9179645773703229
30
0
10
-22.135643104260367
20
-1.9034182688588341
30
0
10
-22.144500481510637
20
-1.8888760060689085
30
0
10
-22.153294674057825
20
-1.8743343634159857
30
0
10
-22.162026667764398
20
-1.8597900285377
30
0
10
-22.17069737792071
20
-1.8452397996220231
30
0
10
-22.17930765039536
20
-1.8306805828250043
30
0
10
-22.18785826283982
20
-1.8161093897756313
30
0
10
-22.196349925941007
20
-1.8015233351652817
30
0
10
-22.204783284715884
20
-1.786919634419149
30
0
10
-22.213158919842893
20
-1.7722956014469737
30
0
10
-22.22147734902505
20
-1.7576486464704502
30
0
10
-22.22973902838035
20
-1.7429762739246368
30
0
10
-22.237944353855188
20
-1.7282760804306314
30
0
10
-22.24609366265703
20
-1.713545752836966
30
0
10
-22.254187234702783
20
-1.698783066327036
30
0
10
-22.26222529407959
20
-1.683985882589953
30
0
10
-22.270208010515223
20
-1.6691521480523428
30
0
10
-22.27813550085522
20
-1.6542798921685409
30
0
10
-22.286007830544474
20
-1.6393672257667231
30
0
10
-22.29382501511077
20
-1.6244123394486256
30
0
10
-22.301587021648483
20
-1.6094135020404856
30
0
10
-22.30929377030038
20
-1.594369059092953
30
0
10
-22.31694513573587
20
-1.5792774314277036
30
0
10
-22.32454094862419
20
-1.5641371137287048
30
0
10
-22.332080997101034
20
-1.5489466731759811
30
0
10
-22.339565028227454
20
-1.5337047481198611
30
0
10
-22.34699274943977
20
-1.5184100467938144
30
0
10
-22.354363829989534
20
-1.5030613460639461
30
0
10
-22.36167790237255
20
-1.4876574902133326
30
0
10
-22.368934563746095
20
-1.4721973897594662
30
0
10
-22.37613337733366
20
-1.456680020303131
30
0
10
-22.38327387381641
20
-1.4411044214070106
30
0
10
-22.39035555271082
20
-1.4254696955025612
30
0
10
-22.397377883731938
20
-1.4097750068235642
30
0
10
-22.40434030814178
20
-1.3940195803649766
30
0
10
-22.411242240082412
20
-1.3782027008656113
30
0
10
-22.418083067893335
20
-1.362323711813399
30
0
10
-22.4248621554129
20
-1.3463820144719256
30
0
10
-22.43157884326331
20
-1.3303770669269654
30
0
10
-22.438232450119184
20
-1.3143083831519218
30
0
10
-22.444822273959197
20
-1.2981755320910333
30
0
10
-22.451347593300813
20
-1.281978136759194
30
0
10
-22.457807668417843
20
-1.2657158733574758
30
0
10
-22.464201742540695
20
-1.2493884704033174
30
0
10
-22.47052904303926
20
-1.2329957078743965
30
0
10
-22.476788782588265
20
-1.2165374163653868
30
0
10
-22.482980160315034
20
-1.2000134762567
30
0
10
-22.489102362929668
20
-1.1834238168943476
30
0
10
-22.4951545658375
20
-1.1667684157802514
30
0
10
-22.50113593423381
20
-1.1500472977722087
30
0
10
-22.50704562418088
20
-1.1332605342927622
30
0
10
-22.51288278366724
20
-1.1164082425464192
30
0
10
-22.518646553649194
20
-1.0994905847444867
30
0
10
-22.524336069074565
20
-1.0825077673369856
30
0
10
-22.529950459888784
20
-1.0654600402509908
30
0
10
-22.53548885202321
20
-1.0483476961349578
30
0
10
-22.540950368365806
20
-1.0311710696084677
30
0
10
-22.546334129714115
20
-1.0139305365168472
30
0
10
-22.55163925571069
20
-0.9966265131903218
30
0
10
-22.556864865760865
20
-0.9792594557071976
30
0
10
-22.562010079933035
20
-0.9618298591606179
30
0
10
-22.567074019841407
20
-0.9443382569286043
30
0
10
-22.572055809511294
20
-0.9267852199469775
30
0
10
-22.57695457622701
20
-0.9091713559847325
30
0
10
-22.581769451362362
20
-0.8914973089216947
30
0
10
-22.58649957119385
20
-0.8737637580280233
30
0
10
-22.591144077696576
20
-0.8559714172453705
30
0
10
-22.595702119322887
20
-0.8381210344693222
30
0
10
-22.60017285176388
20
-0.8202133908329945
30
0
10
-22.604555438693723
20
-0.8022492999914901
30
0
10
-22.608849052496897
20
-0.7842296074069499
30
0
10
-22.613052874978376
20
-0.76615518963411
30
0
10
-22.617166098056774
20
-0.7480269536061135
30
0
10
-22.62118792444056
20
-0.729845835920369
30
0
10
-22.62511756828729
20
-0.7116128021243824
30
0
10
-22.628954255846025
20
-0.6933288460013838
30
0
10
-22.63269722608277
20
-0.6749949888555582
30
0
10
-22.636345731289243
20
-0.6566122787968557
30
0
10
-22.63989903767475
20
-0.6381817900252361
30
0
10
-22.64335642594136
20
-0.6197046221141795
30
0
10
-22.64671719184238
20
-0.601181899293505
30
0
10
-22.6499806467241
20
-0.5826147697313304
30
0
10
-22.65314611805096
20
-0.564004404815101
30
0
10
-22.656212949913986
20
-0.5453519984316881
30
0
10
-22.659180503522773
20
-0.5266587662464686
30
0
10
-22.662048157680772
20
-0.5079259449813528
30
0
10
-22.66481530924409
20
-0.4891547916917033
30
0
10
-22.667481373563813
20
-0.4703465830421585
30
0
10
-22.67004578491171
20
-0.45150261458135704
30
0
10
-22.672507996889642
20
-0.43262420001544327
30
0
10
-22.674867482822307
20
-0.4137126704804934
30
0
10
-22.67712373613374
20
-0.3947693738137863
30
0
10
-22.679276270707273
20
-0.3757956738238934
30
0
10
-22.681324621229155
20
-0.35679294955968194
30
0
10
-22.683268343515742
20
-0.33776259457822844
30
0
10
-22.685107014824364
20
-0.3187060162115747
30
0
10
-22.686840234147827
20
-0.29962463483250723
30
0
10
-22.688467622492517
20
-0.280519883119263
30
0
10
-22.689988823140265
20
-0.26139320531928745
30
0
10
-22.691403501893788
20
-0.24224605651199096
30
0
10
-22.692711347305938
20
-0.22307990187064564
30
0
10
-22.693912070892544
20
-0.2038962159234419
30
0
10
-22.695005407329006
20
-0.1846964818136671
30
0
10
-22.695991114630633
20
-0.16548219055920832
30
0
10
-22.696868974316644
20
-0.14625484031133973
30
0
10
-22.697638791557956
20
-0.12701593561283323
30
0
10
-22.69830039530866
20
-0.10776698665554117
30
0
10
-22.698853638421276
20
-0.08850950853746353
30
0
10
-22.699298397745743
20
-0.06924502051931644
30
0
10
-22.699634574212098
20
-0.04997504528076712
30
0
10
-22.699862092897025
20
-0.03070110817635107
30
0
10
-22.699980903074042
20
-0.01142473649109374
30
0
10
-22.699990978247527
20
0.007852541304007421
30
0
10
-22.69989231617043
20
0.027129196296593834
30
0
10
-22.6996849388458
20
0.04640369987767641
30
0
10
-22.69936889251204
20
0.06567452448624844
30
0
10
-22.698944247611955
20
0.08494014435386364
30
0
10
-22.698411098745453
20
0.10419903624898966
30
0
10
-22.697769564606162
20
0.12344968022120156
30
0
10
-22.697019787901652
20
0.1426905603450062
30
0
10
-22.69616193525751
20
0.1619201654632964
30
0
10
-22.69519619710504
20
0.18113698993042743
30
0
10
-22.69412278755288
20
0.20033953435473068
30
0
10
-22.692941944242175
20
0.21952630634046866
30
0
10
-22.69165392818558
20
0.23869582122921174
30
0
10
-22.69025902359
20
0.25784660284048383
30
0
10
-22.688757537662966
20
0.2769771842116565
30
0
10
-22.687149800402796
20
0.2960861083371138
30
0
10
-22.685436164372437
20
0.3151719289065018
30
0
10
-22.683617004456963
20
0.33423321104212644
30
0
10
-22.681692717604818
20
0.3532685320353658
30
0
10
-22.67966372255267
20
0.372276482082179
30
0
10
-22.67753045953397
20
0.39125566501752973
30
0
10
-22.67529338997111
20
0.410204699048763
30
0
10
-22.67295299615129
20
0.4291222174879609
30
0
10
-22.670509780885904
20
0.44800686948313345
30
0
10
-22.667964267153614
20
0.46685732074829595
30
0
10
-22.665316997726958
20
0.48567225429245464
30
0
10
-22.662568534782547
20
0.5044503711474031
30
0
10
-22.65971945949482
20
0.5231903910943589
30
0
10
-22.656770371613312
20
0.5418910533895269
30
0
10
-22.65372188902341
20
0.5605511174884605
30
0
10
-22.65057464729065
20
0.5791693637693158
30
0
10
-22.647329299188442
20
0.5977445942550585
30
0
10
-22.643986514209214
20
0.6162756333345735
30
0
10
-22.640546978059007
20
0.6347613284827273
30
0
10
-22.637011392135424
20
0.6532005509795435
30
0
10
-22.633380472988943
20
0.6715921966283775
30
0
10
-22.629654951767563
20
0.6899351864732831
30
0
10
-22.62583557364473
20
0.7082284675155835
30
0
10
-22.621923097230518
20
0.72647101342979
30
0
10
-22.617918293966046
20
0.7446618252788935
30
0
10
-22.61382194750111
20
0.7627999322291548
30
0
10
-22.609634853054892
20
0.7808843922645934
30
0
10
-22.605357816759874
20
0.7989142929011734
30
0
10
-22.60099165498878
20
0.8168887519009019
30
0
10
-22.596537193664528
20
0.8348069179860368
30
0
10
-22.591995267553266
20
0.8526679715534685
30
0
10
-22.587366719540242
20
0.8704711253895171
30
0
10
-22.582652399888687
20
0.8882156253853941
30
0
10
-22.57785316548149
20
0.9059007512534225
30
0
10
-22.57296987904571
20
0.9235258172443505
30
0
10
-22.568003408359917
20
0.9410901728659242
30
0
10
-22.56295462544415
20
0.9585932036030848
30
0
10
-22.557824405732656
20
0.9760343316399509
30
0
10
-22.552613627229235
20
0.9934130165839528
30
0
10
-22.547323169645157
20
1.0107287561924712
30
0
10
-22.541953913519645
20
1.02798108710224
30
0
10
-22.536506739322878
20
1.0451695855619128
30
0
10
-22.530982526541404
20
1.0622938681682181
30
0
10
-22.525382152746044
20
1.0793535926060442
30
0
10
-22.519706492642147
20
1.0963484583928889
30
0
10
-22.5139564171022
20
1.113278207628224
30
0
10
-22.50813279218076
20
1.1301426257481246
30
0
10
-22.5022364781117
20
1.1469415422857412
30
0
10
-22.49626832828769
20
1.163674831638195
30
0
10
-22.490229188222017
20
1.1803424138403615
30
0
10
-22.48411989449256
20
1.1969442553462022
30
0
10
-22.477941273668105
20
1.2134803698182988
30
0
10
-22.47169414121684
20
1.2299508189261763
30
0
10
-22.46537930039722
20
1.2463557131541738
30
0
10
-22.458997541131083
20
1.2626952126195463
30
0
10
-22.452549638859082
20
1.2789695279016398
30
0
10
-22.44603635337865
20
1.2951789208828486
30
0
10
-22.43945842766432
20
1.3113237056022546
30
0
10
-22.43281658667071
20
1.3274042491228668
30
0
10
-22.426111536118125
20
1.3434209724133135
30
0
10
-22.41934396126105
20
1.3593743512449916
30
0
10
-22.41251452563956
20
1.375264917105751
30
0
10
-22.405623869813944
20
1.391093258131066
30
0
10
-22.39867261008269
20
1.406860020053881
30
0
10
-22.391661337184107
20
1.422565907174313
30
0
10
-22.384590614981864
20
1.438211683350349
30
0
10
-22.37746097913479
20
1.4537981730108631
30
0
10
-22.370272935751284
20
1.4693262621922516
30
0
10
-22.36302696002881
20
1.4847968996000964
30
0
10
-22.355723494878823
20
1.5002110976972434
30
0
10
-22.34836294953788
20
1.5155699338198032
30
0
10
-22.340945698165257
20
1.530874551322683
30
0
10
-22.33347207842805
20
1.5461261607561856
30
0
10
-22.325942390074218
20
1.5613260410753844
30
0
10
-22.318356893494627
20
1.576475540884056
30
0
10
-22.31071580827487
20
1.5915760797149245
30
0
10
-22.303019311737994
20
1.6066291493480764
30
0
10
-22.295267537479145
20
1.6216363151695803
30
0
10
-22.28746057389355
20
1.636599217572188
30
0
10
-22.279598462699084
20
1.6515195734002581
30
0
10
-22.27168119745497
20
1.6663991774410563
30
0
10
-22.263708722078345
20
1.6812399039645567
30
0
10
-22.255680929360498
20
1.6960437083140536
30
0
10
-22.24759765948477
20
1.7108126285499328
30
0
10
-22.239458698548436
20
1.7255487871489112
30
0
10
-22.23126377709083
20
1.7402543927612528
30
0
10
-22.223012568630594
20
1.7549317420284005
30
0
10
-22.214704688214727
20
1.7695832214636225
30
0
10
-22.206339690982773
20
1.7842113093981902
30
0
10
-22.19791707074956
20
1.7988185779957404
30
0
10
-22.189436258610225
20
1.8134076953374807
30
0
10
-22.180896621571687
20
1.827981427580872
30
0
10
-22.17229746121504
20
1.8425426411944585
30
0
10
-22.163638012393704
20
1.857094305271577
30
0
10
-22.154917441972646
20
1.8716394939255032
30
0
10
-22.146134847614416
20
1.8861813887687113
30
0
10
-22.13728925661819
20
1.9007232814788195
30
0
10
-22.128379624818646
20
1.9152685764536528
30
0
10
-22.119404835551904
20
1.9298207935578677
30
0
10
-22.11036369869652
20
1.9443835709633635
30
0
10
-22.101254949798047
20
1.9589606680856204
30
0
10
-22.092077249286426
20
1.973555968617848
30
0
10
-22.082829181796264
20
1.9881734836646343
30
0
10
-22.073509255600648
20
2.002817354976523
30
0
10
-22.064115902170233
20
2.0174918582865646
30
0
10
-22.054647475870127
20
2.0322014067495795
30
0
10
-22.04510225380788
20
2.046950554484375
30
0
10
-22.03547843584727
20
2.0617440002186846
30
0
10
-22.025774144803304
20
2.07658659103597
30
0
10
-22.015987426835114
20
2.091483326222638
30
0
10
-22.006116252054728
20
2.106439361213355
30
0
10
-21.996158515370745
20
2.121460011631382
30
0
10
-21.98611203758747
20
2.1365507574197946
30
0
10
-21.975974566781304
20
2.151717247058419
30
0
10
-21.965743779977796
20
2.1669653018600106
30
0
10
-21.955417285154105
20
2.1823009203378856
30
0
10
-21.944992623593365
20
2.197730282635605
30
0
10
-21.934467272618942
20
2.213259755007599
30
0
10
-21.923838648738393
20
2.2288958943377404
30
0
10
-21.913104111228524
20
2.2446454526806603
30
0
10
-21.902260966194838
20
2.260515381808303
30
0
10
-21.89130647114034
20
2.2765128377415884
30
0
10
-21.880237840080557
20
2.292645185244144
30
0
10
-21.869052249243335
20
2.3089200022519747
30
0
10
-21.857746843393844
20
2.3253450842093812
30
0
10
-21.84631874282678
20
2.3419284482777503
30
0
10
-21.834765051069596
20
2.358678337379601
30
0
10
-21.823082863341966
20
2.375603224035866
30
0
10
-21.811269275818134
20
2.39271181394942
30
0
10
-21.799321395739945
20
2.410013049282659
30
0
10
-21.787236352429506
20
2.4275161115711774
30
0
10
-21.775011309250804
20
2.4452304242095395
30
0
10
-21.76264347657021
20
2.4631656544384963
30
0
10
-21.75013012576553
20
2.4813317147561196
30
0
10
-21.73746860433271
20
2.4997387636678376
30
0
10
-21.724656352138197
20
2.518397205682494
30
0
10
-21.711690918862935
20
2.5373176904534214
30
0
10
-21.698569982681505
20
2.5565111109547924
30
0
10
-21.685291370216234
20
2.5759886005745987
30
0
10
-21.67185307780159
20
2.5957615289964844
30
0
10
-21.65825329408848
20
2.6158414967331387
30
0
10
-21.64449042401101
20
2.6362403281645195
30
0
10
-21.630563114129803
20
2.6569700629246955
30
0
10
-21.616470279356104
20
2.6780429454717902
30
0
10
-21.602211131048882
20
2.699471412666408
30
0
10
-21.58778520646368
20
2.7212680791756814
30
0
10
-21.57319239951617
20
2.7434457205122142
30
0
10
-21.558432992805564
20
2.7660172535105865
30
0
10
-21.543507690822775
20
2.7889957140389208
30
0
10
-21.528417654245576
20
2.8123942317392547
30
0
10
-21.513164535198186
20
2.836226001589144
30
0
10
-21.497750513324576
20
2.8605042520777677
30
0
10
-21.482178332495238
20
2.885242209794054
30
0
10
-21.466451337933826
20
2.9104530602317755
30
0
10
-21.450573513515636
20
2.9361499046280746
30
0
10
-21.434549518952345
20
2.962345712668293
30
0
10
-21.41838472653845
20
2.98905327091122
30
0
10
-21.402085257094473
20
3.016285126815955
30
0
10
-21.385658014700358
20
3.0440535282853203
30
0
10
-21.369110719770735
20
3.0723703586808377
30
0
10
-21.35245193998266
20
3.101247067312019
30
0
10
-21.33569111852627
20
3.1306945954581975
30
0
10
-21.318838599111615
20
3.1607232980442665
30
0
10
-21.3019056471313
20
3.191342861163279
30
0
10
-21.28490446634996
20
3.222562215717991
30
0
10
-21.267848210469687
20
3.254389447540893
30
0
10
-21.25075098890673
20
3.2868317044461106
30
0
10
-21.233627866111178
20
3.3198951007670296
30
0
10
-21.216494853768573
20
3.353584620039124
30
0
10
-21.199368895243882
20
3.3879040165960097
30
0
10
-21.1822678416637
20
3.4228557169570437
30
0
10
-21.165210419084822
20
3.4584407219943007
30
0
10
-21.148216186266804
20
3.4946585109721915
30
0
10
-21.131305482653932
20
3.5315069486518227
30
0
10
-21.114499366278807
20
3.56898219674112
30
0
10
-21.097819541424684
20
3.6070786310463325
30
0
10
-21.081288276027287
20
3.6457887657376857
30
0
10
-21.06492830895628
20
3.685103186178093
30
0
10
-21.04876274749109
20
3.7250104917741784
30
0
10
-21.032814955491876
20
3.7654972502910447
30
0
10
-21.017108432960097
20
3.8065479650233685
30
0
10
-21.001666687881375
20
3.848145056131958
30
0
10
-20.986513101439428
20
3.8902688573372024
30
0
10
-20.971670787880104
20
3.9328976290066335
30
0
10
-20.957162450481107
20
3.9760075884856003
30
0
10
-20.943010235242067
20
4.019572958297803
30
0
10
-20.929235584043166
20
4.063566032590717
30
0
10
-20.915859089124133
20
4.107957261924313
30
0
10
-20.90290035080391
20
4.152715356204408
30
0
10
-20.890377840389892
20
4.197807405252556
30
0
10
-20.87830877021181
20
4.243199016190608
30
0
10
-20.86670897265718
20
4.288854466506727
30
0
10
-20.855592789982026
20
4.334736871371333
30
0
10
-20.84497297652431
20
4.380808363494506
30
0
10
-20.83486061475998
20
4.427030283568238
30
0
10
-20.825265046418274
20
4.473363379126945
30
0
10
-20.81619381961862
20
4.519768009492854
30
0
10
-20.80765265271341
20
4.566204354356339
30
0
10
-20.79964541522743
20
4.612632623476495
30
0
10
-20.79217412598309
20
4.659013264977725
30
0
10
-20.785238968200584
20
4.70530716976367
30
0
10
-20.778838321071223
20
4.751475869667289
30
0
10
-20.77296880702927
20
4.797481727103067
30
0
10
-20.767625353698875
20
4.843288114178774
30
0
10
-20.762801269275243
20
4.888859579452465
30
0
10
-20.758488329917153
20
4.934162000778803
30
0
10
-20.754676877584597
20
4.9791627229698046
30
0
10
-20.751355926653474
20
5.023830679288208
30
0
10
-20.74851327757795
20
5.068136496090646
30
0
10
-20.746135635850923
20
5.11205258023373
30
0
10
-20.744208734530314
20
5.155553189141163
30
0
10
-20.74271745865146
20
5.198614483698326
30
0
10
-20.741645969929216
20
5.24121456438735
30
0
10
-20.74097783026252
20
5.283333491294591
30
0
10
-20.74069612268454
20
5.324953288812751
30
0
10
-20.74078356854777
20
5.366057936017682
30
0
10
-20.741222639889912
20
5.406633343826467
30
0
10
-20.741995666089025
20
5.446667320136879
30
0
10
-20.743084934080073
20
5.486149524211422
30
0
10
-20.744472781565687
20
5.525071411603579
30
0
10
-20.746141682808883
20
5.563426170931186
30
0
10
-20.748074326740614
20
5.601208653785782
30
0
10
-20.750253687249593
20
5.638415299030713
30
0
10
-20.75266308564293
20
5.675044052686866
30
0
10
-20.755286245373686
20
5.711094284537431
30
0
10
-20.758107339224377
20
5.7465667025053175
30
0
10
-20.76111102921389
20
5.781463265770755
30
0
10
-20.764282499559698
20
5.815787097506159
30
0
10
-20.76760748307787
20
5.8495423980120815
30
0
10
-20.771072281441587
20
5.882734358945014
30
0
10
-20.774663779745286
20
5.915369079235765
30
0
10
-20.778369455837563
20
5.947453483208426
30
0
10
-20.782177384892734
20
5.978995241325772
30
0
10
-20.786076239689777
20
6.010002693907363
30
0
10
-20.790055287059317
20
6.040484778093259
30
0
10
-20.794104380945868
20
6.070450958259251
30
0
10
-20.79821395251437
20
6.0999111600284905
30
0
10
-20.802374997708466
20
6.128875707970291
30
0
10
-20.806579062643983
20
6.1573552670290415
30
0
10
-20.810818227195117
20
6.185360787684459
30
0
10
-20.815085087103817
20
6.212903454808521
30
0
10
-20.81937273491564
20
6.239994640154383
30
0
10
-20.823674740017925
20
6.266645858387216
30
0
10
-20.827985128029397
20
6.292868726546484
30
0
10
-20.83229835976426
20
6.318674926813114
30
0
10
-20.836609309969003
20
6.344076172442335
30
0
10
-20.840913246006394
20
6.369084176714162
30
0
10
-20.845205806639157
20
6.393710624747154
30
0
10
-20.84948298104487
20
6.417967148017836
30
0
10
-20.853741088174754
20
6.441865301426568
30
0
10
-20.85797675655119
20
6.465416542751299
30
0
10
-20.862186904583062
20
6.488632214332737
30
0
10
-20.86636872146331
20
6.511523526837766
30
0
10
-20.870519648700075
20
6.534101544952304
30
0
10
-20.874637362321334
20
6.55637717486005
30
0
10
-20.878719755782274
20
6.5783611533693005
30
0
10
-20.882764923595808
20
6.600064038556258
30
0
10
-20.886771145698447
20
6.62149620179985
30
0
10
-20.89073687255699
20
6.642667821089709
30
0
10
-20.894660711015305
20
6.6635888754958374
30
0
10
-20.898541410875524
20
6.684269140695171
30
0
10
-20.902377852203607
20
6.70471818545702
30
0
10
-20.906169033345613
20
6.724945368995883
30
0
10
-20.90991405963803
20
6.744959839106421
30
0
10
-20.913612132793215
20
6.764770531001675
30
0
10
-20.917262540938935
20
6.784386166781278
30
0
10
-20.92086464928965
20
6.803815255462205
30
0
10
-20.924417891426124
20
6.823066093509849
30
0
10
-20.92792176115909
20
6.842146765812275
30
0
10
-20.931375804952367
20
6.861065147045229
30
0
10
-20.934779614880597
20
6.879828903380001
30
0
10
-20.93813282209673
20
6.898445494490365
30
0
10
-20.941435090784626
20
6.91692217581875
30
0
10
-20.944686112572537
20
6.935266001065419
30
0
10
-20.947885601383526
20
6.953483824867806
30
0
10
-20.95103328869962
20
6.971582305640302
30
0
10
-20.95412891921713
20
6.989567908547645
30
0
10
-20.957172246871092
20
7.007446908587768
30
0
10
-20.960163031207735
20
7.025225393762381
30
0
10
-20.963101034084662
20
7.042909268315848
30
0
10
-20.965986016679075
20
7.060504256024987
30
0
10
-20.968817736785347
20
7.0780159035242765
30
0
10
-20.971595946384074
20
7.095449583652771
30
0
10
-20.974320389465444
20
7.1128104988104965
30
0
10
-20.97699080009073
20
7.130103684313644
30
0
10
-20.979606900676348
20
7.147334011739133
30
0
10
-20.98216840048588
20
7.164506192250279
30
0
10
-20.984674994316133
20
7.1816247798964845
30
0
10
-20.987126361364002
20
7.198694174880719
30
0
10
-20.989522164261743
20
7.215718626789534
30
0
10
-20.991862048268878
20
7.232702237781092
30
0
10
-20.994145640609606
20
7.2496489657274354
30
0
10
-20.99637254994531
20
7.266562627307888
30
0
10
-20.998542365972227
20
7.2834469010509695
30
0
10
-21.000654659135154
20
7.300305330322809
30
0
10
-21.002708980448265
20
7.317141326260499
30
0
10
-21.004704861415092
20
7.333958170649141
30
0
10
-21.00664181403979
20
7.350759018741815
30
0
10
-21.00851933092257
20
7.367546902022014
30
0
10
-21.01033688543253
20
7.3843247309082285
30
0
10
-21.012093931951508
20
7.401095297400814
30
0
10
-21.013789906183092
20
7.4178612776713955
30
0
10
-21.015424225521134
20
7.43462523459518
30
0
10
-21.016996289472694
20
7.451389620226869
30
0
10
-21.018505480130404
20
7.468156778220885
30
0
10
-21.019951162689868
20
7.484928946196806
30
0
10
-21.021332686007696
20
7.501708258050947
30
0
10
-21.02264938319634
20
7.518496746215225
30
0
10
-21.023900572251925
20
7.535296343864345
30
0
10
-21.025085556711677
20
7.552108887072598
30
0
10
-21.026203626337708
20
7.568936116921402
30
0
10
-21.02725405782415
20
7.585779681558981
30
0
10
-21.028236115524788
20
7.602641138213378
30
0
10
-21.029149052198687
20
7.619521955160133
30
0
10
-21.029992109771257
20
7.636423513646049
30
0
10
-21.030764520108526
20
7.653347109770224
30
0
10
-21.031465505802558
20
7.670293956323781
30
0
10
-21.032094280965982
20
7.687265184589621
30
0
10
-21.032650052033794
20
7.704261846103418
30
0
10
-21.0331320185708
20
7.72128491437725
30
0
10
-21.03353937408305
20
7.738335286587081
30
0
10
-21.033871306831756
20
7.7554137852253815
30
0
10
-21.03412700064848
20
7.772521159720076
30
0
10
-21.034305635750073
20
7.78965808802106
30
0
10
-21.034406389552405
20
7.806825178155474
30
0
10
-21.034428437481644
20
7.824022969752844
30
0
10
-21.03437095378213
20
7.84125193554119
30
0
10
-21.034233112319857
20
7.858512482815321
30
0
10
-21.03401408738069
20
7.875804954878183
30
0
10
-21.033713054462517
20
7.893129632456435
30
0
10
-21.033329191060535
20
7.910486735091196
30
0
10
-21.032861677445016
20
7.9278764225049265
30
0
10
-21.03230969743085
20
7.945298795945335
30
0
10
-21.031672439138298
20
7.962753899507325
30
0
10
-21.030949095744358
20
7.980241721433703
30
0
10
-21.030138866224252
20
7.997762195395579
30
0
10
-21.029240956082553
20
8.015315201753257
30
0
10
-21.02825457807345
20
8.032900568798365
30
0
10
-21.027178952909853
20
8.05051807397792
30
0
10
-21.026013309960803
20
8.068167445101208
30
0
10
-21.02475688793698
20
8.085848361529957
30
0
10
-21.023408935563868
20
8.103560455352614
30
0
10
-21.021968712242373
20
8.121303312543262
30
0
10
-21.02043548869652
20
8.139076474105876
30
0
10
-21.01880854760806
20
8.156879437204383
30
0
10
-21.01708718423768
20
8.174711656279142
30
0
10
-21.015270707032624
20
8.192572544150398
30
0
10
-21.013358438220585
20
8.210461473109119
30
0
10
-21.011349714389542
20
8.228377775995773
30
0
10
-21.009243887053504
20
8.246320747267474
30
0
10
-21.007040323203995
20
8.264289644053937
30
0
10
-21.004738405846993
20
8.282283687202588
30
0
10
-21.00233753452543
20
8.300302062313364
30
0
10
-20.999837125826918
20
8.318343920763404
30
0
10
-20.99723661387666
20
8.336408380722094
30
0
10
-20.994535450815594
20
8.354494528156748
30
0
10
-20.991733107263403
20
8.372601417829253
30
0
10
-20.988829072766546
20
8.390728074284
30
0
10
-20.985822856231106
20
8.408873492827249
30
0
10
-20.982713986340517
20
8.427036640498418
30
0
10
-20.979502011957873
20
8.445216457033304
30
0
10
-20.9761865025131
20
8.4634118558196
30
0
10
-20.972767048374607
20
8.481621724844922
30
0
10
-20.969243261205644
20
8.499844927637461
30
0
10
-20.965614774305166
20
8.518080304199504
30
0
10
-20.961881242933238
20
8.536326671934047
30
0
10
-20.958042344620914
20
8.554582826564543
30
0
10
-20.954097779464657
20
8.57284754304799
30
0
10
-20.950047270405165
20
8.591119576481535
30
0
10
-20.94589056349068
20
8.609397663002653
30
0
10
-20.941627428124686
20
8.627680520683022
30
0
10
-20.937257657298073
20
8.645966850416261
30
0
10
-20.93278106780572
20
8.66425533679952
30
0
10
-20.928197500447492
20
8.682544649009104
30
0
10
-20.923506820213657
20
8.700833441670103
30
0
10
-20.918708916454705
20
8.719120355720227
30
0
10
-20.91380370303564
20
8.737404019267757
30
0
10
-20.90879111847469
20
8.755683048443725
30
0
10
-20.90367112606644
20
8.773956048248428
30
0
10
-20.898443713989465
20
8.792221613392172
30
0
10
-20.893108895398402
20
8.810478329130365
30
0
10
-20.88766670850053
20
8.828724772092981
30
0
10
-20.882117216616837
20
8.84695951110834
30
0
10
-20.876460508227623
20
8.865181108021266
30
0
10
-20.870696697002625
20
8.883388118505632
30
0
10
-20.86482592181574
20
8.901579092871211
30
0
10
-20.8588483467443
20
8.91975257686493
30
0
10
-20.852764161052953
20
8.937907112466382
30
0
10
-20.846573579162207
20
8.956041238677741
30
0
10
-20.84027684060159
20
8.974153492307892
30
0
10
-20.833874209947535
20
8.992242408750801
30
0
10
-20.82736597674593
20
9.010306522758205
30
0
10
-20.82075245541944
20
9.028344369206385
30
0
10
-20.81403398515958
20
9.046354483857124
30
0
10
-20.807210929803574
20
9.064335404112805
30
0
10
-20.800283677696044
20
9.082285669765495
30
0
10
-20.793252641535553
20
9.100203823740094
30
0
10
-20.786118258206013
20
9.118088412831426
30
0
10
-20.77888098859303
20
9.13593798843523
30
0
10
-20.77154131738517
20
9.153751107272978
30
0
10
-20.764099752860183
20
9.171526332110544
30
0
10
-20.75655682665626
20
9.189262232470554
30
0
10
-20.748913093528323
20
9.206957385338416
30
0
10
-20.7411691310893
20
9.224610375861992
30
0
10
-20.733325539536622
20
9.242219798044784
30
0
10
-20.725382941363712
20
9.259784255432645
30
0
10
-20.717341981056695
20
9.277302361793845
30
0
10
-20.70920332477626
20
9.294772741792602
30
0
10
-20.70096766002474
20
9.312194031655816
30
0
10
-20.69263569529841
20
9.329564879833066
30
0
10
-20.68420815972504
20
9.346883947649802
30
0
10
-20.67568580268675
20
9.364149909953607
30
0
10
-20.66706939342819
20
9.381361455753506
30
0
10
-20.658359720649948
20
9.398517288852284
30
0
10
-20.64955759208746
20
9.415616128471699
30
0
10
-20.640663834075202
20
9.432656709870546
30
0
10
-20.631679291096262
20
9.44963778495558
30
0
10
-20.62260482531741
20
9.466558122885125
30
0
10
-20.6134413161095
20
9.483416510665403
30
0
10
-20.604189659553388
20
9.500211753739507
30
0
10
-20.59485076793126
20
9.516942676568963
30
0
10
-20.58542556920345
20
9.533608123207841
30
0
10
-20.575915006470737
20
9.55020695786935
30
0
10
-20.5663200374221
20
9.566738065484898
30
0
10
-20.55664163376797
20
9.583200352255613
30
0
10
-20.546880780658995
20
9.599592746196139
30
0
10
-20.537038476090256
20
9.61591419767094
30
0
10
-20.52711573029097
20
9.63216367992278
30
0
10
-20.517113565099706
20
9.648340189593617
30
0
10
-20.50703301332501
20
9.66444274723771
30
0
10
-20.496875118091527
20
9.68047039782704
30
0
10
-20.48664093217155
20
9.696422211248954
30
0
10
-20.476331517301976
20
9.712297282796104
30
0
10
-20.46594794348661
20
9.728094733648609
30
0
10
-20.455491288283973
20
9.743813711348487
30
0
10
-20.444962636080263
20
9.759453390266401
30
0
10
-20.434363077347736
20
9.775012972060647
30
0
10
-20.42369370788829
20
9.790491686128512
30
0
10
-20.412955628062278
20
9.80588879004994
30
0
10
-20.402149942002467
20
9.821203570023666
30
0
10
-20.391277756813118
20
9.836435341295736
30
0
10
-20.38034018175409
20
9.851583448580541
30
0
10
-20.369338327409938
20
9.866647266474468
30
0
10
-20.3582733048439
20
9.881626199862133
30
0
10
-20.347146224736775
20
9.896519684315372
30
0
10
-20.33595819651045
20
9.91132718648507
30
0
10
-20.324710327436158
20
9.926048204485898
30
0
10
-20.313403721727333
20
9.940682268274083
30
0
10
-20.30203947961681
20
9.955228940018385
30
0
10
-20.290618696418512
20
9.969687814464347
30
0
10
-20.2791424615733
20
9.984058519292036
30
0
10
-20.267611857678993
20
9.99834071546737
30
0
10
-20.256027959504323
20
10.012534097587302
30
0
10
-20.244391832986814
20
10.026638394218967
30
0
10
-20.232704534214353
20
10.040653368233016
30
0
10
-20.22096710839031
20
10.05457881713145
30
0
10
-20.20918058878209
20
10.068414573370047
30
0
10
-20.197345995652924
20
10.082160504675755
30
0
10
-20.18546433517675
20
10.095816514359289
30
0
10
-20.173536598335946
20
10.109382541623232
30
0
10
-20.161563759801815
20
10.122858561865922
30
0
10
-20.149546776797568
20
10.136244586981535
30
0
10
-20.137486587943584
20
10.149540665656655
30
0
10
-20.12538411208484
20
10.162746883663715
30
0
10
-20.11324024710012
20
10.175863364151795
30
0
10
-20.101055868693
20
10.18889026793511
30
0
10
-20.088831829164164
20
10.201827793779659
30
0
10
-20.076568956164937
20
10.214676178688638
30
0
10
-20.06426805143178
20
10.22743569818695
30
0
10
-20.051929889501444
20
10.24010666660551
30
0
10
-20.039555216406587
20
10.252689437365829
30
0
10
-20.027144748351525
20
10.265184403265557
30
0
10
-20.014699170367937
20
10.277591996765576
30
0
10
-20.002219134950156
20
10.289912690279353
30
0
10
-19.98970526066985
20
10.302146996465305
30
0
10
-19.97715813076979
20
10.314295468522879
30
0
10
-19.964578291736412
20
10.32635870049319
30
0
10
-19.951966251850923
20
10.338337327565085
30
0
10
-19.939322479718637
20
10.350232026387525
30
0
10
-19.926647402776364
20
10.362043515389166
30
0
10
-19.91394140577741
20
10.37377255510627
30
0
10
-19.901204829254134
20
10.385419948519878
30
0
10
-19.88843796795765
20
10.396986541403448
30
0
10
-19.875641069274476
20
10.408473222682028
30
0
10
-19.862814331619962
20
10.419880924804346
30
0
10
-19.849957902808185
20
10.431210624128957
30
0
10
-19.837071878398202
20
10.442463341325915
30
0
10
-19.824156300016412
20
10.453640141795391
30
0
10
-19.81121115365495
20
10.464742136104746
30
0
10
-19.798236367945975
20
10.475770480445595
30
0
10
-19.785231812411734
20
10.486726377112674
30
0
10
-19.772197295690425
20
10.497611075006123
30
0
10
-19.759132563737843
20
10.508425870159096
30
0
10
-19.7460372980048
20
10.519172106292677
30
0
10
-19.73291111359059
20
10.52985117540007
30
0
10
-19.71975355737254
20
10.540464518362231
30
0
10
-19.706564106111934
20
10.55101362559721
30
0
10
-19.693342164536716
20
10.561500037745528
30
0
10
-19.68008706340136
20
10.571925346394032
30
0
10
-19.66679805752441
20
10.582291194840893
30
0
10
-19.653474323804428
20
10.592599278904364
30
0
10
-19.640114959215044
20
10.602851347778161
30
0
10
-19.626718978780104
20
10.613049204936472
30
0
10
-19.613285313529907
20
10.623194709091614
30
0
10
-19.59981280843986
20
10.633289775207624
30
0
10
-19.58630022035299
20
10.643336375573131
30
0
10
-19.57274621588784
20
10.653336540937067
30
0
10
-19.55914936933381
20
10.663292361710829
30
0
10
-19.54550816053593
20
10.673205989240724
30
0
10
-19.531820972771527
20
10.68307963715477
30
0
10
-19.51808609062151
20
10.69291558278776
30
0
10
-19.504301697839285
20
10.70271616868913
30
0
10
-19.490465875220732
20
10.712483804217865
30
0
10
-19.47657659847902
20
10.722220967229102
30
0
10
-19.46263173612852
20
10.73193020585727
30
0
10
-19.448629047382532
20
10.741614140400445
30
0
10
-19.434566180069982
20
10.751275465311194
30
0
10
-19.42044066857699
20
10.76091695129891
30
0
10
-19.406249931819595
20
10.770541447549014
30
0
10
-19.39199127125468
20
10.78015188406446
30
0
10
-19.377661868936976
20
10.789751274134991
30
0
10
-19.363258785630567
20
10.799342716939854
30
0
10
-19.348778958984344
20
10.808929400289566
30
0
10
-19.334219201781636
20
10.81851460351252
30
0
10
-19.31957620027541
20
10.828101700492084
30
0
10
-19.304846512621182
20
10.837694162860016
30
0
10
-19.290026567421314
20
10.847295563351736
30
0
10
-19.275112662395223
20
10.856909579329065
30
0
10
-19.260100963191636
20
10.86653999647585
30
0
10
-19.244987502360242
20
10.876190712671585
30
0
10
-19.22976817850174
20
10.88586574204798
30
0
10
-19.21443875561684
20
10.895569219232978
30
0
10
-19.198994862676493
20
10.905305403786329
30
0
10
-19.183431993437598
20
10.915078684830217
30
0
10
-19.16774550653014
20
10.924893585877847
30
0
10
-19.151930625844123
20
10.934754769862039
30
0
10
-19.135982441246703
20
10.94466704436498
30
0
10
-19.119895909662134
20
10.95463536704921
30
0
10
-19.103665856549892
20
10.96466485128857
30
0
10
-19.087286977818785
20
10.974760771996497
30
0
10
-19.07075384221745
20
10.984928571647252
30
0
10
-19.054060894244635
20
10.99517386648378
30
0
10
-19.037202457625614
20
11.005502452903766
30
0
10
-19.020172739403925
20
11.015920314012847
30
0
10
-19.002965834700895
20
11.026433626331253
30
0
10
-18.985575732198612
20
11.037048766636913
30
0
10
-18.967996320405124
20
11.04777231892455
30
0
10
-18.950221394764043
20
11.058611081456403
30
0
10
-18.932244665673778
20
11.069572073875682
30
0
10
-18.9140597674851
20
11.080662544349154
30
0
10
-18.895660268548475
20
11.091889976699761
30
0
10
-18.877039682385934
20
11.103262097484281
30
0
10
-18.85819148006451
20
11.11478688296466
30
0
10
-18.83910910385127
20
11.126472565914286
30
0
10
-18.819785982231437
20
11.138327642193067
30
0
10
-18.800215546373163
20
11.150360877016613
30
0
10
-18.7803912481232
20
11.162581310835822
30
0
10
-18.760306579618238
20
11.174998264733544
30
0
10
-18.739955094596
20
11.1876213452346
30
0
10
-18.719330431488657
20
11.200460448414454
30
0
10
-18.69842633837863
20
11.21352576318023
30
0
10
-18.677236699892518
20
11.226827773585617
30
0
10
-18.655755566103494
20
11.240377260028541
30
0
10
-18.63397718350534
20
11.254185299167466
30
0
10
-18.611896028111595
20
11.268263262378861
30
0
10
-18.589506840722148
20
11.282622812564997
30
0
10
-18.56680466438565
20
11.297275899107895
30
0
10
-18.54378488406919
20
11.31223475075225
30
0
10
-18.52044326852753
20
11.327511866187836
30
0
10
-18.49677601434109
20
11.343120002090446
30
0
10
-18.472779792066163
20
11.359072158370166
30
0
10
-18.448451794410843
20
11.37538156036777
30
0
10
-18.423789786316974
20
11.392061637733535
30
0
10
-18.398792156791284
20
11.409125999719732
30
0
10
-18.37345797228768
20
11.4265884066182
30
0
10
-18.347787031397974
20
11.444462737078362
30
0
10
-18.321779920559788
20
11.462762951050216
30
0
10
-18.295438070438518
20
11.48150304811117
30
0
10
-18.26876381258523
20
11.500697020956157
30
0
10
-18.241760435915193
20
11.52035880385832
30
0
10
-18.214432242492503
20
11.54050221594259
30
0
10
-18.186784602046302
20
11.56114089915846
30
0
10
-18.15882400458459
20
11.582288250890759
30
0
10
-18.130558110413357
20
11.603957351209312
30
0
10
-18.101995796813863
20
11.626160884830231
30
0
10
-18.073147200580667
20
11.648911057943323
30
0
10
-18.044023755579676
20
11.67221951015104
30
0
10
-18.01463822445063
20
11.696097221865427
30
0
10
-17.985004723554933
20
11.720554417617969
30
0
10
-17.955138740259457
20
11.745600465853467
30
0
10
-17.925057141651628
20
11.771243775900816
30
0
10
-17.89477817380442
20
11.797491692938468
30
0
10
-17.864321450752133
20
11.824350391898351
30
0
10
-17.833707932401865
20
11.851824771376176
30
0
10
-17.802959890692314
20
11.879918348734309
30
0
10
-17.772100863422345
20
11.908633157692487
30
0
10
-17.741155595305436
20
11.937969649797859
30
0
10
-17.710149965964504
20
11.967926601243764
30
0
10
-17.67911090476074
20
11.998501026563456
30
0
10
-17.6480662925501
20
12.029688100755347
30
0
10
-17.61704485067691
20
12.061481091397495
30
0
10
-17.586076017743213
20
12.093871302276716
30
0
10
-17.555189814928987
20
12.12684802998999
30
0
10
-17.52441670087667
20
12.16039853487111
30
0
10
-17.493787417387814
20
12.19450802745257
30
0
10
-17.463332827402613
20
12.229159671492718
30
0
10
-17.433083746937612
20
12.26433460438345
30
0
10
-17.40307077283676
20
12.300011975506607
30
0
10
-17.37332410833899
20
12.336169002833246
30
0
10
-17.34387338857546
20
12.372781047765432
30
0
10
-17.314747508177987
20
12.409821707910785
30
0
10
-17.285974453201046
20
12.447262927165637
30
0
10
-17.257581139533492
20
12.485075122170157
30
0
10
-17.229593259899097
20
12.523227323898707
30
0
10
-17.20203514142121
20
12.561687332868132
30
0
10
-17.17492961555683
20
12.60042188619528
30
0
10
-17.14829790199431
20
12.639396834519987
30
0
10
-17.122159507862907
20
12.678577326636718
30
0
10
-17.096532143327988
20
12.717927999552629
30
0
10
-17.071431654350974
20
12.757413171615603
30
0
10
-17.046871973086674
20
12.79699703633296
30
0
10
-17.022865086081836
20
12.836643854531104
30
0
10
-16.999421020134484
20
12.876318142586067
30
0
10
-16.976547845384484
20
12.915984854580252
30
0
10
-16.95425169493704
20
12.955609556407422
30
0
10
-16.932536800079433
20
12.995158590050277
30
0
10
-16.911405539942944
20
13.034599226484236
30
0
10
-16.89085850428916
20
13.073899805911378
30
0
10
-16.87089456796524
20
13.113029864291686
30
0
10
-16.851510975477908
20
13.151960245406325
30
0
10
-16.832703434078887
20
13.1906631979539
30
0
10
-16.81446621373514
20
13.229112457437664
30
0
10
-16.79679225237142
20
13.267283312845068
30
0
10
-16.779673264818452
20
13.305152658344477
30
0
10
-16.763099853971802
20
13.342699030425091
30
0
10
-16.747061622761056
20
13.379902631082123
30
0
10
-16.73154728564096
20
13.416745337797316
30
0
10
-16.71654477844144
20
13.453210701186057
30
0
10
-16.70204136554725
20
13.48928393127556
30
0
10
-16.68802374351652
20
13.524951873445286
30
0
10
-16.67447814038698
20
13.560202975102108
30
0
10
-16.661390410055347
20
13.595027244181964
30
0
10
-16.648746121247598
20
13.629416200567173
30
0
10
-16.636530640722125
20
13.663362821489054
30
0
10
-16.624729210463634
20
13.696861481949925
30
0
10
-16.613327018730494
20
13.729907891151154
30
0
10
-16.60230926491301
20
13.762499025855824
30
0
10
-16.591661218242486
20
13.794633061549604
30
0
10
-16.58136827046261
20
13.82630930219315
30
0
10
-16.571415982634754
20
13.857528109286038
30
0
10
-16.561790126298167
20
13.888290830887303
30
0
10
-16.55247671924563
20
13.91859973116399
30
0
10
-16.543462056204802
20
13.948457920965913
30
0
10
-16.53473273473758
20
13.977869289855096
30
0
10
-16.526275676683305
20
14.006838439951967
30
0
10
-16.518078145479667
20
14.035370621897977
30
0
10
-16.51012775969639
20
14.063471673176476
30
0
10
-16.502412503114048
20
14.091147958980926
30
0
10
-16.49492073167287
20
14.11840631577146
30
0
10
-16.48764117760639
20
14.145253997617546
30
0
10
-16.480562951061415
20
14.171698625386687
30
0
10
-16.473675539491214
20
14.197748138805231
30
0
10
-16.466968805092247
20
14.223410751388467
30
0
10
-16.460432980537693
20
14.248694908212148
30
0
10
-16.454058663243277
20
14.273609246476767
30
0
10
-16.447836808382856
20
14.29816255879821
30
0
10
-16.44175872085364
20
14.322363759144313
30
0
10
-16.435816046373404
20
14.346221851325579
30
0
10
-16.430000761875153
20
14.369745899939547
30
0
10
-16.424305165348727
20
14.392945003661827
30
0
10
-16.418721865263144
20
14.415828270772607
30
0
10
-16.413243769689306
20
14.438404796804695
30
0
10
-16.407864075228897
20
14.460683644197958
30
0
10
-16.402576255842703
20
14.482673823845287
30
0
10
-16.39737405165993
20
14.504384278416357
30
0
10
-16.39225145783935
20
14.525823867347533
30
0
10
-16.387202713543097
20
14.547001353389042
30
0
10
-16.382222291075294
20
14.56792539060401
30
0
10
-16.37730488522908
20
14.588604513717717
30
0
10
-16.372445402878853
20
14.609047128719467
30
0
10
-16.367638952847464
20
14.629261504624095
30
0
10
-16.362880836072534
20
14.64925576630441
30
0
10
-16.358166536090717
20
14.669037888310605
30
0
10
-16.353491709854147
20
14.688615689597276
30
0
10
-16.348852178889246
20
14.707996829083289
30
0
10
-16.344243920804477
20
14.72718880197422
30
0
10
-16.339663061150585
20
14.746198936781514
30
0
10
-16.335105865634134
20
14.765034392976908
30
0
10
-16.330568732682924
20
14.783702159224612
30
0
10
-16.32604818635979
20
14.802209052137892
30
0
10
-16.321540869619795
20
14.820561715510408
30
0
10
-16.317043537904315
20
14.838766619976337
30
0
10
-16.312553053064423
20
14.856830063056613
30
0
10
-16.308066377605083
20
14.874758169552148
30
0
10
-16.3035805692409
20
14.892556892247573
30
0
10
-16.299092775753586
20
14.910232012892289
30
0
10
-16.294600230140922
20
14.92778914342806
30
0
10
-16.290100246046705
20
14.945233727435074
30
0
10
-16.285590213460946
20
14.962571041770625
30
0
10
-16.28106759467945
20
14.979806198376922
30
0
10
-16.27652992051209
20
14.996944146236402
30
0
10
-16.27197478672889
20
15.013989673455029
30
0
10
-16.26739985073335
20
15.030947409455642
30
0
10
-16.262802828452504
20
15.04782182726511
30
0
10
-16.258181491433415
20
15.064617245880676
30
0
10
-16.25353366413617
20
15.081337832702062
30
0
10
-16.24885722141345
20
15.097987606017337
30
0
10
-16.244150086167327
20
15.114570437531677
30
0
10
-16.239410227174023
20
15.131090054929269
30
0
10
-16.23463565706774
20
15.147550044459532
30
0
10
-16.229824430475105
20
15.163953853539857
30
0
10
-16.224974642291798
20
15.180304793367785
30
0
10
-16.22008442609366
20
15.196606041536398
30
0
10
-16.215151952674553
20
15.212860644647346
30
0
10
-16.21017542870368
20
15.229071520916598
30
0
10
-16.205153095495508
20
15.245241462768607
30
0
10
-16.200083227885557
20
15.261373139414992
30
0
10
-16.194964133205723
20
15.27746909941453
30
0
10
-16.189794150353084
20
15.293531773211477
30
0
10
-16.184571648946434
20
15.309563475649734
30
0
10
-16.179295028565022
20
15.325566408460773
30
0
10
-16.17396271806427
20
15.34154266272346
30
0
10
-16.16857317496356
20
15.357494221294239
30
0
10
-16.163124884901276
20
15.37342296120651
30
0
10
-16.157616361152723
20
15.389330656038032
30
0
10
-16.152046144206594
20
15.405218978245722
30
0
10
-16.146412801395982
20
15.421089501467023
30
0
10
-16.140714926580166
20
15.436943702787598
30
0
10
-16.134951139873436
20
15.4527829649749
30
0
10
-16.12912008741767
20
15.468608578677472
30
0
10
-16.12322044119531
20
15.484421744590039
30
0
10
-16.117250898879682
20
15.500223575584316
30
0
10
-16.11121018371985
20
15.516015098805722
30
0
10
-16.10509704445712
20
15.531797257736283
30
0
10
-16.098910255270688
20
15.547570914223957
30
0
10
-16.092648615749944
20
15.563336850478764
30
0
10
-16.086310950891125
20
15.579095771036126
30
0
10
-16.07989611111611
20
15.594848304687922
30
0
10
-16.073402972311293
20
15.610595006381644
30
0
10
-16.06683043588463
20
15.626336359088272
30
0
10
-16.060177428838866
20
15.642072775639408
30
0
10
-16.05344290385941
20
15.657804600534163
30
0
10
-16.046625839415036
20
15.673532111716458
30
0
10
-16.03972523986994
20
15.68925552232332
30
0
10
-16.03274013560571
20
15.704974982404726
30
0
10
-16.025669583151725
20
15.720690580615656
30
0
10
-16.01851266532283
20
15.736402345880958
30
0
10
-16.01126849136292
20
15.752110249033606
30
0
10
-16.003936197093367
20
15.767814204426932
30
0
10
-15.996514945065163
20
15.78351407152153
30
0
10
-15.989003924713716
20
15.799209656447351
30
0
10
-15.981402352515438
20
15.814900713541487
30
0
10
-15.973709472145089
20
15.830586946862454
30
0
10
-15.96592455463307
20
15.846268011681286
30
0
10
-15.95804689852191
20
15.861943515950138
30
0
10
-15.950075830021046
20
15.8776130217489
30
0
10
-15.94201070315935
20
15.89327604671032
30
0
10
-15.933850899934551
20
15.908932065424194
30
0
10
-15.925595830459123
20
15.924580510821059
30
0
10
-15.917244933101788
20
15.940220775535938
30
0
10
-15.908797674624324
20
15.955852213252562
30
0
10
-15.900253550312971
20
15.971474140028489
30
0
10
-15.891612084104024
20
15.987085835601643
30
0
10
-15.882872828703128
20
16.00268654467863
30
0
10
-15.87403536569786
20
16.01827547820522
30
0
10
-15.865099305663097
20
16.033851814619457
30
0
10
-15.856064288258937
20
16.0494147010877
30
0
10
-15.846929982320693
20
16.06496325472399
30
0
10
-15.837696085940653
20
16.08049656379307
30
0
10
-15.828362326541308
20
16.096013688897436
30
0
10
-15.818928460939748
20
16.111513664148646
30
0
10
-15.809394275402951
20
16.12699549832325
30
0
10
-15.799759585693703
20
16.14245817600366
30
0
10
-15.790024237106875
20
16.157900658704136
30
0
10
-15.78018810449595
20
16.173321885982197
30
0
10
-15.770251092289419
20
16.18872077653578
30
0
10
-15.760213134497029
20
16.20409622928623
30
0
10
-15.750074194705574
20
16.21944712444744
30
0
10
-15.739834266064129
20
16.23477232458139
30
0
10
-15.729493371258586
20
16.25007067564013
30
0
10
-15.719051562475283
20
16.26534100799455
30
0
10
-15.708508921353687
20
16.280582137450065
30
0
10
-15.697865558927905
20
16.29579286624929
30
0
10
-15.6871216155571
20
16.310971984061993
30
0
10
-15.676277260844428
20
16.326118268962418
30
0
10
-15.66533269354473
20
16.341230488394036
30
0
10
-15.654288141460649
20
16.35630740012197
30
0
10
-15.643143861327237
20
16.37134775317314
30
0
10
-15.631900138684932
20
16.386350288764252
30
0
10
-15.620557287740866
20
16.401313741217702
30
0
10
-15.609115651218492
20
16.416236838865508
30
0
10
-15.597575600195404
20
16.431118304941393
30
0
10
-15.585937533929378
20
16.445956858460992
30
0
10
-15.57420187967264
20
16.460751215090305
30
0
10
-15.562369092474212
20
16.475500088002544
30
0
10
-15.550439654970468
20
16.490202188723202
30
0
10
-15.53841407716379
20
16.50485622796363
30
0
10
-15.526292896189322
20
16.519460916443016
30
0
10
-15.514076676069898
20
16.534014965698844
30
0
10
-15.501766007459059
20
16.548517088885845
30
0
10
-15.489361507372184
20
16.562966001563513
30
0
10
-15.476863818905805
20
16.57736042247212
30
0
10
-15.464273610945044
20
16.5916990742973
30
0
10
-15.451591577859231
20
16.605980684423216
30
0
10
-15.438818439185734
20
16.620203985674266
30
0
10
-15.425954939301963
20
16.63436771704537
30
0
10
-15.413001847085702
20
16.648470624420806
30
0
10
-15.399959955563627
20
16.6625114612816
30
0
10
-15.386830081548183
20
16.676488989401445
30
0
10
-15.373613065262852
20
16.69040197953115
30
0
10
-15.36030976995571
20
16.704249212071595
30
0
10
-15.346921081501456
20
16.71802947773515
30
0
10
-15.333447907991964
20
16.731741578195535
30
0
10
-15.319891179315249
20
16.745384326726132
30
0
10
-15.306251846723038
20
16.758956548826692
30
0
10
-15.292530882386975
20
16.772457082838354
30
0
10
-15.278729278943393
20
16.785884780547082
30
0
10
-15.264848049026885
20
16.79923850777527
30
0
10
-15.25088822479255
20
16.812517144961713
30
0
10
-15.236850857427077
20
16.825719587729722
30
0
10
-15.222737016648654
20
16.83884474744342
30
0
10
-15.20854779019583
20
16.851891551752182
30
0
10
-15.194284283305288
20
16.864858945123125
30
0
10
-15.179947618178636
20
16.877745889361677
30
0
10
-15.165538933438272
20
16.890551364120125
30
0
10
-15.151059383572372
20
16.903274367394058
30
0
10
-15.13651013836899
20
16.9159139160068
30
0
10
-15.12189238233944
20
16.928469046081627
30
0
10
-15.107207314130928
20
16.940938813501788
30
0
10
-15.092456145928452
20
16.95332229435835
30
0
10
-15.077640102846138
20
16.965618585385673
30
0
10
-15.062760422307944
20
16.977826804384584
30
0
10
-15.047818353417837
20
16.989946090633175
30
0
10
-15.03281515631948
20
17.001975605285175
30
0
10
-15.017752101545446
20
17.01391453175581
30
0
10
-15.002630469356061
20
17.025762076095145
30
0
10
-14.987451549067819
20
17.037517467348966
30
0
10
-14.972216638371512
20
17.049179957906876
30
0
10
-14.956927042640027
20
17.060748823837912
30
0
10
-14.941584074225888
20
17.072223365213347
30
0
10
-14.92618905174854
20
17.083602906416882
30
0
10
-14.910743299371461
20
17.094886796441948
30
0
10
-14.895248146069012
20
17.10607440917631
30
0
10
-14.879704924883171
20
17.11716514367381
30
0
10
-14.864114972170114
20
17.12815842441321
30
0
10
-14.848479626836566
20
17.139053701544185
30
0
10
-14.832800229566125
20
17.149850451120408
30
0
10
-14.817078122035369
20
17.160548175319605
30
0
10
-14.801314646119836
20
17.171146402650795
30
0
10
-14.785511143089895
20
17.181644688148413
30
0
10
-14.769668952796422
20
17.192042613553483
30
0
10
-14.753789412846286
20
17.20233978748182
30
0
10
-14.737873857767717
20
17.212535845579158
30
0
10
-14.721923618165334
20
17.222630450663303
30
0
10
-14.70594001986498
20
17.23262329285325
30
0
10
-14.689924383048266
20
17.242514089685244
30
0
10
-14.673878021376677
20
17.252302586215908
30
0
10
-14.65780224110537
20
17.261988555112314
30
0
10
-14.641698340186423
20
17.271571796729116
30
0
10
-14.625567607361559
20
17.28105213917268
30
0
10
-14.609411321244286
20
17.290429438352337
30
0
10
-14.593230749391266
20
17.299703578018722
30
0
10
-14.577027147362895
20
17.308874469789252
30
0
10
-14.560801757773007
20
17.317942053160813
30
0
10
-14.544555809327498
20
17.326906295509694
30
0
10
-14.52829051585183
20
17.33576719207881
30
0
10
-14.512007075307244
20
17.344524765952308
30
0
10
-14.495706668795513
20
17.353179068017678
30
0
10
-14.479390459552159
20
17.361730176915284
30
0
10
-14.463059591927864
20
17.370178198975655
30
0
10
-14.44671519035797
20
17.378523268144423
30
0
10
-14.430358358319864
20
17.386765545895116
30
0
10
-14.413990177277999
20
17.39490522112996
30
0
10
-14.397611705616413
20
17.402942510068726
30
0
10
-14.381223977558435
20
17.410877656125866
30
0
10
-14.364828002073388
20
17.41871092977604
30
0
10
-14.348424761770053
20
17.42644262840817
30
0
10
-14.332015211776502
20
17.434073076168374
30
0
10
-14.315600278606176
20
17.44160262379169
30
0
10
-14.299180859009825
20
17.44903164842311
30
0
10
-14.282757818812929
20
17.456360553427952
30
0
10
-14.266331991738411
20
17.463589768191888
30
0
10
-14.249904178214187
20
17.47071974791087
30
0
10
-14.233475144165213
20
17.477750973371293
30
0
10
-14.217045619789655
20
17.484683950720644
30
0
10
-14.20061629831877
20
17.491519211228976
30
0
10
-14.184187834760115
20
17.49825731104154
30
0
10
-14.167760844623594
20
17.50489883092304
30
0
10
-14.151335902629906
20
17.511444375993772
30
0
10
-14.134913541400977
20
17.51789457545819
30
0
10
-14.118494250131798
20
17.52425008232628
30
0
10
-14.102078473243214
20
17.530511573128287
30
0
10
-14.085666609015151
20
17.53667974762327
30
0
10
-14.069259008199657
20
17.542755328502075
30
0
10
-14.052855972613283
20
17.548739061085268
30
0
10
-14.036457753708182
20
17.554631713016697
30
0
10
-14.020064551121289
20
17.560434073953406
30
0
10
-14.003676511201023
20
17.566146955252442
30
0
10
-13.987293725510861
20
17.571771189655546
30
0
10
-13.970916229309054
20
17.577307630972342
30
0
10
-13.95454400000396
20
17.58275715376304
30
0
10
-13.938176955584165
20
17.588120653021427
30
0
10
-13.921814953022741
20
17.593399043859275
30
0
10
-13.905457786655036
20
17.598593261193077
30
0
10
-13.889105186529036
20
17.603704259434334
30
0
10
-13.872756816727811
20
17.60873301218446
30
0
10
-13.85641227366313
20
17.613680511935648
30
0
10
-13.84007108433959
20
17.61854776977899
30
0
10
-13.823732704588474
20
17.62333581512125
30
0
10
-13.807396517270554
20
17.62804569541191
30
0
10
-13.791061830447148
20
17.632678475881896
30
0
10
-13.774727875518666
20
17.63723523929585
30
0
10
-13.758393805329852
20
17.64171708571976
30
0
10
-13.742058692241118
20
17.64612513230571
30
0
10
-13.725721526165156
20
17.65046051309601
30
0
10
-13.709381212568232
20
17.654724378848694
30
0
10
-13.693036570435458
20
17.65891789688681
30
0
10
-13.676686330199537
20
17.663042250973895
30
0
10
-13.660329131632281
20
17.667098641218235
30
0
10
-13.643963521698588
20
17.671088284008693
30
0
10
-13.627587952372233
20
17.675012411985012
30
0
10
-13.61120077841337
20
17.67887227404566
30
0
10
-13.594800255107218
20
17.682669135396587
30
0
10
-13.57838453596398
20
17.686404277644314
30
0
10
-13.56195167037986
20
17.69007899893708
30
0
10
-13.54549960125924
20
17.693694614157902
30
0
10
-13.529026162598347
20
17.697252455173807
30
0
10
-13.51252907703077
20
17.7007538711455
30
0
10
-13.496005953335416
20
17.704200228902174
30
0
10
-13.479454283907774
20
17.707592913386343
30
0
10
-13.462871442195594
20
17.710933328173898
30
0
10
-13.446254680100159
20
17.714222896074844
30
0
10
-13.429601125345041
20
17.717463059820513
30
0
10
-13.412907778814061
20
17.72065528284332
30
0
10
-13.396171511861054
20
17.723801050155508
30
0
10
-13.379389063594026
20
17.72690186933368
30
0
10
-13.36255703813703
20
17.72995927161618
30
0
10
-13.345671901873533
20
17.732974813120833
30
0
10
-13.328729980675464
20
17.73595007619094
30
0
10
-13.311727457122975
20
17.738886670877722
30
0
10
-13.294660367720521
20
17.741786236567947
30
0
10
-13.277524600115514
20
17.744650443765675
30
0
10
-13.260315890326833
20
17.74748099603769
30
0
10
-13.243029819991234
20
17.750279632132436
30
0
10
-13.225661813636702
20
17.753048128282703
30
0
10
-13.208207135992891
20
17.7557883007029
30
0
10
-13.190660889350033
20
17.758502008291817
30
0
10
-13.173018010978767
20
17.76119115555252
30
0
10
-13.155273270625075
20
17.76385769574115
30
0
10
-13.13742126809565
20
17.766503634256956
30
0
10
-13.119456430950997
20
17.76913103228593
30
0
10
-13.101373012325098
20
17.77174201071107
30
0
10
-13.08316508889259
20
17.774338754302224
30
0
10
-13.064826559006372
20
17.776923516198828
30
0
10
-13.046351141030838
20
17.779498622698885
30
0
10
-13.027732371898422
20
17.78206647836765
30
0
10
-13.008963605919584
20
17.784629571479336
30
0
10
-12.990038013879369
20
17.787190479805037
30
0
10
-12.970948582456446
20
17.789751876759784
30
0
10
-12.951688114003842
20
17.792316537921092
30
0
10
-12.932249226733976
20
17.79488734793085
30
0
10
-12.912624355354124
20
17.79746730779146
30
0
10
-12.892805752202301
20
17.80005954256618
30
0
10
-12.87278548893759
20
17.802667309492108
30
0
10
-12.852555458843042
20
17.80529400651289
30
0
10
-12.83210737980393
20
17.807943181236066
30
0
10
-12.811432798028438
20
17.81061854031761
30
0
10
-12.790523092582823
20
17.81332395927377
30
0
10
-12.769369480818055
20
17.816063492716733
30
0
10
-12.747963024769687
20
17.81884138500714
30
0
10
-12.72629463861818
20
17.821662081312176
30
0
10
-12.704355097301667
20
17.824530239052958
30
0
10
-12.682135046378551
20
17.82745073971951
30
0
10
-12.65962501324214
20
17.830428701025166
30
0
10
-12.636815419794406
20
17.833469489365225
30
0
10
-12.61369659669052
20
17.83657873253678
30
0
10
-12.59025879927003
20
17.839762332667643
30
0
10
-12.566492225294015
20
17.843026479292746
30
0
10
-12.542387034610766
20
17.846377662505365
30
0
10
-12.517933370874571
20
17.84982268609881
30
0
10
-12.49312138544324
20
17.85336868060147
30
0
10
-12.467941263580116
20
17.85702311609379
30
0
10
-12.442383253084547
20
17.860793814681223
30
0
10
-12.416437695471537
20
17.864688962480756
30
0
10
-12.39009505981611
20
17.86871712096168
30
0
10
-12.36334597937007
20
17.872887237463562
30
0
10
-12.336181291048925
20
17.877208654695266
30
0
10
-12.308592077873133
20
17.88169111899989
30
0
10
-12.280569714431643
20
17.886344787150577
30
0
10
-12.252105915415417
20
17.891180231422425
30
0
10
-12.223192787244315
20
17.89620844266589
30
0
10
-12.193822882782259
20
17.9014408310884
30
0
10
-12.163989259102536
20
17.906889224432387
30
0
10
-12.13368553822661
20
17.912565863222227
30
0
10
-12.102905970716868
20
17.918483392737908
30
0
10
-12.071645501955022
20
17.924654851362465
30
0
10
-12.039899840883791
20
17.931093654942583
30
0
10
-12.00766553093078
20
17.93781357679903
30
0
10
-11.974940022768589
20
17.944828723026106
30
0
10
-11.94172174849685
20
17.952153502728454
30
0
10
-11.908010196758731
20
17.959802592860015
30
0
10
-11.87380598822787
20
17.96779089735483
30
0
10
-11.83911095082376
20
17.976133500273665
30
0
10
-11.803928193933492
20
17.984845612734922
30
0
10
-11.768262180839335
20
17.993942513453987
30
0
10
-11.732118798475131
20
18.00343948278201
30
0
10
-11.695505423562306
20
18.013351730214705
30
0
10
-11.658430984111828
20
18.0236943154328
30
0
10
-11.620906015222777
20
18.034482063039007
30
0
10
-11.58294270806495
20
18.045729471271066
30
0
10
-11.544554950905033
20
18.057450615094897
30
0
10
-11.505758361025896
20
18.069659044215438
30
0
10
-11.466570306398804
20
18.082367676682512
30
0
10
-11.427009916003126
20
18.095588688913043
30
0
10
-11.387098077747087
20
18.109333403095263
30
0
10
-11.346857423030675
20
18.123612173082616
30
0
10
-11.306312297107594
20
18.138434270019015
30
0
10
-11.265488714547171
20
18.153807769060975
30
0
10
-11.224414299271364
20
18.16973943866836
30
0
10
-11.18311820884144
20
18.186234634021837
30
0
10
-11.14163104289442
20
18.20329719618554
30
0
10
-11.099984735875234
20
18.22092935866371
30
0
10
-11.05821243447253
20
18.239131662997227
30
0
10
-11.016348360439284
20
18.257902885006267
30
0
10
-10.9744276597564
20
18.277239973206484
30
0
10
-10.932486239370753
20
18.297138000808687
30
0
10
-10.890560593002409
20
18.317590132554493
30
0
10
-10.848687617759547
20
18.33858760744608
30
0
10
-10.806904423516237
20
18.36011973819999
30
0
10
-10.765248137192213
20
18.38217392799651
30
0
10
-10.723755704215339
20
18.40473570481538
30
0
10
-10.68246368954453
20
18.42778877335067
30
0
10
-10.641408080677234
20
18.451315084191332
30
0
10
-10.600624095058942
20
18.47529491964835
30
0
10
-10.56014599425377
20
18.499706995311442
30
0
10
-10.520006907123046
20
18.524528576139083
30
0
10
-10.480238664099026
20
18.54973560563044
30
0
10
-10.440871644436003
20
18.575302846406412
30
0
10
-10.401934638077726
20
18.601204030343816
30
0
10
-10.363454723506292
20
18.627412016267016
30
0
10
-10.32545716264085
20
18.653898953108275
30
0
10
-10.287965313543266
20
18.680636446403007
30
0
10
-10.251000561372383
20
18.707595725988856
30
0
10
-10.21458226771613
20
18.734747812825624
30
0
10
-10.178727738129734
20
18.762063682945204
30
0
10
-10.143452207427654
20
18.789514426668934
30
0
10
-10.108768842019783
20
18.817071401392738
30
0
10
-10.074688758357416
20
18.844706376428192
30
0
10
-10.041221056362463
20
18.872391668595906
30
0
10
-10.008372866557703
20
18.900100267488913
30
0
10
-9.976149409498277
20
18.92780594955093
30
0
10
-9.94455406602298
20
18.955483380342173
30
0
10
-9.913588456798797
20
18.98310820458739
30
0
10
-9.883252529620123
20
19.010657123812116
30
0
10
-9.853544652942075
20
19.038107961570457
30
0
10
-9.824461714172573
20
19.0654397164463
30
0
10
-9.795999221315673
20
19.09263260316883
30
0
10
-9.768151406644767
20
19.11966808232026
30
0
10
-9.74091133118548
20
19.146528879228047
30
0
10
-9.714270988899587
20
19.173198992725908
30
0
10
-9.688221409579103
20
19.19966369453836
30
0
10
-9.662752759581737
20
19.225909520092415
30
0
10
-9.637854439660265
20
19.25192425159096
30
0
10
-9.61351517925808
20
19.277696894194484
30
0
10
-9.589723126758228
20
19.303217646155627
30
0
10
-9.566465935281654
20
19.3284778637351
30
0
10
-9.543730843732044
20
19.35347002170019
30
0
10
-9.521504752876972
20
19.378187670171286
30
0
10
-9.49977429633903
20
19.402625388538244
30
0
10
-9.478525906444904
20
19.426778737119932
30
0
10
-9.45774587494533
20
19.450644207188166
30
0
10
-9.437420408674864
20
19.474219169922897
30
0
10
-9.417535680267592
20
19.497501824810133
30
0
10
-9.398077874083693
20
19.520491147939566
30
0
10
-9.379033227533059
20
19.543186840604825
30
0
10
-9.360388068006616
20
19.565589278557546
30
0
10
-9.342128845643623
20
19.58769946221738
30
0
10
-9.32424216217591
20
19.60951896809327
30
0
10
-9.30671479609725
20
19.631049901628614
30
0
10
-9.289533724409345
20
19.652294851642772
30
0
10
-9.272686141195592
20
19.673256846505353
30
0
10
-9.256159473270154
20
19.693939312146924
30
0
10
-9.239941393144289
20
19.714346031980256
30
0
10
-9.224019829543721
20
19.734481108780404
30
0
10
-9.208382975701578
20
19.75434892854896
30
0
10
-9.1930192956409
20
19.77395412636792
30
0
10
-9.177917528649132
20
19.7933015542316
30
0
10
-9.163066692135322
20
19.812396250830496
30
0
10
-9.148456083048442
20
19.831243413248707
30
0
10
-9.134075278022966
20
19.849848370526896
30
0
10
-9.119914132405768
20
19.868216559034085
30
0
10
-9.105962778306468
20
19.88635349958585
30
0
10
-9.092211621801756
20
19.904264776241146
30
0
10
-9.078651339413131
20
19.92195601670675
30
0
10
-9.065272873966897
20
19.939432874275937
30
0
10
-9.052067429935152
20
19.956701011226517
30
0
10
-9.039026468347057
20
19.97376608360315
30
0
10
-9.026141701350728
20
19.990633727308865
30
0
10
-9.013405086497766
20
20.007309545431802
30
0
10
-9.00080882081484
20
20.023799096734376
30
0
10
-8.988345334719419
20
20.040107885234036
30
0
10
-8.976007285830361
20
20.056241350806776
30
0
10
-8.963787552717884
20
20.072204860746982
30
0
10
-8.951679228631994
20
20.0880037022198
30
0
10
-8.93967561524339
20
20.10364307554483
30
0
10
-8.927770216426353
20
20.119128088252744
30
0
10
-8.915956732108834
20
20.134463749859417
30
0
10
-8.904229052211445
20
20.149654967304706
30
0
10
-8.892581250693448
20
20.164706541006172
30
0
10
-8.881007579721054
20
20.1796231614806
30
0
10
-8.869502463970445
20
20.19440940648904
30
0
10
-8.858060495075694
20
20.20906973866367
30
0
10
-8.846676426229491
20
20.223608503577445
30
0
10
-8.835345166942822
20
20.238029928219927
30
0
10
-8.824061777967934
20
20.252338119845128
30
0
10
-8.81282146638765
20
20.26653706515939
30
0
10
-8.80161958087259
20
20.280630629819647
30
0
10
-8.790451607106982
20
20.294622558214332
30
0
10
-8.779313163382573
20
20.308516473501324
30
0
10
-8.768199996359487
20
20.322315877878967
30
0
10
-8.757107976992069
20
20.33602415306814
30
0
10
-8.74603309661719
20
20.349644560984927
30
0
10
-8.734971463202022
20
20.36318024458495
30
0
10
-8.723919297747774
20
20.376634228861917
30
0
10
-8.712872930845645
20
20.390009421984335
30
0
10
-8.701828799380959
20
20.40330861655547
30
0
10
-8.690783443381145
20
20.416534490983008
30
0
10
-8.679733503003158
20
20.42968961094582
30
0
10
-8.668675715655818
20
20.442776430946367
30
0
10
-8.657606913252366
20
20.45579729593811
30
0
10
-8.646524019588608
20
20.468754443018376
30
0
10
-8.635424047841974
20
20.481650003177766
30
0
10
-8.624304098186771
20
20.49448600309799
30
0
10
-8.613161355520994
20
20.507264366990892
30
0
10
-8.601993087300162
20
20.51998691847177
30
0
10
-8.590796641473602
20
20.532655382461023
30
0
10
-8.579569444518752
20
20.545271387108496
30
0
10
-8.56830899956914
20
20.55783646573551
30
0
10
-8.557012884631845
20
20.57035205878991
30
0
10
-8.545678750890225
20
20.582819515810197
30
0
10
-8.5343043210879
20
20.59524009739476
30
0
10
-8.522887387990195
20
20.607614977173057
30
0
10
-8.511425812919107
20
20.619945243775543
30
0
10
-8.499917524358203
20
20.63223190279982
30
0
10
-8.488360516623963
20
20.644475878770287
30
0
10
-8.476752848600068
20
20.656678017089472
30
0
10
-8.465092642531358
20
20.66883908597878
30
0
10
-8.453378082874362
20
20.68095977840715
30
0
10
-8.44160741520125
20
20.69304071400598
30
0
10
-8.429778945154354
20
20.705082440969083
30
0
10
-8.417891037448376
20
20.717085437936394
30
0
10
-8.405942114917682
20
20.729050115860396
30
0
10
-8.393930657605981
20
20.74097681985453
30
0
10
-8.381855201895943
20
20.752865831022618
30
0
10
-8.369714339676474
20
20.764717368268776
30
0
10
-8.3575067175452
20
20.77653159008716
30
0
10
-8.345231036044122
20
20.78830859633125
30
0
10
-8.332886048926353
20
20.800048429962047
30
0
10
-8.320470562451835
20
20.81175107877506
30
0
10
-8.307983434710259
20
20.823416477105834
30
0
10
-8.295423574969373
20
20.835044507513683
30
0
10
-8.28278994304685
20
20.84663500244367
30
0
10
-8.270081548704113
20
20.858187745866694
30
0
10
-8.257297451060651
20
20.869702474897558
30
0
10
-8.244436758027135
20
20.88117888139118
30
0
10
-8.231498625756029
20
20.89261661351681
30
0
10
-8.218482258108358
20
20.90401527731045
30
0
10
-8.20538690613523
20
20.915374438205443
30
0
10
-8.192211867572954
20
20.92669362254143
30
0
10
-8.178956486350572
20
20.937972319051752
30
0
10
-8.165620152108694
20
20.949209980329453
30
0
10
-8.152202299728552
20
20.960406024271975
30
0
10
-8.138702408870234
20
20.9715598355049
30
0
10
-8.125120003519289
20
20.98267076678461
30
0
10
-8.111454651540582
20
20.993738140380334
30
0
10
-8.097705964238667
20
21.004761249435642
30
0
10
-8.083873595923908
20
21.015739359309535
30
0
10
-8.069957243483397
20
21.02667170889742
30
0
10
-8.055956645956057
20
21.037557511932135
30
0
10
-8.04187158411127
20
21.048395958265168
30
0
10
-8.02770188003022
20
21.05918621512836
30
0
10
-8.013447396689488
20
21.069927428376197
30
0
10
-7.999108037546124
20
21.08061872370899
30
0
10
-7.984683746123885
20
21.091259207877005
30
0
10
-7.970174505599861
20
21.101847969865815
30
0
10
-7.9555803383910915
20
21.112384082063105
30
0
10
-7.940901305740793
20
21.12286660140696
30
0
10
-7.926137507303591
20
21.13329457051597
30
0
10
-7.911289080729386
20
21.14366701880126
30
0
10
-7.896356201245596
20
21.15398296356052
30
0
10
-7.881339081237188
20
21.164241411054416
30
0
10
-7.866237969824265
20
21.17444135756534
30
0
10
-7.851053152436942
20
21.18458179043872
30
0
10
-7.835784950387071
20
21.19466168910704
30
0
10
-7.820433720436555
20
21.20468002609677
30
0
10
-7.804999854362151
20
21.214635768018173
30
0
10
-7.789483778516238
20
21.224527876538307
30
0
10
-7.773885953383503
20
21.23435530933726
30
0
10
-7.7582068731333305
20
21.24411702104767
30
0
10
-7.742447065167581
20
21.253811964177824
30
0
10
-7.726607089663669
20
21.263439090018192
30
0
10
-7.71068753911268
20
21.272997349531817
30
0
10
-7.694689037852549
20
21.28248569422828
30
0
10
-7.678612241595894
20
21.29190307702165
30
0
10
-7.662457836952538
20
21.301248453072404
30
0
10
-7.646226540946655
20
21.31052078061326
30
0
10
-7.629919100528228
20
21.319719021759198
30
0
10
-7.613536292078858
20
21.328842143301696
30
0
10
-7.597078920911898
20
21.337889117487055
30
0
10
-7.580547820766629
20
21.346858922779205
30
0
10
-7.563943853296557
20
21.355750544606746
30
0
10
-7.547267907551816
20
21.36456297609446
30
0
10
-7.5305208994554445
20
21.37329521877924
30
0
10
-7.513703771273655
20
21.381946283310587
30
0
10
-7.49681749107995
20
21.390515190135595
30
0
10
-7.479863052213187
20
21.399000970168533
30
0
10
-7.462841472729437
20
21.407402665445048
30
0
10
-7.44575379484763
20
21.415719329761014
30
0
10
-7.428601084389152
20
21.42395002929606
30
0
10
-7.411384430211162
20
21.43209384322173
30
0
10
-7.394104943633727
20
21.440149864294465
30
0
10
-7.376763757860896
20
21.448117199433185
30
0
10
-7.359362027395524
20
21.45599497028174
30
0
10
-7.3419009274479725
20
21.463782313756017
30
0
10
-7.324381653338792
20
21.471478382575857
30
0
10
-7.30680541989523
20
21.47908234578172
30
0
10
-7.289173460841688
20
21.486593389236152
30
0
10
-7.271487028184286
20
21.494010716109997
30
0
10
-7.2537473915893225
20
21.501333547353376
30
0
10
-7.235955837755859
20
21.508561122151466
30
0
10
-7.218113669782444
20
21.51569269836504
30
0
10
-7.2002222065279895
20
21.52272755295571
30
0
10
-7.182282781966853
20
21.52966498239602
30
0
10
-7.164296744538164
20
21.536504303064202
30
0
10
-7.1462654564895995
20
21.54324485162368
30
0
10
-7.128190293215409
20
21.5498859853873
30
0
10
-7.110072642588927
20
21.556427082666293
30
0
10
-7.09191390428967
20
21.562867543103874
30
0
10
-7.073715489124922
20
21.569206787993505
30
0
10
-7.055478818345943
20
21.575444260581925
30
0
10
-7.037205322958979
20
21.58157942635667
30
0
10
-7.018896443030957
20
21.5876117733183
30
0
10
-7.000553626989989
20
21.59354081223724
30
0
10
-6.982178330920885
20
21.599366076895116
30
0
10
-6.96377201785553
20
21.605087124310717
30
0
10
-6.945336157058336
20
21.610703534950478
30
0
10
-6.9268722233067574
20
21.616214912923486
30
0
10
-6.908381696167042
20
21.621620886160926
30
0
10
-6.889866059265151
20
21.62692110658007
30
0
10
-6.871326799552938
20
21.632115250232644
30
0
10
-6.852765406569793
20
21.637203017437663
30
0
10
-6.8341833716996145
20
21.642184132898624
30
0
10
-6.815582187423226
20
21.64705834580512
30
0
10
-6.7969633465664625
20
21.651825429918755
30
0
10
-6.778328341543717
20
21.656485183643394
30
0
10
-6.759678663597121
20
21.66103743007975
30
0
10
-6.741015802031558
20
21.6654820170642
30
0
10
-6.722341243445268
20
21.66981881719188
30
0
10
-6.7036564709562585
20
21.674047727824018
30
0
10
-6.684962963424662
20
21.67816867107942
30
0
10
-6.666262194670808
20
21.68218159381021
30
0
10
-6.647555632689229
20
21.686086467561683
30
0
10
-6.6288447388587
20
21.68988328851631
30
0
10
-6.610130967148094
20
21.693572077421837
30
0
10
-6.5914157633182935
20
21.69715287950352
30
0
10
-6.5727005641200344
20
21.700625764360375
30
0
10
-6.55398679648786
20
21.703990825845537
30
0
10
-6.5352758767299814
20
21.70724818193059
30
0
10
-6.516569209714149
20
21.710397974553977
30
0
10
-6.497868188049639
20
21.713440369453323
30
0
10
-6.479174191265117
20
21.716375555981813
30
0
10
-6.460488584982483
20
21.71920374690849
30
0
10
-6.441812720086771
20
21.72192517820247
30
0
10
-6.423147931891858
20
21.724540108801136
30
0
10
-6.404495539302037
20
21.72704882036224
30
0
10
-6.385856843969541
20
21.729451616999857
30
0
10
-6.36723312944769
20
21.731748825004303
30
0
10
-6.348625660339849
20
21.733940792545887
30
0
10
-6.330035681443899
20
21.736027889362543
30
0
10
-6.311464416892401
20
21.73801050643136
30
0
10
-6.292913069288085
20
21.739889055623944
30
0
10
-6.274382818834679
20
21.74166396934566
30
0
10
-6.255874822463075
20
21.743335700158724
30
0
10
-6.237390212952492
20
21.74490472038919
30
0
10
-6.218930098046559
20
21.74637152171776
30
0
10
-6.200495559564371
20
21.747736614754505
30
0
10
-6.182087652506017
20
21.74900052859748
30
0
10
-6.163707404152609
20
21.750163810375227
30
0
10
-6.145355813160657
20
21.751227024773154
30
0
10
-6.127033848650422
20
21.75219075354398
30
0
10
-6.108742449288108
20
21.753055595001985
30
0
10
-6.09048252236173
20
21.753822163501397
30
0
10
-6.072254942850264
20
21.754491088898718
30
0
10
-6.054060552485858
20
21.755063015999163
30
0
10
-6.035900158808923
20
21.755538603987212
30
0
10
-6.017774534215616
20
21.755918525841306
30
0
10
-5.999684414997527
20
21.756203467732828
30
0
10
-5.981630500373126
20
21.75639412840929
30
0
10
-5.963613451510762
20
21.75649121856199
30
0
10
-5.945633890542624
20
21.756495460178016
30
0
10
-5.927692399569351
20
21.756407585876875
30
0
10
-5.909789519654999
20
21.756228338231722
30
0
10
-5.89192574981162
20
21.755958469075352
30
0
10
-5.874101545973196
20
21.755598738791075
30
0
10
-5.856317319958422
20
21.755149915588635
30
0
10
-5.8385734384216965
20
21.754612774765242
30
0
10
-5.820870221791779
20
21.75398809795198
30
0
10
-5.803207943197714
20
21.75327667234577
30
0
10
-5.785586827381156
20
21.752479289926942
30
0
10
-5.768007049594648
20
21.75159674666289
30
0
10
-5.750468734485056
20
21.750629841697773
30
0
10
-5.732971954961629
20
21.749579376528757
30
0
10
-5.715516731047758
20
21.74844615416895
30
0
10
-5.698103028715777
20
21.74723097829735
30
0
10
-5.680730758704082
20
21.745934652396247
30
0
10
-5.663399775315595
20
21.744557978876333
30
0
10
-5.646109875196741
20
21.743101758189983
30
0
10
-5.628860796096219
20
21.741566787933156
30
0
10
-5.6116522156023585
20
21.739953861936357
30
0
10
-5.594483749858277
20
21.73826376934524
30
0
10
-5.577354952253835
20
21.73649729369136
30
0
10
-5.560265312093245
20
21.734655211953715
30
0
10
-5.5432142532372755
20
21.732738293611753
30
0
10
-5.5262011327191
20
21.730747299690588
30
0
10
-5.50922523933236
20
21.7286829817991
30
0
10
-5.492285792190424
20
21.72654608116198
30
0
10
-5.475381939255653
20
21.72433732764641
30
0
10
-5.45851275583723
20
21.722057438784535
30
0
10
-5.441677243056399
20
21.719707118792765
30
0
10
-5.424874326277667
20
21.717287057589047
30
0
10
-5.408102853504727
20
21.71479792980941
30
0
10
-5.391361593739512
20
21.71224039382514
30
0
10
-5.374649235303055
20
21.70961509076207
30
0
10
-5.357964384116707
20
21.706922643523523
30
0
10
-5.341305561942093
20
21.70416365581879
30
0
10
-5.324671204578349
20
21.70133871119876
30
0
10
-5.308059660015161
20
21.698448372101005
30
0
10
-5.29146918653989
20
21.695493178906187
30
0
10
-5.274897950797317
20
21.692473649008377
30
0
10
-5.2583440258004135
20
21.689390275901665
30
0
10
-5.24180538889051
20
21.686243528285768
30
0
10
-5.225279919645335
20
21.68303384919368
30
0
10
-5.208765397733279
20
21.67976165514437
30
0
10
-5.192259500712494
20
21.676427335324004
30
0
10
-5.17575980177317
20
21.673031250799287
30
0
10
-5.159263767421582
20
21.669573733766896
30
0
10
-5.142768755104612
20
21.666055086843148
30
0
10
-5.126272010773251
20
21.6624755823985
30
0
10
-5.109770666383966
20
21.658835461941642
30
0
10
-5.093261737336828
20
21.655134935558532
30
0
10
-5.076742119849346
20
21.65137418141182
30
0
10
-5.060208588265194
20
21.64755334530678
30
0
10
-5.043657792297273
20
21.64367254033011
30
0
10
-5.027086254204558
20
21.639731846568502
30
0
10
-5.0104903659025855
20
21.635731310914394
30
0
10
-4.993866386007756
20
21.631670946966683
30
0
10
-4.977210436815738
20
21.627550735034966
30
0
10
-4.960518501214805
20
21.623370622256225
30
0
10
-4.943786419535393
20
21.619130522833615
30
0
10
-4.927009886337374
20
21.614830318407545
30
0
10
-4.9101844471373814
20
21.610469858570163
30
0
10
-4.893305495078879
20
21.606048961534608
30
0
10
-4.876368267548489
20
21.60156741497178
30
0
10
-4.859367842742741
20
21.597024977027445
30
0
10
-4.842299136190215
20
21.592421377533977
30
0
10
-4.825156897235131
20
21.58775631943136
30
0
10
-4.807935705489228
20
21.583029480413312
30
0
10
-4.790629967260115
20
21.578240514815107
30
0
10
-4.773233911965427
20
21.573389055760714
30
0
10
-4.7557415885435255
20
21.568474717587815
30
0
10
-4.738146861873007
20
21.563497098570185
30
0
10
-4.72044340921503
20
21.558455783958113
30
0
10
-4.702624716694207
20
21.553350349358322
30
0
10
-4.684684075835939
20
21.548180364476046
30
0
10
-4.66661458018025
20
21.54294539724288
30
0
10
-4.648409121994595
20
21.537645018355025
30
0
10
-4.630060389110779
20
21.53227880624745
30
0
10
-4.6115608619140085
20
21.526846352530647
30
0
10
-4.592902810515183
20
21.521347267917154
30
0
10
-4.574078292140971
20
21.515781188666185
30
0
10
-4.555079148779853
20
21.510147783575245
30
0
10
-4.5358970051262615
20
21.504446761547953
30
0
10
-4.516523266869152
20
21.49867787976816
30
0
10
-4.496949119376023
20
21.49284095251016
30
0
10
-4.4771655268280695
20
21.486935860615166
30
0
10
-4.457163231867547
20
21.48096256166364
30
0
10
-4.436932755823802
20
21.47492110087271
30
0
10
-4.416464399590277
20
21.468811622746642
30
0
10
-4.3957482452309895
20
21.462634383507233
30
0
10
-4.374774158401391
20
21.456389764328797
30
0
10
-4.353531791675137
20
21.450078285400185
30
0
10
-4.332010588875463
20
21.44370062083304
30
0
10
-4.31019979051679
20
21.437257614431736
30
0
10
-4.28808844046965
20
21.430750296335727
30
0
10
-4.265665393969319
20
21.424179900539755
30
0
10
-4.24291932709603
20
21.417547883290553
30
0
10
-4.219838747861878
20
21.410855942351287
30
0
10
-4.196412009046561
20
21.40410603711613
30
0
10
-4.172627322930971
20
21.397300409547334
30
0
10
-4.148472778083725
20
21.390441605895532
30
0
10
-4.123936358361164
20
21.383532499151187
30
0
10
-4.099005964286082
20
21.37657631216059
30
0
10
-4.073669436973655
20
21.369576641323352
30
0
10
-4.0479145847748415
20
21.362537480770648
30
0
10
-4.021729212807931
20
21.355463246903664
30
0
10
-3.9951011555465534
20
21.34835880315028
30
0
10
-3.968018312628251
20
21.341229484774676
30
0
10
-3.940468688039834
20
21.33408112354975
30
0
10
-3.9124404328255276
20
21.32692007207557
30
0
10
-3.883921891448831
20
21.31975322749932
30
0
10
-3.8549016519202324
20
21.312588054362823
30
0
10
-3.8253685997795466
20
21.30543260627398
30
0
10
-3.7953119759925893
20
21.298295546067756
30
0
10
-3.764721438787169
20
21.291186164092064
30
0
10
-3.733587129413387
20
21.28411439422386
30
0
10
-3.7018997417656765
20
21.277090827192524
30
0
10
-3.669650595750294
20
21.270126720760892
30
0
10
-3.636831714221908
20
21.2632340062912
30
0
10
-3.6034359032449514
20
21.256425291204174
30
0
10
-3.569456835361229
20
21.249713856825043
30
0
10
-3.53488913546522
20
21.243113651103535
30
0
10
-3.499728468801685
20
21.236639275694763
30
0
10
-3.463971630508865
20
21.230305966897586
30
0
10
-3.42761663603616
20
21.22412956996717
30
0
10
-3.390662811667072
20
21.218126506350046
30
0
10
-3.3531108842810444
20
21.212313733434772
30
0
10
-3.3149630693910206
20
21.206708696470088
30
0
10
-3.2762231564024162
20
21.201329272376054
30
0
10
-3.236896589953534
20
21.196193705262477
30
0
10
-3.196990546122484
20
21.191320533573442
30
0
10
-3.156514002224657
20
21.186728508896163
30
0
10
-3.115477798879262
20
21.182436506606415
30
0
10
-3.0738946929986333
20
21.178463428669172
30
0
10
-3.031779400353485
20
21.17482809907101
30
0
10
-2.989148626391923
20
21.17154915252613
30
0
10
-2.946021084044596
20
21.16864491726842
30
0
10
-2.902417497335192
20
21.166133292913184
30
0
10
-2.858360589733282
20
21.16403162453936
30
0
10
-2.813875056339392
20
21.162356574302024
30
0
10
-2.768987519176191
20
21.161123992029488
30
0
10
-2.7237264650766186
20
21.160348786384624
30
0
10
-2.6781221659030567
20
21.160044798270707
30
0
10
-2.6322065810996724
20
21.160224678232865
30
0
10
-2.586013242867857
20
21.160899769642814
30
0
10
-2.5395771245530114
20
21.16207999945358
30
0
10
-2.4929344931349764
20
21.16377377826909
30
0
10
-2.446122747016425
20
21.165987911390022
30
0
10
-2.399180240592031
20
21.16872752237205
30
0
10
-2.35214609735045
20
21.17199599046645
30
0
10
-2.3050600135028625
20
21.175794903109967
30
0
10
-2.2579620543352075
20
21.180124024394225
30
0
10
-2.210892445642725
20
21.1849812801812
30
0
10
-2.163891362719031
20
21.19036276024721
30
0
10
-2.1169987194314053
20
21.196262737540977
30
0
10
-2.0702539599193637
20
21.202673704340285
30
0
10
-2.0236958554050752
20
21.20958642479506
30
0
10
-1.9773623084997276
20
21.21699000306076
30
0
10
-1.9312901672374603
20
21.224871965962635
30
0
10
-1.885515050868827
20
21.233218358896348
30
0
10
-1.840071189209281
20
21.242013853468762
30
0
10
-1.794991277068267
20
21.251241865220166
30
0
10
-1.7503063449925278
20
21.260884679648242
30
0
10
-1.7060456472517143
20
21.27092358467667
30
0
10
-1.6622365676816968
20
21.2813390076776
30
0
10
-1.6189045436919292
20
21.292110655166223
30
0
10
-1.5760730084460215
20
21.303217653333515
30
0
10
-1.5337633509433068
20
21.314638687668147
30
0
10
-1.4919948934726044
20
21.326352140033926
30
0
10
-1.4507848856819028
20
21.3383362217108
30
0
10
-1.4101485143101962
20
21.350569101069254
30
0
10
-1.3700989274660358
20
21.363029024724547
30
0
10
-1.3306472722090208
20
21.375694431202113
30
0
10
-1.2918027440985327
20
21.388544056334066
30
0
10
-1.2535726473137367
20
21.401557029793505
30
0
10
-1.215962463920947
20
21.414712962354493
30
0
10
-1.1789759308657481
20
21.427992023636357
30
0
10
-1.1426151232927133
20
21.441375010250148
30
0
10
-1.1068805428436834
20
21.45484340440854
30
0
10
-1.0717712096526593
20
21.46837942318775
30
0
10
-1.0372847568356642
20
21.481966058740444
30
0
10
-1.0034175263660758
20
21.495587109850707
30
0
10
-0.9701646653262783
20
21.509227205297396
30
0
10
-0.9375202216301424
20
21.52287181955042
30
0
10
-0.9054772384171952
20
21.536507281367207
30
0
10
-0.87402784642535
20
21.55012077588438
30
0
10
-0.8431633537517
20
21.56370034081474
30
0
10
-0.8128743325097303
20
21.577234857363255
30
0
10
-0.7831507019850652
20
21.59071403646849
30
0
10
-0.753981807978277
20
21.604128400961574
30
0
10
-0.7253564981033531
20
21.617469264212275
30
0
10
-0.6972631928823778
20
21.630728705804472
30
0
10
-0.6696899525420057
20
21.643899544751783
30
0
10
-0.6426245394739195
20
21.65697531072907
30
0
10
-0.6160544763709014
20
21.669950213759616
30
0
10
-0.5899671000930399
20
21.682819112759606
30
0
10
-0.5643496113537365
20
21.695577483304284
30
0
10
-0.5391891203447788
20
21.708221384942696
30
0
10
-0.5144726884436444
20
21.720747428351686
30
0
10
-0.49018736616443903
20
21.73315274258506
30
0
10
-0.46632022752775837
20
21.745434942640713
30
0
10
-0.442858401034747
20
21.757592097537383
30
0
10
-0.4197890974364682
20
21.769622699063902
30
0
10
-0.39709963449298996
20
21.781525631336873
30
0
10
-0.3747774589167373
20
21.79330014127864
30
0
10
-0.3528101656931837
20
21.804945810104723
30
0
10
-0.3311855149679725
20
21.816462525890387
30
0
10
-0.30989144668451296
20
21.827850457267946
30
0
10
-0.2889160931499539
20
21.839110028290555
30
0
10
-0.2682477896999531
20
21.850241894484395
30
0
10
-0.24787508362488775
20
21.86124692009912
30
0
10
-0.22778674151192269
20
21.872126156555744
30
0
10
-0.20797175514856292
20
21.882880822082427
30
0
10
-0.18841934612464928
20
21.893512282520916
30
0
10
-0.16911896926109415
20
21.90402203328011
30
0
10
-0.15006031498488182
20
21.914411682408144
30
0
10
-0.13123331076145783
20
21.924682934749942
30
0
10
-0.11262812168746816
20
21.934837577154326
30
0
10
-0.09423515033884977
20
21.944877464691864
30
0
10
-0.07604503596167578
20
21.95480450784311
30
0
10
-0.058048653086061
20
21.964620660615566
30
0
10
-0.040237109636502066
20
21.97432790954706
30
0
10
-0.022601744605639018
20
21.983928263553043
30
0
10
-0.005134125352409424
20
21.99342374457529
30
0
10
0.012173955420129556
20
22.00281637899012
30
0
10
0.02933048295727292
20
22.01210818973487
30
0
10
0.04634322397028179
20
22.021301189112314
30
0
10
0.06321973033851513
20
22.030397372233796
30
0
10
0.07996734295969121
20
22.039398711063107
30
0
10
0.0965931957156303
20
22.04830714902445
30
0
10
0.11310421952450211
20
22.057124596139314
30
0
10
0.12950714645375416
20
22.065852924658405
30
0
10
0.1458085138708829
20
22.07449396515646
30
0
10
0.16201466861196512
20
22.083049503059062
30
0
10
0.17813177115022505
20
22.091521275572315
30
0
10
0.1941657997493097
20
22.099910968987537
30
0
10
0.21012255458777906
20
22.10822021633467
30
0
10
0.22600766184332577
20
22.11645059535953
30
0
10
0.24182657772680127
20
22.124603626801516
30
0
10
0.25758459245761
20
22.132680772949488
30
0
10
0.27328683417343513
20
22.14068343645515
30
0
10
0.2889382727684138
20
22.148612959384323
30
0
10
0.3045437236549332
20
22.15647062248772
30
0
10
0.32010785144524745
20
22.164257644674034
30
0
10
0.335635173549903
20
22.171975182669257
30
0
10
0.35113006369071875
20
22.17962433084711
30
0
10
0.36659675532680025
20
22.187206121216516
30
0
10
0.38203934499257186
20
22.194721523552992
30
0
10
0.39746179554737227
20
22.202171445661662
30
0
10
0.4128679393365955
20
22.209556733760476
30
0
10
0.42826148126482744
20
22.21687817297301
30
0
10
0.443646001781578
20
22.22413648792097
30
0
10
0.459024959780745
20
22.23133234340712
30
0
10
0.474401695415023
20
22.238466345180168
30
0
10
0.4897794328267664
20
22.245539040773682
30
0
10
0.505161282796912
20
22.25255092041157
30
0
10
0.5205502453138507
20
22.259502417973465
30
0
10
0.5359492120641403
20
22.266393912013566
30
0
10
0.5513609688470485
20
22.273225726827157
30
0
10
0.56678819791511
20
22.279998133559342
30
0
10
0.582233480242821
20
22.28671135135108
30
0
10
0.5976992977256219
20
22.293365548517805
30
0
10
0.6131880353114766
20
22.299960843756423
30
0
10
0.6287019830672882
20
22.306497307376763
30
0
10
0.6442433381822671
20
22.31297496255375
30
0
10
0.6598142069106533
20
22.319393786597157
30
0
10
0.6754166064558949
20
22.32575371223561
30
0
10
0.691052466798535
20
22.33205462891223
30
0
10
0.7067236324699018
20
22.33829638408915
30
0
10
0.7224318642737977
20
22.344478784558643
30
0
10
0.7381788409582887
20
22.350601597758534
30
0
10
0.7539661608394922
20
22.356664553090013
30
0
10
0.7697953433795595
20
22.362667343235856
30
0
10
0.7856678307206955
20
22.368609625477514
30
0
10
0.8015849891770549
20
22.37449102300937
30
0
10
0.8175481106864926
20
22.38031112624887
30
0
10
0.8335584142239141
20
22.386069494141168
30
0
10
0.8496170471778575
20
22.391765655457107
30
0
10
0.8657250866921511
20
22.39739911008346
30
0
10
0.8818835409742244
20
22.40296933030448
30
0
10
0.8980933505715243
20
22.408475762073813
30
0
10
0.9143553896177489
20
22.413917826276002
30
0
10
0.9306704670502783
20
22.419294919976842
30
0
10
0.9470393278001358
20
22.42460641766188
30
0
10
0.9634626539559954
20
22.429851672462497
30
0
10
0.9799410659034369
20
22.435030017369
30
0
10
0.9964751234407914
20
22.44014076643028
30
0
10
1.013065326872641
20
22.445183215939462
30
0
10
1.0297121180823345
20
22.450156645605343
30
0
10
1.046415881584529
20
22.455060319709073
30
0
10
1.0631769455587583
20
22.45989348824586
30
0
10
1.0799955828651981
20
22.46465538805142
30
0
10
1.0968720120435935
20
22.46934524391282
30
0
10
1.11380639829609
20
22.473962269663634
30
0
10
1.130798854455163
20
22.478505669263043
30
0
10
1.1478494419373346
20
22.482974637858884
30
0
10
1.1649581716834452
20
22.487368362834296
30
0
10
1.1821250050864425
20
22.491686024838014
30
0
10
1.199349854907286
20
22.49592679879807
30
0
10
1.2166325861798084
20
22.500089854918844
30
0
10
1.2339730171050074
20
22.504174359661352
30
0
10
1.2513709199356622
20
22.508179476706758
30
0
10
1.268826021851794
20
22.512104367902996
30
0
10
1.2863380058274163
20
22.515948194194408
30
0
10
1.3039065114893686
20
22.519710116534483
30
0
10
1.3215311359686406
20
22.52338929678157
30
0
10
1.3392114347446131
20
22.526984898577517
30
0
10
1.3569469224828654
20
22.530496088209336
30
0
10
1.3747370738669034
20
22.533922035453728
30
0
10
1.392581324424147
20
22.537261914404624
30
0
10
1.4104790713467628
20
22.54051490428356
30
0
10
1.4284296743076579
20
22.543680190233097
30
0
10
1.446432456271821
20
22.546756964093074
30
0
10
1.4644867043036192
20
22.54974442515988
30
0
10
1.482591670370247
20
22.552641780928646
30
0
10
1.5007465721415072
20
22.555448247818436
30
0
10
1.5189505937864074
20
22.558163051880427
30
0
10
1.5372028867667167
20
22.560785429489083
30
0
10
1.555502570627789
20
22.563314628016357
30
0
10
1.5738487337867255
20
22.565749906488975
30
0
10
1.592240434318325
20
22.568090536228752
30
0
10
1.6106767007388978
20
22.57033580147601
30
0
10
1.6291565327880144
20
22.572484999996167
30
0
10
1.6476789022085663
20
22.574537443669364
30
0
10
1.666242753525236
20
22.576492459063378
30
0
10
1.6848470048213253
20
22.578349387989608
30
0
10
1.703490548514361
20
22.580107588042377
30
0
10
1.7221722521304672
20
22.581766433121416
30
0
10
1.7408909590774715
20
22.5833253139376
30
0
10
1.7596454894171147
20
22.584783638502014
30
0
10
1.7784346406362288
20
22.5861408325983
30
0
10
1.7972571884171176
20
22.587396340238364
30
0
10
1.8161118874069884
20
22.588549624101386
30
0
10
1.8349974719867623
20
22.58960016595628
30
0
10
1.8539126570391686
20
22.59054746706749
30
0
10
1.8728561387160512
20
22.59139104858426
30
0
10
1.8918265952051727
20
22.592130451913313
30
0
10
1.910822687496398
20
22.592765239075035
30
0
10
1.9298430601471723
20
22.593294993043095
30
0
10
1.948886342047539
20
22.593719318067592
30
0
10
1.967951147184561
20
22.59403783998176
30
0
10
1.9870360754060756
20
22.59425020649217
30
0
10
2.006139713183941
20
22.594356087452507
30
0
10
2.025260634376717
20
22.594355175120953
30
0
10
2.0443974009915835
20
22.594247184401127
30
0
10
2.0635485639457287
20
22.594031853066678
30
0
10
2.0827126638270874
20
22.593708941969485
30
0
10
2.1018882316542333
20
22.59327823523149
30
0
10
2.1210737896356635
20
22.592739540420272
30
0
10
2.1402678519282206
20
22.592092688708185
30
0
10
2.1594689253947776
20
22.591337535015253
30
0
10
2.178675510360892
20
22.590473958135796
30
0
10
2.1978861013706643
20
22.58950186084871
30
0
10
2.21709918794161
20
22.58842117001152
30
0
10
2.236313255318384
20
22.58723183663819
30
0
10
2.255526785225529
20
22.585933835960645
30
0
10
2.2747382566190377
20
22.5845271674741
30
0
10
2.293946146436621
20
22.58301185496617
30
0
10
2.313148930346788
20
22.58138794652975
30
0
10
2.332345083496564
20
22.5796555145597
30
0
10
2.3515330812577093
20
22.577814655733388
30
0
10
2.370711399971558
20
22.57586549097497
30
0
10
2.38987851769223
20
22.573808165403566
30
0
10
2.409032914928313
20
22.571642848265263
30
0
10
2.428173075382717
20
22.569369732848944
30
0
10
2.4472974866908728
20
22.566989036385984
30
0
10
2.4664046411571348
20
22.56450099993379
30
0
10
2.4854930364891272
20
22.56190588824325
30
0
10
2.504561176530279
20
22.559203989609983
30
0
10
2.523607571990293
20
22.556395615709512
30
0
10
2.5426307411734306
20
22.55348110141633
30
0
10
2.5616292107047105
20
22.550460804606786
30
0
10
2.5806015162539175
20
22.547335105945905
30
0
10
2.5995462032571703
20
22.54410440865808
30
0
10
2.618461827636265
20
22.540769138281647
30
0
10
2.637346956515621
20
22.537329742407334
30
0
10
2.6562001689366292
20
22.53378669040061
30
0
10
2.6750200565696005
20
22.530140473107927
30
0
10
2.693805224423145
20
22.526391602546784
30
0
10
2.7125542915508287
20
22.52254061157973
30
0
10
2.731265891755284
20
22.518588053572188
30
0
10
2.7499386742895506
20
22.514534502034174
30
0
10
2.7685713045557523
20
22.51038055024581
30
0
10
2.7871624648008906
20
22.506126810866746
30
0
10
2.8057108548099317
20
22.50177391552938
30
0
10
2.824215192596088
20
22.49732251441587
30
0
10
2.842674215088153
20
22.492773275819
30
0
10
2.8610866788150853
20
22.488126885686807
30
0
10
2.879451360587735
20
22.48338404715094
30
0
10
2.8977670581776085
20
22.478545480038846
30
0
10
2.9160325909928795
20
22.473611920369642
30
0
10
2.934246800751552
20
22.46858411983366
30
0
10
2.952408552151694
20
22.46346284525575
30
0
10
2.970516733538996
20
22.458248878042163
30
0
10
2.9885702575714643
20
22.452943013611094
30
0
10
3.0065680618814885
20
22.447546060806815
30
0
10
3.0245091097350936
20
22.442058841297367
30
0
10
3.0423923906886756
20
22.43648218895579
30
0
10
3.0602169212431796
20
22.43081694922477
30
0
10
3.0779817454957255
20
22.425063978464827
30
0
10
3.0956859357888886
20
22.419224143285877
30
0
10
3.1133285933577506
20
22.41329831986206
30
0
10
3.130908848974597
20
22.407287393230046
30
0
10
3.1484258635917075
20
22.40119225657044
30
0
10
3.1658788289821653
20
22.395013810472488
30
0
10
3.183266968378793
20
22.38875296218191
30
0
10
3.2005895371115503
20
22.382410624831817
30
0
10
3.217845823243463
20
22.375987716656663
30
0
10
3.2350351482051725
20
22.369485160189186
30
0
10
3.252156867428509
20
22.362903881440236
30
0
10
3.26921037097918
20
22.35624480906146
30
0
10
3.2861950841887513
20
22.349508873490723
30
0
10
3.3031104682863273
20
22.342697006080268
30
0
10
3.319956021030062
20
22.335810138207453
30
0
10
3.3367312773388753
20
22.328849200368108
30
0
10
3.3534358099245583
20
22.32181512125225
30
0
10
3.370069229924741
20
22.314708826802335
30
0
10
3.3866311875370023
20
22.307531239253652
30
0
10
3.4031213726543834
20
22.30028327615713
30
0
10
3.419539515502887
20
22.29296584938413
30
0
10
3.435885387281275
20
22.285579864113412
30
0
10
3.452158800803517
20
22.278126217800043
30
0
10
3.4683596111445194
20
22.270605799126212
30
0
10
3.4844877162895616
20
22.263019486933878
30
0
10
3.5005430577878416
20
22.255368149139166
30
0
10
3.516525621410873
20
22.24765264162844
30
0
10
3.5324354378161607
20
22.239873807135933
30
0
10
3.5482725832168813
20
22.232032474102954
30
0
10
3.5640371800580306
20
22.22412945551855
30
0
10
3.5797293976999427
20
22.21616554774157
30
0
10
3.595349453109745
20
22.208141529304065
30
0
10
3.610897611561485
20
22.200058159696056
30
0
10
3.6263741873458066
20
22.19191617813153
30
0
10
3.6417795444899963
20
22.18371630229574
30
0
10
3.6571140974891163
20
22.175459227073716
30
0
10
3.672378312049349
20
22.167145623260087
30
0
10
3.68757270584442
20
22.15877613625011
30
0
10
3.702697849285998
20
22.15035138471211
30
0
10
3.717754366309307
20
22.141871959241232
30
0
10
3.732742935174975
20
22.133338420994658
30
0
10
3.7476642892881866
20
22.124751300308503
30
0
10
3.762519218036516
20
22.116111095296322
30
0
10
3.7773085676475957
20
22.10741827042955
30
0
10
3.7920332420679226
20
22.098673255100127
30
0
10
3.8066942038642937
20
22.089876442165348
30
0
10
3.8212924751492103
20
22.08102818647555
30
0
10
3.8358291385318433
20
22.07212880338462
30
0
10
3.850305338096021
20
22.063178567244094
30
0
10
3.8647222804070145
20
22.05417770988105
30
0
10
3.879081235548769
20
22.045126419060352
30
0
10
3.893383538193292
20
22.03602483693209
30
0
10
3.907630588704195
20
22.02687305846452
30
0
10
3.921823854276242
20
22.017671129863626
30
0
10
3.935964870112849
20
22.008419046979967
30
0
10
3.950055240643752
20
21.99911675370388
30
0
10
3.9640966407849194
20
21.98976414035007
30
0
10
3.978090817242924
20
21.980361042032893
30
0
10
3.9920395898661862
20
21.970907237033625
30
0
10
4.00594485304541
20
21.961402445161237
30
0
10
4.019808577165743
20
21.951846326108388
30
0
10
4.033632810113156
20
21.942238477804477
30
0
10
4.0474196788377625
20
21.93257843476781
30
0
10
4.0611713909767815
20
21.922865666459096
30
0
10
4.074890236539814
20
21.913099575638878
30
0
10
4.088578589659494
20
21.90327949673157
30
0
10
4.102238910410318
20
21.893404694199095
30
0
10
4.115873746698635
20
21.88347436092756
30
0
10
4.129485736226927
20
21.873487616630463
30
0
10
4.143077608535479
20
21.863443506272468
30
0
10
4.156652187124467
20
21.853340998518213
30
0
10
4.170212391659806
20
21.843178984210688
30
0
10
4.183761240265861
20
21.832956274884584
30
0
10
4.197301851908184
20
21.82267160132017
30
0
10
4.210837448869608
20
21.812323612143985
30
0
10
4.2243713593227294
20
21.801910872482843
30
0
10
4.237907020001934
20
21.79143186267883
30
0
10
4.251447978978052
20
21.78088497707285
30
0
10
4.264997898538501
20
21.77026852286568
30
0
10
4.2785605581757995
20
21.759580719065628
30
0
10
4.29213985768698
20
21.74881969553322
30
0
10
4.305739820386424
20
21.73798349213363
30
0
10
4.319364596434232
20
21.72707005800889
30
0
10
4.333018466281939
20
21.716077250982803
30
0
10
4.34670584423715
20
21.705002837112154
30
0
10
4.360431282148074
20
21.693844490399496
30
0
10
4.374199473208513
20
21.68259979268344
30
0
10
4.388015255883304
20
21.671266233723834
30
0
10
4.401883617953454
20
21.659841211500552
30
0
10
4.415809700679484
20
21.648322032745863
30
0
10
4.429798803080608
20
21.636705913731973
30
0
10
4.443856386326357
20
21.624989981336636
30
0
10
4.457988078236105
20
21.61317127441172
30
0
10
4.472199677880649
20
21.601246745480793
30
0
10
4.486497160278583
20
21.58921326279412
30
0
10
4.5008866811785175
20
21.577067612770843
30
0
10
4.515374581916388
20
21.56480650286032
30
0
10
4.529967394335033
20
21.552426564856397
30
0
10
4.544671845750978
20
21.539924358700524
30
0
10
4.5594948639507695
20
21.527296376811634
30
0
10
4.574443582196433
20
21.514539048982854
30
0
10
4.589525344216558
20
21.501648747887106
30
0
10
4.6047477091559985
20
21.48862179523601
30
0
10
4.62011845645353
20
21.47545446863833
30
0
10
4.635645590612598
20
21.462143009206383
30
0
10
4.651337345825865
20
21.4486836299608
30
0
10
4.667202190409256
20
21.435072525085687
30
0
10
4.683248830995973
20
21.42130588008814
30
0
10
4.699486216435122
20
21.40737988291731
30
0
10
4.715923541333301
20
21.39329073609944
30
0
10
4.732570249170914
20
21.379034669946215
30
0
10
4.749436034917643
20
21.364607956894073
30
0
10
4.766530847063987
20
21.35000692703214
30
0
10
4.783864888977455
20
21.335227984875768
30
0
10
4.8014486194835095
20
21.3202676274413
30
0
10
4.819292752562361
20
21.305122463675573
30
0
10
4.837408256043042
20
21.289789235290694
30
0
10
4.855806349166607
20
21.274264839050332
30
0
10
4.874498498880211
20
21.25854635054862
30
0
10
4.893496414713392
20
21.242631049516103
30
0
10
4.912812042077743
20
21.226516446678925
30
0
10
4.932457553820843
20
21.21020031218767
30
0
10
4.952445339855178
20
21.193680705620647
30
0
10
4.9727879946733555
20
21.176956007552544
30
0
10
4.993498302551809
20
21.160024952663754
30
0
10
5.014589220237454
20
21.14288666434708
30
0
10
5.036073856904769
20
21.125540690748114
30
0
10
5.057965451165829
20
21.107987042152036
30
0
10
5.080277344912859
20
21.09022622960324
30
0
10
5.103022953771949
20
21.072259304615717
30
0
10
5.126215733949233
20
21.054087899799825
30
0
10
5.149869145256643
20
21.0357142701966
30
0
10
5.173996610114014
20
21.017141335073628
30
0
10
5.198611468339079
20
20.99837271989638
30
0
10
5.223726927556832
20
20.97941279814676
30
0
10
5.249356009084991
20
20.960266732616905
30
0
10
5.275511489184849
20
20.940940515760808
30
0
10
5.302205835606032
20
20.92144100864016
30
0
10
5.329451139400173
20
20.90177597795535
30
0
10
5.357259042033549
20
20.881954130607564
30
0
10
5.385640657892093
20
20.86198514519506
30
0
10
5.414606492343136
20
20.841879699808473
30
0
10
5.444166355598982
20
20.821649495454956
30
0
10
5.474329272715105
20
20.80130727441422
30
0
10
5.505103390152058
20
20.780866832809576
30
0
10
5.536495879432215
20
20.760343026668433
30
0
10
5.5685128385310385
20
20.739751770748935
30
0
10
5.601159191754741
20
20.719110029425746
30
0
10
5.634438588969693
20
20.698435798960173
30
0
10
5.6683533051631265
20
20.67774808052805
30
0
10
5.702904141425038
20
20.657066843446362
30
0
10
5.738090328544694
20
20.636412978125875
30
0
10
5.773909434509638
20
20.61580823838374
30
0
10
5.810357277275728
20
20.595275172875805
30
0
10
5.8474278442388155
20
20.574837045554837
30
0
10
5.885113219881001
20
20.554517745223855
30
0
10
5.923403523079855
20
20.53434168443398
30
0
10
5.962286855557157
20
20.51433368816843
30
0
10
6.001749262898247
20
20.494518872957098
30
0
10
6.041774709495348
20
20.474922517272788
30
0
10
6.082345068653735
20
20.455569924267444
30
0
10
6.123440128948309
20
20.436486278108145
30
0
10
6.165037617732553
20
20.41769649536169
30
0
10
6.207113242481761
20
20.399225073048044
30
0
10
6.24964075040108
20
20.3810959351299
30
0
10
6.292592006452945
20
20.363332279322126
30
0
10
6.3359370896617255
20
20.34595642618593
30
0
10
6.37964440724229
20
20.328989672513888
30
0
10
6.423680825784431
20
20.312452151009687
30
0
10
6.468011818412504
20
20.29636269821852
30
0
10
6.512601626538032
20
20.280738732571372
30
0
10
6.557413434543981
20
20.265596144267654
30
0
10
6.6024095554886575
20
20.250949198540503
30
0
10
6.64755162570251
20
20.2368104536316
30
0
10
6.692800805982049
20
20.2231906945513
30
0
10
6.738117986962842
20
20.210098883425307
30
0
10
6.78346399618552
20
20.197542126935414
30
0
10
6.8287998043529985
20
20.18552566106053
30
0
10
6.874086728317669
20
20.17405285302124
30
0
10
6.919286628429251
20
20.163125220036925
30
0
10
6.964362098014096
20
20.15274246422637
30
0
10
7.009276642941909
20
20.142902522727614
30
0
10
7.053994849457743
20
20.133601631887437
30
0
10
7.098482538707705
20
20.1248344041804
30
0
10
7.14270690666125
20
20.116593916363932
30
0
10
7.186636648419783
20
20.10887180726351
30
0
10
7.230242066192835
20
20.101658383509843
30
0
10
7.273495160513831
20
20.09494273151747
30
0
10
7.3163697045466565
20
20.08871283400019
30
0
10
7.358841301598977
20
20.082955689359064
30
0
10
7.400887426199617
20
20.077657432350353
30
0
10
7.442487449315164
20
20.07280345453866
30
0
10
7.483622648469063
20
20.068378523160266
30
0
10
7.524276203683566
20
20.064366897157534
30
0
10
7.564433180292177
20
20.0607524392933
30
0
10
7.604080499765659
20
20.057518723408137
30
0
10
7.643206899759496
20
20.054649136040677
30
0
10
7.681802884628812
20
20.052126971785857
30
0
10
7.719860667668161
20
20.04993552191649
30
0
10
7.757374106321629
20
20.048058155935554
30
0
10
7.794338631577622
20
20.046478395858987
30
0
10
7.830751172714555
20
20.045179983148945
30
0
10
7.86661007850071
20
20.044146938325277
30
0
10
7.901915035879656
20
20.043363613376847
30
0
10
7.936666987091924
20
20.04281473717487
30
0
10
7.970868046097546
20
20.042485454157227
30
0
10
8.004521415076523
20
20.04236135660702
30
0
10
8.03763130169478
20
20.042428510890215
30
0
10
8.070202837735943
20
20.042673478047938
30
0
10
8.102241999613515
20
20.043083329159394
30
0
10
8.13375553119733
20
20.043645655902676
30
0
10
8.164750869311417
20
20.044348576744014
30
0
10
8.195236072188862
20
20.045180739182868
30
0
10
8.225219751104323
20
20.04613131847081
30
0
10
8.254711005345339
20
20.04719001320871
30
0
10
8.283719360630101
20
20.04834703820914
30
0
10
8.312254711032406
20
20.049593114990675
30
0
10
8.340327264433231
20
20.050919460248554
30
0
10
8.367947491482226
20
20.052317772622477
30
0
10
8.395126078022479
20
20.053780218058062
30
0
10
8.421873880905977
20
20.055299414033836
30
0
10
8.44820188710647
20
20.056868412901224
30
0
10
8.47412117601924
20
20.05848068456126
30
0
10
8.49964288482425
20
20.060130098678528
30
0
10
8.524778176779243
20
20.06181090661097
30
0
10
8.549538212302197
20
20.063517723213284
30
0
10
8.573934122698034
20
20.06524550865195
30
0
10
8.597976986382491
20
20.066989550351913
30
0
10
8.621677807455079
20
20.068745445177854
30
0
10
8.645047496474618
20
20.07050908193773
30
0
10
8.668096853293097
20
20.072276624281937
30
0
10
8.690836551806965
20
20.07404449405882
30
0
10
8.713277126489452
20
20.075809355175632
30
0
10
8.735428960572484
20
20.077568098003734
30
0
10
8.757302275752009
20
20.07931782435766
30
0
10
8.77890712329671
20
20.081055833069634
30
0
10
8.800253376445863
20
20.0827796061737
30
0
10
8.821350723988377
20
20.084486795707804
30
0
10
8.842208664921273
20
20.08617521113648
30
0
10
8.86283650409196
20
20.087842807392185
30
0
10
8.88324334873495
20
20.089487673529582
30
0
10
8.90343810581919
20
20.091108021983477
30
0
10
8.923429480128437
20
20.092702178418563
30
0
10
8.943225973002296
20
20.0942685721567
30
0
10
8.96283588167094
20
20.095805727165736
30
0
10
8.982267299121709
20
20.097312253592364
30
0
10
9.001528114440433
20
20.09878683982044
30
0
10
9.020626013575058
20
20.10022824503535
30
0
10
9.03956848047324
20
20.101635292274544
30
0
10
9.05836279854981
20
20.10300686194393
30
0
10
9.077016052443645
20
20.10434188577979
30
0
10
9.095535130027049
20
20.10563934123583
30
0
10
9.11392672463412
20
20.106898246275293
30
0
10
9.132197337477457
20
20.108117654548096
30
0
10
9.15035328022562
20
20.10929665093362
30
0
10
9.168400677716166
20
20.110434347430115
30
0
10
9.186345470781678
20
20.11152987937207
30
0
10
9.204193419168345
20
20.11258240195778
30
0
10
9.221950104528762
20
20.113591087069622
30
0
10
9.23962093347243
20
20.11455512037044
30
0
10
9.25721114065931
20
20.115473698659862
30
0
10
9.274725791923249
20
20.11634602747528
30
0
10
9.29216978741356
20
20.117171318922654
30
0
10
9.309547864744486
20
20.117948789723084
30
0
10
9.326864602143369
20
20.11867765946177
30
0
10
9.344124421589381
20
20.119357149026502
30
0
10
9.361331591935944
20
20.119986479223577
30
0
10
9.3784902320106
20
20.120564869559598
30
0
10
9.395604313686993
20
20.121091537178206
30
0
10
9.412677664924464
20
20.121565695941374
30
0
10
9.429713972771339
20
20.12198655564547
30
0
10
9.4467167863286
20
20.122353321362766
30
0
10
9.463689519671181
20
20.122665192899746
30
0
10
9.48063545472466
20
20.122921364363812
30
0
10
9.497557744095548
20
20.12312102383071
30
0
10
9.514459413853645
20
20.123263353105237
30
0
10
9.531343366265494
20
20.123347527568384
30
0
10
9.54821238247813
20
20.123372716104416
30
0
10
9.565069125152556
20
20.123338081101643
30
0
10
9.581916141046825
20
20.12324277852131
30
0
10
9.59875586354861
20
20.123085958029055
30
0
10
9.615590615157378
20
20.12286676318394
30
0
10
9.63242260991662
20
20.122584331680237
30
0
10
9.649253955796453
20
20.122237795637563
30
0
10
9.666086657027309
20
20.12182628193506
30
0
10
9.682922616385255
20
20.121348912585862
30
0
10
9.699763637429866
20
20.120804805147944
30
0
10
9.716611426695485
20
20.120193073168128
30
0
10
9.73346759583665
20
20.119512826655814
30
0
10
9.750333663728894
20
20.118763172583577
30
0
10
9.767211058525769
20
20.11794321541163
30
0
10
9.784101119673151
20
20.11705205763369
30
0
10
9.801005099881998
20
20.116088800341547
30
0
10
9.817924167060603
20
20.115052543806254
30
0
10
9.834859406207364
20
20.113942388073554
30
0
10
9.85181182126534
20
20.112757433571648
30
0
10
9.868782336939589
20
20.111496781729358
30
0
10
9.885771800478379
20
20.110159535602918
30
0
10
9.90278098341949
20
20.108744800509733
30
0
10
9.919810583302588
20
20.107251684667617
30
0
10
9.936861225348741
20
20.105679299837902
30
0
10
9.953933464108214
20
20.104026761971333
30
0
10
9.971027785077503
20
20.102293191855175
30
0
10
9.98814460628672
20
20.10047771576064
30
0
10
10.00528427985814
20
20.098579466089355
30
0
10
10.022447093537124
20
20.096597582017917
30
0
10
10.039633272196214
20
20.094531210139575
30
0
10
10.05684297931329
20
20.092379505102116
30
0
10
10.074076318424819
20
20.090141630241177
30
0
10
10.091333334555031
20
20.08781675820816
30
0
10
10.108614015621704
20
20.085404071592034
30
0
10
10.125918293819627
20
20.082902763534417
30
0
10
10.143246046982389
20
20.080312038337144
30
0
10
10.160597099923214
20
20.077631112061997
30
0
10
10.177971225755718
20
20.074859213121748
30
0
10
10.195368147195175
20
20.07199558286229
30
0
10
10.212787537841098
20
20.069039476135163
30
0
10
10.230229023441616
20
20.065990161860203
30
0
10
10.247692183140451
20
20.062846923577748
30
0
10
10.265176550707082
20
20.059609059990205
30
0
10
10.282681615750517
20
20.05627588549243
30
0
10
10.300206824917447
20
20.052846730690753
30
0
10
10.317751583075207
20
20.049320942910228
30
0
10
10.335315254480001
20
20.045697886689943
30
0
10
10.352897163931011
20
20.041976944265976
30
0
10
10.370496597910828
20
20.03815751604191
30
0
10
10.388112805712481
20
20.034239021046563
30
0
10
10.405745000553754
20
20.0302208973788
30
0
10
10.423392360679026
20
20.02610260263921
30
0
10
10.441054030448988
20
20.021883614348425
30
0
10
10.458729121418765
20
20.017563430352045
30
0
10
10.47641671340465
20
20.013141569211808
30
0
10
10.494115855539782
20
20.008617570583144
30
0
10
10.511825567319175
20
20.003990995578683
30
0
10
10.529544839634283
20
19.999261427117865
30
0
10
10.547272635797489
20
19.994428470262367
30
0
10
10.565007892556599
20
19.98949175253733
30
0
10
10.582749521099807
20
19.9844509242383
30
0
10
10.600496408051235
20
19.979305658723728
30
0
10
10.618247416457205
20
19.9740556526931
30
0
10
10.636001386763581
20
19.968700626450463
30
0
10
10.653757137784368
20
19.96324032415337
30
0
10
10.671513467661507
20
19.957674514047287
30
0
10
10.689269154816365
20
19.95200298868519
30
0
10
10.707022958892871
20
19.946225565132536
30
0
10
10.724773621692385
20
19.940342085157415
30
0
10
10.742519868100622
20
19.934352415405982
30
0
10
10.760260407006585
20
19.928256447563008
30
0
10
10.777993932213711
20
19.922054098497647
30
0
10
10.795719123343188
20
19.915745310394342
30
0
10
10.813434646729723
20
19.909330050868867
30
0
10
10.831139156309748
20
19.902808313069475
30
0
10
10.84883129450198
20
19.89618011576324
30
0
10
10.866509693080724
20
19.88944550340744
30
0
10
10.884172974041673
20
19.88260454620612
30
0
10
10.901819750460378
20
19.875657340151744
30
0
10
10.919448627343419
20
19.868604007052046
30
0
10
10.937058202472357
20
19.861444694541905
30
0
10
10.954647067240288
20
19.854179576080533
30
0
10
10.972213807481282
20
19.84680885093372
30
0
10
10.9897570042926
20
19.839332744141238
30
0
10
11.007275234849565
20
19.83175150646964
30
0
10
11.024767073213319
20
19.824065414350045
30
0
10
11.042231091131368
20
19.816274769801293
30
0
10
11.059665858830753
20
19.808379900338423
30
0
10
11.077069945804105
20
19.800381158866323
30
0
10
11.094441921588334
20
19.792278923558786
30
0
10
11.111780356536123
20
19.784073597722887
30
0
10
11.129083822579927
20
19.775765609648772
30
0
10
11.146350893988762
20
19.76735541244481
30
0
10
11.163580148117568
20
19.75884348385823
30
0
10
11.180770166149065
20
19.7502303260812
30
0
10
11.197919533828209
20
19.74151646554249
30
0
10
11.215026842189141
20
19.732702452684528
30
0
10
11.23209068827449
20
19.723788861726202
30
0
10
11.249109675847114
20
19.714776290411184
30
0
10
11.266082416094235
20
19.70566535974186
30
0
10
11.283007528323711
20
19.696456713699096
30
0
10
11.29988364065268
20
19.68715101894753
30
0
10
11.316709390688281
20
19.677748964526785
30
0
10
11.333483426200583
20
19.66825126152834
30
0
10
11.350204405787437
20
19.65865864275836
30
0
10
11.36687099953145
20
19.648971862386297
30
0
10
11.383481889648884
20
19.639191695579363
30
0
10
11.40003577113031
20
19.62931893812308
30
0
10
11.41653135237324
20
19.619354406027643
30
0
10
11.432967355806461
20
19.609298935120357
30
0
10
11.449342518505974
20
19.59915338062413
30
0
10
11.465655592802692
20
19.588918616721994
30
0
10
11.4819053468817
20
19.578595536107706
30
0
10
11.49809056537292
20
19.56818504952258
30
0
10
11.514210049933366
20
19.557688085278357
30
0
10
11.530262619820766
20
19.547105588766303
30
0
10
11.546247112458445
20
19.53643852195261
30
0
10
11.562162383991605
20
19.525687862859865
30
0
10
11.578007309834838
20
19.514854605034927
30
0
10
11.5937807852107
20
19.50393975700301
30
0
10
11.609481725679581
20
19.49294434170811
30
0
10
11.62510906766056
20
19.481869395939704
30
0
10
11.64066176894338
20
19.470715969745804
30
0
10
11.656138809191319
20
19.459485125832376
30
0
10
11.671539190435128
20
19.448177938949094
30
0
10
11.686861937557888
20
19.436795495261425
30
0
10
11.702106098770663
20
19.42533889170915
30
0
10
11.717270746079118
20
19.41380923535118
30
0
10
11.73235497574097
20
19.402207642696773
30
0
10
11.747357908714172
20
19.39053523902309
30
0
10
11.762278691095982
20
19.37879315767915
30
0
10
11.777116494552807
20
19.366982539375986
30
0
10
11.791870516740744
20
19.355104531463294
30
0
10
11.806539981717004
20
19.34316028719225
30
0
10
11.821124140342025
20
19.331150964964632
30
0
10
11.835622270672449
20
19.31907772756815
30
0
10
11.850033678344762
20
19.306941741398088
30
0
10
11.864357696949886
20
19.294744175664945
30
0
10
11.878593688398555
20
19.282486201588306
30
0
10
11.892741043277505
20
19.270168991576753
30
0
10
11.906799181196652
20
19.257793718393746
30
0
10
11.920767551127229
20
19.245361554309486
30
0
10
11.934645631730824
20
19.232873670238664
30
0
10
11.948432931679617
20
19.220331234863973
30
0
10
11.962128989967722
20
19.207735413745336
30
0
10
11.975733376213682
20
19.195087368414836
30
0
10
11.98924569095436
20
19.182388255457095
30
0
10
12.002665565930265
20
19.169639225575118
30
0
10
12.015992664362265
20
19.1568414226415
30
0
10
12.029226681220083
20
19.143995982734786
30
0
10
12.042367343482539
20
19.131104033160916
30
0
10
12.055414410389636
20
19.118166691459653
30
0
10
12.068367673686824
20
19.1051850643958
30
0
10
12.081226957861439
20
19.092160246935073
30
0
10
12.093992120371663
20
19.07909332120443
30
0
10
12.106663051868006
20
19.06598535543681
30
0
10
12.119239676407709
20
19.05283740289998
30
0
10
12.131721951662243
20
19.039650500809334
30
0
10
12.14410986911806
20
19.026425669224473
30
0
10
12.156403454270995
20
19.013163909929425
30
0
10
12.168602766814555
20
18.999866205296073
30
0
10
12.180707900822318
20
18.986533517130844
30
0
10
12.1927189849249
20
18.97316678550425
30
0
10
12.204636182481792
20
18.959766927563034
30
0
10
12.216459691748323
20
18.946334836324795
30
0
10
12.22818974603832
20
18.932871379454667
30
0
10
12.239826613882773
20
18.919377398023958
30
0
10
12.251370599185007
20
18.905853705250223
30
0
10
12.262822041372704
20
18.892301085218794
30
0
10
12.27418131554748
20
18.878720291585143
30
0
10
12.28544883263242
20
18.865112046257998
30
0
10
12.2966250395181
20
18.851477038062814
30
0
10
12.307710419207805
20
18.837815921385236
30
0
10
12.31870549096255
20
18.824129314794217
30
0
10
12.329610810446448
20
18.81041779964459
30
0
10
12.340426969873327
20
18.796681918658532
30
0
10
12.351154598155256
20
18.782922174485655
30
0
10
12.361794361053702
20
18.769139028241476
30
0
10
12.3723469613343
20
18.755332898023703
30
0
10
12.382813138926075
20
18.74150415740603
30
0
10
12.393193671085953
20
18.727653133909243
30
0
10
12.403489372569734
20
18.71378010744896
30
0
10
12.41370109581046
20
18.699885308759885
30
0
10
12.423829731105261
20
18.685968917796103
30
0
10
12.433876206811984
20
18.672031062107077
30
0
10
12.443841489556673
20
18.65807181518899
30
0
10
12.453726584453372
20
18.644091194811043
30
0
10
12.463532535337459
20
18.63008916131653
30
0
10
12.473260425014079
20
18.616065615898155
30
0
10
12.482911375523203
20
18.602020398847483
30
0
10
12.492486548422823
20
18.58795328777821
30
0
10
12.501987145092079
20
18.573863995822933
30
0
10
12.511414407056142
20
18.559752169803268
30
0
10
12.52076961633455
20
18.545617388373252
30
0
10
12.530054095815217
20
18.53145916013571
30
0
10
12.539269209656075
20
18.517276921731625
30
0
10
12.548416363716514
20
18.50307003590259
30
0
10
12.557497006021087
20
18.48883778952613
30
0
10
12.566512627257728
20
18.474579391624395
30
0
10
12.575464761313219
20
18.460293971346022
30
0
10
12.584354985848433
20
18.4459805759219
30
0
10
12.59318492291632
20
18.431638168594937
30
0
10
12.601956239625508
20
18.417265626524458
30
0
10
12.610670648852649
20
18.40286173866604
30
0
10
12.619329910006831
20
18.388425203627428
30
0
10
12.627935829849402
20
18.373954627501565
30
0
10
12.636490263372835
20
18.359448521678008
30
0
10
12.644995114742382
20
18.34490530063395
30
0
10
12.65345233830447
20
18.330323279706555
30
0
10
12.661863939665864
20
18.31570067284838
30
0
10
12.670231976848005
20
18.30103559036808
30
0
10
12.678558561520896
20
18.286326036658654
30
0
10
12.686845860321277
20
18.27156990791622
30
0
10
12.695096096259903
20
18.256764989852144
30
0
10
12.703311550223024
20
18.241908955402216
30
0
10
12.71149456257329
20
18.226999362436754
30
0
10
12.719647534855547
20
18.212033651476016
30
0
10
12.727772931613181
20
18.197009143415833
30
0
10
12.735873282320876
20
18.18192303726901
30
0
10
12.743951183439705
20
18.16677240792856
30
0
10
12.752009300600962
20
18.15155420395957
30
0
10
12.760050370924944
20
18.13626524542713
30
0
10
12.768077205481319
20
18.120902221768752
30
0
10
12.776092691897759
20
18.105461689720347
30
0
10
12.78409979712368
20
18.089940071305865
30
0
10
12.792101570355973
20
18.074333651901775
30
0
10
12.800101146133748
20
18.058638578388496
30
0
10
12.80810174760918
20
18.042850857402208
30
0
10
12.816106690001444
20
18.02696635370179
30
0
10
12.824119384240806
20
18.010980788666764
30
0
10
12.832143340809758
20
17.994889738943886
30
0
10
12.840182173787989
20
17.97868863526151
30
0
10
12.848239605107695
20
17.96237276143249
30
0
10
12.856319469025495
20
17.945937253568285
30
0
10
12.864425716816768
20
17.92937709952894
30
0
10
12.872562421697737
20
17.912687138635597
30
0
10
12.88073378397997
20
17.895862061674478
30
0
10
12.888944136461268
20
17.87889641122363
30
0
10
12.89719795005594
20
17.86178458233626
30
0
10
12.905499839666348
20
17.844520823617078
30
0
10
12.913854570296397
20
17.827099238730934
30
0
10
12.92226706340612
20
17.809513788385924
30
0
10
12.93074240350469
20
17.791758292836185
30
0
10
12.939285844977322
20
17.773826434952962
30
0
10
12.94790281913909
20
17.75571176391565
30
0
10
12.956598941506176
20
17.737407699578128
30
0
10
12.965380019271995
20
17.718907537569216
30
0
10
12.974252058972322
20
17.700204455189578
30
0
10
12.98322127431974
20
17.68129151817129
30
0
10
12.992294094183457
20
17.66216168836975
30
0
10
13.001477170685808
20
17.642807832461497
30
0
10
13.01077738738147
20
17.623222731724788
30
0
10
13.020201867479518
20
17.603399092983675
30
0
10
13.02975798206196
20
17.58332956079928
30
0
10
13.03945335824548
20
17.56300673099503
30
0
10
13.04929588722494
20
17.542423165605495
30
0
10
13.059293732129051
20
17.521571409340474
30
0
10
13.069455335609277
20
17.5004440076577
30
0
10
13.079789427072932
20
17.479033526538522
30
0
10
13.09030502946098
20
17.45733257406109
30
0
10
13.101011465459408
20
17.43533382386446
30
0
10
13.11191836302093
20
17.413030040595377
30
0
10
13.123035660060992
20
17.390414107425613
30
0
10
13.13437360817853
20
17.367479055723223
30
0
10
13.145942775238064
20
17.34421809695361
30
0
10
13.157754046635137
20
17.320624656878284
30
0
10
13.169818625052761
20
17.296692412107134
30
0
10
13.182148028501532
20
17.272415329046844
30
0
10
13.194754086421737
20
17.24778770527138
30
0
10
13.20764893361156
20
17.222804213320742
30
0
10
13.220845001732293
20
17.197459946910936
30
0
10
13.2343550081291
20
17.171750469511903
30
0
10
13.248191941695463
20
17.14567186521928
30
0
10
13.262369045501016
20
17.119220791811294
30
0
10
13.276899795896501
20
17.092394535843898
30
0
10
13.291797877807184
20
17.065191069594018
30
0
10
13.307077155927734
20
17.037609109613623
30
0
10
13.322751641537396
20
17.009648176606813
30
0
10
13.338835454666228
20
16.981308656286636
30
0
10
13.355342781361115
20
16.952591860810063
30
0
10
13.372287825825108
20
16.92350009032869
30
0
10
13.389684757236559
20
16.89403669412881
30
0
10
13.407547651096028
20
16.864206130770302
30
0
10
13.425890424999661
20
16.834014026568504
30
0
10
13.444726768797882
20
16.80346723170051
30
0
10
13.464070069169262
20
16.77257387315616
30
0
10
13.48393332872024
20
16.741343403697975
30
0
10
13.50432907981236
20
16.709786645945734
30
0
10
13.525269293419933
20
16.677915830660265
30
0
10
13.546765283431224
20
16.645744628272006
30
0
10
13.568827606923803
20
16.613288172684737
30
0
10
13.591465961069526
20
16.58056307638473
30
0
10
13.614689077452974
20
16.547587435904507
30
0
10
13.638504614717144
20
16.514380826730108
30
0
10
13.662919050579603
20
16.48096428680189
30
0
10
13.687937574385737
20
16.447360287845186
30
0
10
13.713563981482022
20
16.413592693877007
30
0
10
13.739800570793923
20
16.379686706371462
30
0
10
13.766648047079277
20
16.345668795726652
30
0
10
13.794105429392006
20
16.31156661885945
30
0
10
13.822169967328833
20
16.27740892296067
30
0
10
13.850837066640832
20
16.243225435665533
30
0
10
13.88010022576725
20
16.209046742131534
30
0
10
13.909950984788257
20
16.1749041497623
30
0
10
13.940378888196092
20
16.140829541564283
30
0
10
13.971371462748058
20
16.106855219368118
30
0
10
14.002914211490506
20
16.073013738381874
30
0
10
14.03499062483412
20
16.039337734758902
30
0
10
14.067582209318873
20
16.00585974805491
30
0
10
14.100668534436712
20
15.97261204060869
30
0
10
14.134227297588966
20
15.93962641600184
30
0
10
14.168234406949463
20
15.906934038831096
30
0
10
14.202664081690227
20
15.874565258058645
30
0
10
14.237488968716617
20
15.842549436186527
30
0
10
14.272680274757162
20
15.810914786433186
30
0
10
14.308207912373012
20
15.779688219971497
30
0
10
14.34404065819771
20
15.748895205123578
30
0
10
14.380146321500048
20
15.71855964020011
30
0
10
14.416491920986463
20
15.688703741427949
30
0
10
14.453043867627954
20
15.659347947137721
30
0
10
14.489768151216756
20
15.63051083908748
30
0
10
14.52663052832844
20
15.602209081491441
30
0
10
14.563596709386074
20
15.574457378011598
30
0
10
14.600632542594253
20
15.547268446662647
30
0
10
14.637704192627151
20
15.52065301228664
30
0
10
14.67477831211072
20
15.494619815980263
30
0
10
14.711822204131556
20
15.469175640609722
30
0
10
14.748803974223584
20
15.444325351333077
30
0
10
14.785692670524066
20
15.420071949868738
30
0
10
14.822458411042412
20
15.396416641107143
30
0
10
14.859072497244382
20
15.373358910557835
30
0
10
14.895507513411257
20
15.35089661105865
30
0
10
14.931737411482324
20
15.32902605714505
30
0
10
14.967737581325753
20
15.307742125482623
30
0
10
15.003484906601216
20
15.28703835980187
30
0
10
15.038957806573674
20
15.266907078838125
30
0
10
15.074136264411038
20
15.247339485864943
30
0
10
15.109001842645283
20
15.228325778513627
30
0
10
15.143537686596364
20
15.20985525768979
30
0
10
15.177728516652952
20
15.191916434525174
30
0
10
15.211560610372779
20
15.174497134435622
30
0
10
15.245021775409038
20
15.157584597491365
30
0
10
15.27810131429258
20
15.141165574438517
30
0
10
15.310789982101932
20
15.12522641783976
30
0
10
15.343079938037762
20
15.109753167925206
30
0
10
15.37496469188918
20
15.09473163285837
30
0
10
15.406439046336601
20
15.080147463227576
30
0
10
15.437499035984386
20
15.065986220667513
30
0
10
15.468141863956351
20
15.052233440600004
30
0
10
15.498365836823123
20
15.038874689155701
30
0
10
15.528170298562076
20
15.02589561440103
30
0
10
15.55755556418084
20
15.013281992046785
30
0
10
15.586522853565995
20
15.001019765856821
30
0
10
15.615074226050318
20
14.989095083008564
30
0
10
15.64321251612535
20
14.97749432468211
30
0
10
15.67094127066346
20
14.966204132171805
30
0
10
15.698264687954223
20
14.95521142882527
30
0
10
15.725187558804286
20
14.944503438119854
30
0
10
15.751715209899587
20
14.934067698186608
30
0
10
15.77785344958215
20
14.923892073087885
30
0
10
15.803608516152337
20
14.913964761147305
30
0
10
15.828987028769752
20
14.904274300620617
30
0
10
15.853995940993736
20
14.894809572983789
30
0
10
15.87864249697543
20
14.885559804100554
30
0
10
15.902934190288722
20
14.87651456351686
30
0
10
15.926878725366457
20
14.867663762113787
30
0
10
15.950483981490702
20
14.858997648334345
30
0
10
15.973757979271065
20
14.85050680318351
30
0
10
15.996708849533565
20
14.842182134184718
30
0
10
16.01934480453338
20
14.834014868460367
30
0
10
16.041674111397306
20
14.825996545088888
30
0
10
16.06370506769732
20
14.818119006876223
30
0
10
16.085445979052928
20
14.810374391665897
30
0
10
16.106905138658117
20
14.80275512329881
30
0
10
16.12809080862833
20
14.795253902321807
30
0
10
16.149011203063132
20
14.787863696532433
30
0
10
16.16967447272179
20
14.78057773143717
30
0
10
16.19008869121092
20
14.773389480690403
30
0
10
16.2102618425861
20
14.766292656572746
30
0
10
16.230201810272636
20
14.759281200559005
30
0
10
16.249916367213956
20
14.752349274018934
30
0
10
16.26941316716001
20
14.74549124908713
30
0
10
16.28869973701214
20
14.738701699732392
30
0
10
16.307783470144685
20
14.731975393051615
30
0
10
16.32667162062796
20
14.725307280808385
30
0
10
16.345371298281343
20
14.718692491232202
30
0
10
16.363889464489233
20
14.712126321090444
30
0
10
16.38223292871662
20
14.705604228041967
30
0
10
16.400408345665284
20
14.699121823278187
30
0
10
16.418422213014942
20
14.692674864454995
30
0
10
16.43628086969785
20
14.68625924891671
30
0
10
16.453990494658473
20
14.67987100721129
30
0
10
16.471557106053556
20
14.67350629689447
30
0
10
16.48898656085099
20
14.667161396619047
30
0
10
16.506284554788827
20
14.660832700504464
30
0
10
16.523456622658966
20
14.654516712780852
30
0
10
16.540508138882412
20
14.64821004270083
30
0
10
16.557444318345997
20
14.641909399711869
30
0
10
16.57427021747229
20
14.635611588881469
30
0
10
16.590990735497403
20
14.62931350656693
30
0
10
16.60761061593275
20
14.62301213632143
30
0
10
16.624134448189437
20
14.616704545027716
30
0
10
16.64056666934535
20
14.610387879250785
30
0
10
16.656911566036925
20
14.604059361800829
30
0
10
16.673173276459146
20
14.597716288497677
30
0
10
16.689355792458667
20
14.591356025128144
30
0
10
16.705462961706562
20
14.584976004587753
30
0
10
16.721498489938053
20
14.578573724198433
30
0
10
16.73746594324825
20
14.57214674319395
30
0
10
16.753368750433534
20
14.565692680365148
30
0
10
16.769210205369458
20
14.559209211857015
30
0
10
16.784993469416875
20
14.552694069110226
30
0
10
16.80072157384889
20
14.546145036939555
30
0
10
16.816397422291807
20
14.539559951742316
30
0
10
16.83202379317425
20
14.532936699829751
30
0
10
16.847603342178992
20
14.526273215874939
30
0
10
16.863138604692768
20
14.519567481470748
30
0
10
16.87863199824982
20
14.512817523791835
30
0
10
16.894085824965458
20
14.50602141435478
30
0
10
16.90950227395634
20
14.499177267870774
30
0
10
16.92488342374452
20
14.492283241185484
30
0
10
16.940231244642817
20
14.485337532301015
30
0
10
16.955547601119235
20
14.478338379474991
30
0
10
16.970834254138694
20
14.471284060392174
30
0
10
16.986092863480156
20
14.464172891404097
30
0
10
17.001324990028134
20
14.457003226832478
30
0
10
17.01653209803725
20
14.449773458332382
30
0
10
17.03171555736882
20
14.442482014311315
30
0
10
17.046876645698905
20
14.435127359400482
30
0
10
17.062016550697134
20
14.42770799397484
30
0
10
17.07713637217575
20
14.420222453718592
30
0
10
17.092237124208697
20
14.412669309232978
30
0
10
17.10731973722051
20
14.40504716568335
30
0
10
17.12238506004481
20
14.39735466248278
30
0
10
17.137433861952466
20
14.389590473009447
30
0
10
17.15246683464953
20
14.381753304355232
30
0
10
17.167484594244915
20
14.37384189710323
30
0
10
17.182487683188185
20
14.36585502513173
30
0
10
17.19747657217767
20
14.357791495442585
30
0
10
17.212451662039044
20
14.349650148011946
30
0
10
17.227413285574947
20
14.341429855661312
30
0
10
17.242361709385808
20
14.33312952394713
30
0
10
17.257297135662437
20
14.32474809106716
30
0
10
17.272219703950626
20
14.316284527782027
30
0
10
17.287129492888322
20
14.307737837350269
30
0
10
17.302026521915856
20
14.299107055475506
30
0
10
17.316910752959526
20
14.29039125026433
30
0
10
17.331782092089156
20
14.281589522193526
30
0
10
17.346640391150135
20
14.272701004085402
30
0
10
17.361485449370154
20
14.263724861090111
30
0
10
17.376317014941538
20
14.25466029067375
30
0
10
17.39113478657925
20
14.245506522611219
30
0
10
17.405938415055335
20
14.236262818982905
30
0
10
17.42072750471008
20
14.226928474174114
30
0
10
17.435501614940467
20
14.217502814876529
30
0
10
17.450260261666433
20
14.207985200090645
30
0
10
17.465002918775124
20
14.198375021128687
30
0
10
17.479729019543928
20
14.188671701616926
30
0
10
17.494437958042504
20
14.178874697496909
30
0
10
17.509129090514232
20
14.16898349702493
30
0
10
17.523801736737614
20
14.158997620769005
30
0
10
17.538455181367937
20
14.14891662160282
30
0
10
17.553088675259545
20
14.138740084696153
30
0
10
17.567701436769248
20
14.128467627501152
30
0
10
17.582292653041087
20
14.118098899734008
30
0
10
17.596861481272814
20
14.107633583351625
30
0
10
17.61140704996455
20
14.097071392522736
30
0
10
17.62592846014986
20
14.086412073593142
30
0
10
17.640424786609447
20
14.075655405044703
30
0
10
17.654895079068023
20
14.064801197447618
30
0
10
17.669338363374468
20
14.05384929340575
30
0
10
17.68375364266552
20
14.042799567494702
30
0
10
17.698139898513425
20
14.03165192619221
30
0
10
17.71249609205765
20
14.020406307800762
30
0
10
17.726821165121013
20
14.009062682361995
30
0
10
17.741114041310308
20
13.997621051562815
30
0
10
17.755373627101843
20
13.98608144863288
30
0
10
17.769598812911966
20
13.974443938233255
30
0
10
17.783788474152722
20
13.962708616336165
30
0
10
17.79794147227304
20
13.950875610095498
30
0
10
17.812056655785433
20
13.93894507770798
30
0
10
17.826132861278403
20
13.92691720826493
30
0
10
17.840168914414775
20
13.914792221594313
30
0
10
17.854163630916137
20
13.90257036809304
30
0
10
17.868115817533344
20
13.89025192854948
30
0
10
17.882024273003395
20
13.877837213955885
30
0
10
17.895887788992734
20
13.865326565310813
30
0
10
17.909705151027133
20
13.85272035341133
30
0
10
17.923475139408072
20
13.840018978635035
30
0
10
17.937196530116026
20
13.82722287071174
30
0
10
17.95086809570051
20
13.814332488484736
30
0
10
17.96448860615695
20
13.801348319661733
30
0
10
17.978056829790674
20
13.788270880555256
30
0
10
17.991571534067845
20
13.775100715812519
30
0
10
18.005031486453518
20
13.761838398134833
30
0
10
18.01843545523687
20
13.748484527986381
30
0
10
18.031782210343657
20
13.735039733292414
30
0
10
18.045070524135827
20
13.721504669126892
30
0
10
18.058299172198506
20
13.707880017389472
30
0
10
18.071466934114273
20
13.694166486471875
30
0
10
18.084572594224735
20
13.680364810913716
30
0
10
18.097614942379476
20
13.666475751047647
30
0
10
18.110592774672448
20
13.65250009263394
30
0
10
18.123504894165613
20
13.638438646484538
30
0
10
18.1363501116001
20
13.624292248076488
30
0
10
18.14912724609467
20
13.61006175715486
30
0
10
18.161835125831693
20
13.595748057325151
30
0
10
18.174472588730325
20
13.581352055635268
30
0
10
18.187038483107255
20
13.566874682146993
30
0
10
18.19953166832475
20
13.55231688949705
30
0
10
18.211951015426006
20
13.537679652447865
30
0
10
18.224295407757925
20
13.522963967427954
30
0
10
18.236563741581197
20
13.508170852061957
30
0
10
18.248754926667612
20
13.493301344690602
30
0
10
18.26086788688471
20
13.478356503880306
30
0
10
18.272901560767732
20
13.463337407922715
30
0
10
18.284854902078607
20
13.44824515432415
30
0
10
18.29672688035235
20
13.433080859285004
30
0
10
18.308516481430445
20
13.41784565716914
30
0
10
18.320222707981465
20
13.402540699963339
30
0
10
18.33184458000871
20
13.387167156726935
30
0
10
18.34338113534488
20
13.371726213031579
30
0
10
18.354831430133906
20
13.35621907039119
30
0
10
18.36619453929952
20
13.34064694568233
30
0
10
18.37746955700097
20
13.325011070554808
30
0
10
18.388655597075555
20
13.309312690832694
30
0
10
18.399751793467946
20
13.293553065905888
30
0
10
18.410757300646427
20
13.27773346811211
30
0
10
18.421671294005886
20
13.261855182109477
30
0
10
18.43249297025744
20
13.245919504239758
30
0
10
18.443221547804878
20
13.229927741882294
30
0
10
18.453856267107682
20
13.21388121279855
30
0
10
18.464396391030622
20
13.197781244467636
30
0
10
18.474841205180006
20
13.18162917341254
30
0
10
18.485190018226366
20
13.165426344517211
30
0
10
18.49544216221365
20
13.14917411033472
30
0
10
18.505596992854898
20
13.132873830386256
30
0
10
18.515653889814217
20
13.116526870451219
30
0
10
18.525612256975275
20
13.100134601848314
30
0
10
18.535471522695957
20
13.083698400707807
30
0
10
18.545231140049413
20
13.067219647234884
30
0
10
18.554890587051364
20
13.050699724964073
30
0
10
18.56444936687355
20
13.034140020005067
30
0
10
18.57390700804346
20
13.017541920279553
30
0
10
18.58326306463018
20
13.000906814749348
30
0
10
18.592517116416346
20
12.984236092635843
30
0
10
18.601668769056268
20
12.967531142630632
30
0
10
18.610717654220096
20
12.950793352097385
30
0
10
18.61966342972402
20
12.93402410626513
30
0
10
18.62850577964656
20
12.917224787412655
30
0
10
18.637244414430835
20
12.90039677404425
30
0
10
18.645879070972896
20
12.883541440056645
30
0
10
18.65440951269596
20
12.866660153897275
30
0
10
18.662835529610717
20
12.849754277713657
30
0
10
18.67115693836158
20
12.832825166493922
30
0
10
18.679373582258904
20
12.815874167198606
30
0
10
18.687485331297196
20
12.798902617883417
30
0
10
18.695492082159312
20
12.78191184681303
30
0
10
18.703393758206648
20
12.764903171565972
30
0
10
18.711190309455294
20
12.747877898130312
30
0
10
18.718881712538284
20
12.730837319990144
30
0
10
18.726467970653836
20
12.71378271720299
30
0
10
18.733949113499655
20
12.696715355467658
30
0
10
18.741325197193426
20
12.679636485182721
30
0
10
18.74859630417932
20
12.662547340495474
30
0
10
18.755762543120795
20
12.645449138341114
30
0
10
18.7628240487796
20
12.628343077472103
30
0
10
18.769780981881034
20
12.611230337477624
30
0
10
18.776633528965622
20
12.594112077792802
30
0
10
18.783381902227188
20
12.576989436697696
30
0
10
18.790026339337444
20
12.55986353030573
30
0
10
18.796567103257164
20
12.542735451541539
30
0
10
18.803004482034055
20
12.525606269107854
30
0
10
18.809338788587425
20
12.508477026441236
30
0
10
18.815570360479782
20
12.491348740656592
30
0
10
18.821699559675398
20
12.474222401479986
30
0
10
18.82772677228618
20
12.457098970169568
30
0
10
18.833652408304697
20
12.439979378424487
30
0
10
18.839476901324833
20
12.422864527281224
30
0
10
18.845200708250008
20
12.405755285997211
30
0
10
18.8508243089893
20
12.388652490921427
30
0
10
18.85634820614155
20
12.371556944351468
30
0
10
18.861772924667825
20
12.354469413376899
30
0
10
18.867099011552305
20
12.337390628708299
30
0
10
18.872327035451967
20
12.320321283491896
30
0
10
18.87745758633526
20
12.303262032109062
30
0
10
18.882491275110205
20
12.286213488960366
30
0
10
18.887428733241972
20
12.269176227233782
30
0
10
18.892270612360605
20
12.252150777656473
30
0
10
18.89701758385894
20
12.235137627229603
30
0
10
18.901670338481374
20
12.218137217945873
30
0
10
18.906229585903663
20
12.201149945488972
30
0
10
18.910696054304417
20
12.184176157914495
30
0
10
18.915070489928567
20
12.16721615431183
30
0
10
18.91935365664348
20
12.150270183446228
30
0
10
18.923546335488172
20
12.13333844238046
30
0
10
18.927649324216198
20
12.11642107507558
30
0
10
18.93166343683293
20
12.099518170969882
30
0
10
18.93558950312781
20
12.082629763535385
30
0
10
18.939428368202293
20
12.065755828811387
30
0
10
18.9431808919943
20
12.048896283913916
30
0
10
18.94684794879997
20
12.032050985520675
30
0
10
18.950430426793528
20
12.015219728330456
30
0
10
18.95392922754629
20
11.998402243496427
30
0
10
18.957345265545733
20
11.981598197032238
30
0
10
18.960679467715714
20
11.964807188190212
30
0
10
18.96393277293895
20
11.948028747810884
30
0
10
18.967106131582987
20
11.931262336642712
30
0
10
18.97020050503098
20
11.914507343631339
30
0
10
18.97321686521854
20
11.897763084177427
30
0
10
18.97615619417823
20
11.88102879836205
30
0
10
18.979019483593294
20
11.864303649138833
30
0
10
18.9818077343621
20
11.847586720491964
30
0
10
18.984521956175332
20
11.830877015559008
30
0
10
18.987163167107607
20
11.814173454717704
30
0
10
18.98973239322571
20
11.797474873635855
30
0
10
18.99223066821543
20
11.780780021283398
30
0
10
18.99465903302946
20
11.764087557905762
30
0
10
18.997018535558684
20
11.747396052957686
30
0
10
18.99931023032953
20
11.730703982996769
30
0
10
19.00153517823009
20
11.714009729535855
30
0
10
19.00369444626804
20
11.697311576853608
30
0
10
19.005789107363427
20
11.680607709762771
30
0
10
19.00782024017971
20
11.663896211335246
30
0
10
19.009788928996624
20
11.647175060583777
30
0
10
19.011696263628547
20
11.630442130099771
30
0
10
19.013543339392534
20
11.613695183646945
30
0
10
19.0153312571302
20
11.596931873710735
30
0
10
19.01706112328796
20
11.580149739003527
30
0
10
19.01873405006049
20
11.563346201925839
30
0
10
19.02035115560258
20
11.546518565983867
30
0
10
19.0219135643146
20
11.529664013164172
30
0
10
19.02342240720755
20
11.512779601266196
30
0
10
19.024878822353656
20
11.495862261193903
30
0
10
19.026283955428923
20
11.47890879420801
30
0
10
19.02763896035462
20
11.461915869140682
30
0
10
19.02894500004472
20
11.444880019574914
30
0
10
19.03020324726707
20
11.427797640991235
30
0
10
19.031414885626244
20
11.410664987885115
30
0
10
19.032581110676613
20
11.393478170858554
30
0
10
19.03370313117456
20
11.376233153690372
30
0
10
19.034782170479225
20
11.358925750390135
30
0
10
19.0358194681118
20
11.341551622241461
30
0
10
19.036816281483585
20
11.324106274841242
30
0
10
19.03777388780388
20
11.306585055142287
30
0
10
19.0386935861791
20
11.288983148507741
30
0
10
19.039576699914996
20
11.271295575786798
30
0
10
19.040424579034475
20
11.253517190422409
30
0
10
19.04123860302413
20
11.235642675602953
30
0
10
19.04202018382283
20
11.217666541471193
30
0
10
19.042770769066443
20
11.19958312240545
30
0
10
19.04349184560329
20
11.181386574389654
30
0
10
19.044184943295114
20
11.16307087249048
30
0
10
19.04485163911914
20
11.144629808462112
30
0
10
19.045493561586817
20
11.126056988501043
30
0
10
19.04611239549548
20
11.107345831175753
30
0
10
19.046709887029188
20
11.08848956555851
30
0
10
19.047287849225256
20
11.069481229589389
30
0
10
19.04784816782317
20
11.050313668705295
30
0
10
19.048392807512222
20
11.030979534770008
30
0
10
19.048923818594425
20
11.011471285344609
30
0
10
19.049443344078504
20
10.991781183341015
30
0
10
19.049953627220503
20
10.97190129710542
30
0
10
19.050457019525624
20
10.951823500982119
30
0
10
19.05095598922489
20
10.931539476412716
30
0
10
19.05145313023903
20
10.911040713630042
30
0
10
19.051951171640138
20
10.890318514010868
30
0
10
19.052452987619798
20
10.869363993156368
30
0
10
19.052961607969856
20
10.848168084774498
30
0
10
19.05348022907916
20
10.826721545443691
30
0
10
19.054012225446012
20
10.805014960342712
30
0
10
19.054561161702246
20
10.783038750037148
30
0
10
19.055130805140116
20
10.760783178418666
30
0
10
19.05572513872773
20
10.738238361898624
30
0
10
19.056348374592766
20
10.715394279963558
30
0
10
19.057004967947186
20
10.69224078720527
30
0
10
19.057699631417794
20
10.668767626943477
30
0
10
19.05843734973866
20
10.644964446564094
30
0
10
19.059223394751555
20
10.62082081470033
30
0
10
19.060063340649634
20
10.596326240387812
30
0
10
19.060963079387548
20
10.571470194327617
30
0
10
19.0619288361677
20
10.54624213239339
30
0
10
19.062967184898184
20
10.52063152151928
30
0
10
19.064085063502095
20
10.49462786810444
30
0
10
19.06528978894098
20
10.468220749068006
30
0
10
19.066589071797203
20
10.441399845683257
30
0
10
19.06799103024091
20
10.414154980313093
30
0
10
19.069504203186977
20
10.386476156159507
30
0
10
19.07113756242644
20
10.358353600126854
30
0
10
19.07290052349536
20
10.329777808882591
30
0
10
19.074802955021855
20
10.30073959817964
30
0
10
19.07685518627026
20
10.271230155480081
30
0
10
19.0790680125795
20
10.241241095891233
30
0
10
19.081452698371876
20
10.210764521391944
30
0
10
19.084020977389105
20
10.17979308328784
30
0
10
19.08678504979483
20
10.14832004778992
30
0
10
19.089757575768054
20
10.116339364561531
30
0
10
19.092951665200857
20
10.0838457380225
30
0
10
19.096380863106877
20
10.0508347011384
30
0
10
19.100059130345773
20
10.0173026913557
30
0
10
19.104000819273782
20
9.983247128272255
30
0
10
19.10822064394323
20
9.948666492555652
30
0
10
19.112733644494746
20
9.913560405541826
30
0
10
19.117555145416507
20
9.877929708863983
30
0
10
19.122700707386365
20
9.841776543377225
30
0
10
19.128186072464842
20
9.805104426560353
30
0
10
19.134027102472206
20
9.767918327495126
30
0
10
19.140239710459923
20
9.730224738445454
30
0
10
19.146839785277223
20
9.692031741988433
30
0
10
19.15384310933643
20
9.653349072588853
30
0
10
19.161265269795788
20
9.614188171459439
30
0
10
19.16912156350506
20
9.574562233516795
30
0
10
19.177426896195104
20
9.534486245227486
30
0
10
19.18619567653619
20
9.493977012146447
30
0
10
19.195441705838668
20
9.453053174979987
30
0
10
19.205178064319934
20
9.411735213063015
30
0
10
19.215416995010205
20
9.370045434226554
30
0
10
19.226169786512042
20
9.32800795014653
30
0
10
19.23744665596048
20
9.285648636410196
30
0
10
19.249256633646787
20
9.242995076712965
30
0
10
19.261607450864933
20
9.200076490801253
30
0
10
19.274505432610827
20
9.156923646006405
30
0
10
19.28795539680527
20
9.113568752467172
30
0
10
19.301960561719483
20
9.07004534240629
30
0
10
19.316522463252937
20
9.026388134106993
30
0
10
19.331640883644805
20
8.982632881521134
30
0
10
19.347313793092624
20
8.938816210722143
30
0
10
19.363537305603604
20
8.894975444687404
30
0
10
19.380305650218038
20
8.85114841814847
30
0
10
19.397611158523418
20
8.80737328447211
30
0
10
19.415444269126347
20
8.763688316727642
30
0
10
19.433793549473524
20
8.72013170524573
30
0
10
19.452645735119308
20
8.676741354078558
30
0
10
19.471985786234242
20
8.633554678823854
30
0
10
19.491796960844383
20
8.590608408275022
30
0
10
19.512060903993728
20
8.547938392306667
30
0
10
19.532757751741123
20
8.50557941829721
30
0
10
19.55386624864574
20
8.463565038233876
30
0
10
19.57536387716871
20
8.421927408444443
30
0
10
19.59722699723027
20
8.380697143658827
30
0
10
19.61943099401506
20
8.33990318683106
30
0
10
19.641950432016333
20
8.299572695857552
30
0
10
19.66475921325581
20
8.25973094801595
30
0
10
19.68783073760756
20
8.220401262633612
30
0
10
19.711138063191946
20
8.181604942180696
30
0
10
19.73465406488417
20
8.143361231681846
30
0
10
19.758351589099412
20
8.10568729605584
30
0
10
19.782203603165772
20
8.068598214733694
30
0
10
19.806183337771635
20
8.032106992677026
30
0
10
19.830264421170142
20
7.996224586721924
30
0
10
19.854421004033163
20
7.960959946013239
30
0
10
19.878627874063024
20
7.926320065171693
30
0
10
19.902860559688477
20
7.892310048748455
30
0
10
19.927095422384742
20
7.858933185470496
30
0
10
19.951309737361008
20
7.82619103076222
30
0
10
19.97548176255019
20
7.794083496040039
30
0
10
19.99959079601014
20
7.762608943315034
30
0
10
20.023617222000723
20
7.731764283700958
30
0
10
20.047542546136842
20
7.7015450785042985
30
0
10
20.07134942013169
20
7.671945641668481
30
0
10
20.09502165673701
20
7.642959142450708
30
0
10
20.118544235559764
20
7.614577707322597
30
0
10
20.141903300486938
20
7.586792520203511
30
0
10
20.165086149484196
20
7.55959392025298
30
0
10
20.18808121755147
20
7.532971496565631
30
0
10
20.210878053621137
20
7.506914179224074
30
0
10
20.233467292173962
20
7.4814103262720515
30
0
10
20.255840620326524
20
7.456447806270728
30
0
10
20.2779907411134
20
7.432014076192461
30
0
10
20.2999113336502
20
7.408096254490151
30
0
10
20.321597010820003
20
7.384681189255354
30
0
10
20.343043275079424
20
7.361755521443725
30
0
10
20.36424647293132
20
7.339305743203527
30
0
10
20.38520374856046
20
7.31731825139195
30
0
10
20.405912997078378
20
7.295779396404016
30
0
10
20.426372817773768
20
7.274675526472561
30
0
10
20.44658246771676
20
7.25399302762356
30
0
10
20.46654181601904
20
7.233718359491719
30
0
10
20.48625129900856
20
7.21383808721535
30
0
10
20.505711876536633
20
7.1943389096392405
30
0
10
20.52492498959744
20
7.175207684059899
30
0
10
20.543892519405567
20
7.156431447748882
30
0
10
20.562616748045663
20
7.137997436488615
30
0
10
20.581100320779907
20
7.1198931003513755
30
0
10
20.599346210073946
20
7.102106116945707
30
0
10
20.617357681379527
20
7.084624402346993
30
0
10
20.635138260692447
20
7.067436119919921
30
0
10
20.65269170388761
20
7.0505296872305365
30
0
10
20.67002196781843
20
7.0338937812349345
30
0
10
20.687133183155424
20
7.0175173419207875
30
0
10
20.704029628928627
20
7.0013895745665256
30
0
10
20.720715708730072
20
6.985499950771763
30
0
10
20.737195928525566
20
6.969838208401662
30
0
10
20.753474876019936
20
6.954394350576763
30
0
10
20.7695572015156
20
6.939158643829581
30
0
10
20.78544760020165
20
6.9241216155389385
30
0
10
20.801150795808535
20
6.909274050743528
30
0
10
20.81667152556251
20
6.894606988426936
30
0
10
20.83201452637358
20
6.880111717357765
30
0
10
20.847184522191046
20
6.865779771560444
30
0
10
20.862186212461474
20
6.8516029254846735
30
0
10
20.877024261625234
20
6.837573188934465
30
0
10
20.891703289589262
20
6.823682801811266
30
0
10
20.90622786311557
20
6.8099242287195265
30
0
10
20.92060248806715
20
6.796290153477681
30
0
10
20.93483160245499
20
6.782773473572349
30
0
10
20.948919570232597
20
6.769367294588969
30
0
10
20.962870675786295
20
6.756064924647859
30
0
10
20.976689119072685
20
6.742859868870884
30
0
10
20.99037901135654
20
6.729745823900383
30
0
10
21.003944371505213
20
6.716716672488956
30
0
10
21.017389122797915
20
6.703766478175844
30
0
10
21.03071709021068
20
6.690889480063106
30
0
10
21.04393199814008
20
6.678080087702532
30
0
10
21.057037468530947
20
6.665332876102241
30
0
10
21.070037019375718
20
6.652642580860064
30
0
10
21.082934063554884
20
6.640004093429227
30
0
10
21.0957319079901
20
6.6274124565205135
30
0
10
21.108433753083457
20
6.614862859643683
30
0
10
21.121042692418147
20
6.6023506347900245
30
0
10
21.13356171269746
20
6.589871252256837
30
0
10
21.145993693900813
20
6.577420316613835
30
0
10
21.158341409636783
20
6.564993562810786
30
0
10
21.170607527674875
20
6.552586852425092
30
0
10
21.182794610638833
20
6.540196170047396
30
0
10
21.194905116845757
20
6.527817619803005
30
0
10
21.206941401276413
20
6.515447422006405
30
0
10
21.218905716663247
20
6.503081909945971
30
0
10
21.23080021468368
20
6.490717526795586
30
0
10
21.242626947247206
20
6.47835082264977
30
0
10
21.25438786786579
20
6.465978451678817
30
0
10
21.2660848330978
20
6.45359716940012
30
0
10
21.277719604056664
20
6.441203830062009
30
0
10
21.28929384797593
20
6.428795384136264
30
0
10
21.300809139823425
20
6.416368875915382
30
0
10
21.31226696395745
20
6.403921441210806
30
0
10
21.323668715818922
20
6.391450305148261
30
0
10
21.335015703653582
20
6.378952780056328
30
0
10
21.346309150259092
20
6.366426263444562
30
0
10
21.3575501947523
20
6.353868236067348
30
0
10
21.368739894352228
20
6.341276260069977
30
0
10
21.37987922617491
20
6.328647977213221
30
0
10
21.390969089036496
20
6.315981107173011
30
0
10
21.40201030526128
20
6.30327344591183
30
0
10
21.413003622491853
20
6.290522864118414
30
0
10
21.423949715498658
20
6.277727305712616
30
0
10
21.43484918798643
20
6.264884786412329
30
0
10
21.445702574395575
20
6.25199339235938
30
0
10
21.45651034169646
20
6.239051278801482
30
0
10
21.467272891174773
20
6.226056668827504
30
0
10
21.47799056020655
20
6.2130078521532095
30
0
10
21.488663624021427
20
6.199903183954886
30
0
10
21.499292297452836
20
6.186741083748419
30
0
10
21.509876736674133
20
6.1735200343112115
30
0
10
21.520417040919664
20
6.160238580644699
30
0
10
21.530913254189873
20
6.14689532897528
30
0
10
21.54136536693978
20
6.1334889457913295
30
0
10
21.551773317750175
20
6.120018156914374
30
0
10
21.562136994980953
20
6.106481746602332
30
0
10
21.57245623840604
20
6.092878556683051
30
0
10
21.58273084082971
20
6.079207485716149
30
0
10
21.592960549683703
20
6.0654674881815165
30
0
10
21.60314506860506
20
6.051657573692837
30
0
10
21.613284058994275
20
6.037776806234441
30
0
10
21.62337714155383
20
6.023824303419985
30
0
10
21.63342389780661
20
6.009799235771605
30
0
10
21.643423871594454
20
5.995700826017998
30
0
10
21.6533765705566
20
5.981528348410157
30
0
10
21.663281467587925
20
5.967281128053608
30
0
10
21.673138002277152
20
5.952958540255736
30
0
10
21.68294558232485
20
5.938560009887203
30
0
10
21.692703584941444
20
5.924085010756269
30
0
10
21.702411358225056
20
5.909533064995096
30
0
10
21.71206822251947
20
5.894903742456854
30
0
10
21.72167347175221
20
5.880196660122794
30
0
10
21.731226374752737
20
5.865411481518469
30
0
10
21.740726176551
20
5.850547916138041
30
0
10
21.750172099656414
20
5.8356057188759705
30
0
10
21.759563345317293
20
5.820584689465431
30
0
10
21.768899094760986
20
5.8054846719224615
30
0
10
21.778178510414783
20
5.790305553995347
30
0
10
21.787400737107664
20
5.775047266618547
30
0
10
21.796564903253127
20
5.759709783370472
30
0
10
21.805670122013193
20
5.744293119934523
30
0
10
21.814715492443632
20
5.728797333562977
30
0
10
21.82370010062068
20
5.713222522542965
30
0
10
21.832623020749292
20
5.6975688256641615
30
0
10
21.841483316253065
20
5.681836421687786
30
0
10
21.85028004084602
20
5.6660255288162835
30
0
10
21.859012239586278
20
5.650136404163406
30
0
10
21.867678949911852
20
5.634169343224214
30
0
10
21.87627920265856
20
5.618124679344739
30
0
10
21.884812023060334
20
5.602002783190791
30
0
10
21.89327643173188
20
5.585804062215668
30
0
10
21.90167144563389
20
5.569528960126538
30
0
10
21.909996079020914
20
5.553177956349031
30
0
10
21.918249344371972
20
5.536751565489853
30
0
10
21.926430253303984
20
5.520250336797259
30
0
10
21.93453781746818
20
5.50367485361898
30
0
10
21.942571049429546
20
5.48702573285745
30
0
10
21.950528963529347
20
5.470303624422233
30
0
10
21.95841057673093
20
5.453509210679287
30
0
10
21.966214909448755
20
5.436643205897007
30
0
10
21.973940986360866
20
5.419706355688803
30
0
10
21.981587837204707
20
5.402699436452228
30
0
10
21.989154497556513
20
5.385623254804281
30
0
10
21.99664000959433
20
5.368478647012914
30
0
10
22.004043422844514
20
5.3512664784246855
30
0
10
22.011363794912086
20
5.333987642888297
30
0
10
22.018600192194768
20
5.316643062173971
30
0
10
22.025751690580805
20
5.299233685388756
30
0
10
22.032817376130673
20
5.281760488387439
30
0
10
22.039796345742687
20
5.264224473179121
30
0
10
22.046687707802487
20
5.246626667329497
30
0
10
22.053490582816558
20
5.228968123358622
30
0
10
22.060204104029744
20
5.2112499181341825
30
0
10
22.066827418026786
20
5.193473152260377
30
0
10
22.073359685317907
20
5.175638949462195
30
0
10
22.07980008090859
20
5.157748455965125
30
0
10
22.086147794853343
20
5.139802839870464
30
0
10
22.0924020327937
20
5.121803290525932
30
0
10
22.098562016480358
20
5.103751017891838
30
0
10
22.10462698427947
20
5.085647251902644
30
0
10
22.110596191663145
20
5.067493241824142
30
0
10
22.116468911684137
20
5.049290255606
30
0
10
22.122244435434784
20
5.031039579229877
30
0
10
22.12792207249011
20
5.012742516053185
30
0
10
22.13350115133519
20
4.994400386148349
30
0
10
22.138981019776743
20
4.9760145256376775
30
0
10
22.144361045338943
20
4.957586286024066
30
0
10
22.149640615643477
20
4.93911703351724
30
0
10
22.154819138773853
20
4.920608148355829
30
0
10
22.159896043623892
20
4.902061024125332
30
0
10
22.164870780230476
20
4.8834770670718335
30
0
10
22.16974282009055
20
4.864857695411744
30
0
10
22.174511656462304
20
4.846204338637411
30
0
10
22.17917680465055
20
4.827518436818948
30
0
10
22.183737802276355
20
4.8088014399020125
30
0
10
22.188194209530845
20
4.790054807001791
30
0
10
22.192545609413184
20
4.771280005693308
30
0
10
22.19679160795271
20
4.7524785112979355
30
0
10
22.20093183441532
20
4.733651806166269
30
0
10
22.20496594149387
20
4.7148013789575485
30
0
10
22.208893605482828
20
4.695928723915476
30
0
10
22.212714526437004
20
4.677035340140601
30
0
10
22.216428428314373
20
4.65812273085946
30
0
10
22.220035059103022
20
4.6391924026903135
30
0
10
22.223534190932167
20
4.620245864905656
30
0
10
22.22692562016722
20
4.601284628691684
30
0
10
22.23020916748892
20
4.582310206404562
30
0
10
22.233384677956476
20
4.56332411082366
30
0
10
22.236452021054724
20
4.544327854401942
30
0
10
22.239411090725316
20
4.525322948513342
30
0
10
22.24226180538181
20
4.506310902697356
30
0
10
22.2450041079088
20
4.4872932239007985
30
0
10
22.24763796564493
20
4.468271415716946
30
0
10
22.250163370349874
20
4.449246977621922
30
0
10
22.252580338155155
20
4.430221404208437
30
0
10
22.254888909498924
20
4.411196184417093
30
0
10
22.25708914904455
20
4.392172800765044
30
0
10
22.25918114558309
20
4.373152728572186
30
0
10
22.261165011919566
20
4.354137435184996
30
0
10
22.263040884743027
20
4.335128379197883
30
0
10
22.264808924480487
20
4.316127009672126
30
0
10
22.266469315134533
20
4.297134765352612
30
0
10
22.2680222641047
20
4.2781530738820805
30
0
10
22.26946800199265
20
4.259183351013169
30
0
10
22.270806782390988
20
4.240226999818039
30
0
10
22.272038881655785
20
4.221285409895878
30
0
10
22.273164598662795
20
4.20235995657794
30
0
10
22.274184254547315
20
4.183452000130322
30
0
10
22.275098192427663
20
4.16456288495453
30
0
10
22.275906777112304
20
4.145693938785561
30
0
10
22.276610394790566
20
4.126846471887666
30
0
10
22.277209452706906
20
4.108021776247791
30
0
10
22.27770437881879
20
4.089221124766479
30
0
10
22.278095621438094
20
4.070445770446277
30
0
10
22.278383648856018
20
4.051696945577686
30
0
10
22.278568948951538
20
4.032975860922386
30
0
10
22.278652028783377
20
4.0142837048937645
30
0
10
22.278633414165384
20
3.995621642734749
30
0
10
22.278513649225502
20
3.9769908156926363
30
0
10
22.27829329594806
20
3.9583923401909478
30
0
10
22.277972933699612
20
3.9398273069982337
30
0
10
22.277553158738186
20
3.9212967803935284
30
0
10
22.277034583705927
20
3.9028017973284626
30
0
10
22.2764178371052
20
3.8843433665857403
30
0
10
22.27570356275809
20
3.8659224679340283
30
0
10
22.27489241924931
20
3.8475400512787794
30
0
10
22.273985079352517
20
3.829197035808969
30
0
10
22.272982229440046
20
3.810894309139605
30
0
10
22.27188456887606
20
3.7926327264495403
30
0
10
22.27069280939308
20
3.7744131096144966
30
0
10
22.269407674452005
20
3.7562362463351127
30
0
10
22.268029898585514
20
3.7381028892595234
30
0
10
22.266560226724984
20
3.720013755100277
30
0
10
22.264999413510818
20
3.7019695237453956
30
0
10
22.26334822258638
20
3.683970837362977
30
0
10
22.261607425875344
20
3.666018299499207
30
0
10
22.259777802842745
20
3.6481124741692406
30
0
10
22.257860139739563
20
3.6302538849407266
30
0
10
22.25585522883106
20
3.6124430140093615
30
0
10
22.253763867608743
20
3.5946803012660777
30
0
10
22.25158685798627
20
3.5769661433555564
30
0
10
22.249325005479136
20
3.5593008927252936
30
0
10
22.246979118368365
20
3.5416848566648578
30
0
10
22.244550006848296
20
3.5241182963348407
30
0
10
22.24203848215854
20
3.50660142578473
30
0
10
22.239445355700248
20
3.489134410959235
30
0
10
22.23677143813685
20
3.4717173686924347
30
0
10
22.234017538479446
20
3.454350365688975
30
0
10
22.23118446315691
20
3.4370334174916426
30
0
10
22.228273015071107
20
3.419766487434722
30
0
10
22.225283992637223
20
3.402549485582114
30
0
10
22.222218188809634
20
3.3853822676495744
30
0
10
22.219076390093463
20
3.3682646339102673
30
0
10
22.215859375542195
20
3.3511963280825947
30
0
10
22.21256791574163
20
3.3341770361995318
30
0
10
22.209202771780536
20
3.3172063854583698
30
0
10
22.205764694208504
20
3.3002839430500863
30
0
10
22.202254421981255
20
3.2834092149670635
30
0
10
22.198672681394054
20
3.266581644788185
30
0
10
22.19502018500365
20
3.249800612440276
30
0
10
22.191297630539363
20
3.2330654329345547
30
0
10
22.187505699803967
20
3.2163753550769627
30
0
10
22.18364505756498
20
3.199729560151199
30
0
10
22.179716350437214
20
3.183127160573023
30
0
10
22.17572020575733
20
3.166567198514523
30
0
10
22.17165723045134
20
3.1500486444970823
30
0
10
22.167528009896053
20
3.1335703959514123
30
0
10
22.163333106775426
20
3.1171312757433274
30
0
10
22.159073059933124
20
3.100730030663633
30
0
10
22.154748383222483
20
3.0843653298806823
30
0
10
22.15035956435519
20
3.068035763353862
30
0
10
22.145907063750315
20
3.0517398402063884
30
0
10
22.14139131338519
20
3.0354759870558192
30
0
10
22.13681271564996
20
3.019242546300414
30
0
10
22.132171642207684
20
3.0030377743596244
30
0
10
22.12746843286212
20
2.9868598398670088
30
0
10
22.122703394435323
20
2.9707068218135926
30
0
10
22.117876799657633
20
2.954576707639897
30
0
10
22.11298888607256
20
2.9384673912748562
30
0
10
22.10803985495948
20
2.9223766711195664
30
0
10
22.10302987027721
20
2.906302247974105
30
0
10
22.097959057631815
20
2.890241722905544
30
0
10
22.092827503272183
20
2.8741925950552236
30
0
10
22.087635253117305
20
2.8581522593834396
30
0
10
22.082382311819487
20
2.8421180043498535
30
0
10
22.077068641867882
20
2.8260870095276913
30
0
10
22.071694162737415
20
2.810056343150174
30
0
10
22.066258750088164
20
2.794022959587472
30
0
10
22.060762235020995
20
2.7779836967527762
30
0
10
22.055204403395482
20
2.7619352734359923
30
0
10
22.049584995216666
20
2.745874286563848
30
0
10
22.04390370409772
20
2.729797208385444
30
0
10
22.03816017680606
20
2.7137003835822724
30
0
10
22.032354012901074
20
2.6975800263021426
30
0
10
22.02648476447213
20
2.6814322171167513
30
0
10
22.02055193598628
20
2.665252899902784
30
0
10
22.014554984255586
20
2.649037878646988
30
0
10
22.008493318534914
20
2.632782814176024
30
0
10
22.00236630076157
20
2.6164832208123148
30
0
10
21.996173245949073
20
2.600134462957763
30
0
10
21.989913422748174
20
2.5837317516077567
30
0
10
21.983586054189107
20
2.5672701407986307
30
0
10
21.977190318619893
20
2.55074452399245
30
0
10
21.97072535085667
20
2.5341496304039484
30
0
10
21.964190243562783
20
2.517480021275396
30
0
10
21.95758404887463
20
2.500730086106212
30
0
10
21.950905780293294
20
2.4838940388454254
30
0
10
21.944154414861945
20
2.466965914056403
30
0
10
21.9373288956505
20
2.449939563064732
30
0
10
21.930428134569834
20
2.432808650101805
30
0
10
21.923451015539413
20
2.415566648458498
30
0
10
21.916396398033186
20
2.398206836665314
30
0
10
21.909263121029912
20
2.38072229471752
30
0
10
21.902050007395474
20
2.3631059003663335
30
0
10
21.89475586872573
20
2.3453503254997163
30
0
10
21.887379510679857
20
2.327448032639347
30
0
10
21.879919738835195
20
2.3093912715833733
30
0
10
21.872375365095785
20
2.291172076228076
30
0
10
21.864745214687765
20
2.272782261605182
30
0
10
21.857028133775714
20
2.254213421175691
30
0
10
21.84922299773477
20
2.2354569244252946
30
0
10
21.84132872011405
20
2.2165039148112538
30
0
10
21.8333442623271
20
2.1973453081155356
30
0
10
21.825268644105417
20
2.1779717912643712
30
0
10
21.81710095475072
20
2.1583738216801764
30
0
10
21.808840365221283
20
2.138541627237782
30
0
10
21.800486141086438
20
2.1184652069033563
30
0
10
21.792037656382135
20
2.098134332141204
30
0
10
21.783494408398273
20
2.077538549180677
30
0
10
21.774856033425753
20
2.0566671822427907
30
0
10
21.76612232348809
20
2.0355093378338456
30
0
10
21.75729324407778
20
2.0140539102211497
30
0
10
21.74836895291283
20
1.9922895882139313
30
0
10
21.739349819722282
20
1.9702048633805584
30
0
10
21.730236447062513
20
1.9477880398413425
30
0
10
21.721029692157302
20
1.9250272457838764
30
0
10
21.711730689744588
20
1.9019104468555317
30
0
10
21.70234087590155
20
1.8784254615949296
30
0
10
21.692862012806316
20
1.8545599790705598
30
0
10
21.683296214379777
20
1.8303015789002282
30
0
10
21.673645972734572
20
1.8056377538297572
30
0
10
21.66391418533933
20
1.7805559350520908
30
0
10
21.65410418278604
20
1.7550435204492714
30
0
10
21.644219757025798
20
1.7290879059391537
30
0
10
21.63426518991353
20
1.7026765201051073
30
0
10
21.624245281875865
20
1.6757968622807184
30
0
10
21.614165380487865
20
1.6484365442520734
30
0
10
21.604031408714363
20
1.6205833357264465
30
0
10
21.593849892539613
20
1.5922252136982045
30
0
10
21.583627987676632
20
1.5633504158204121
30
0
10
21.573373505013443
20
1.5339474978618926
30
0
10
21.56309493441988
20
1.504005395295944
30
0
10
21.55280146650454
20
1.4735134890260282
30
0
10
21.542503011878974
20
1.4424616752072925
30
0
10
21.532210217455496
20
1.410840439068179
30
0
10
21.521934479276524
20
1.37864093257511
30
0
10
21.511687951349877
20
1.3458550557150053
30
0
10
21.501483549945082
20
1.3124755410942797
30
0
10
21.49133495279324
20
1.2784960414702564
30
0
10
21.481256592628647
20
1.243911219742634
30
0
10
21.47126364451467
20
1.20871684083797
30
0
10
21.461372006411608
20
1.1729098648214646
30
0
10
21.451598272472243
20
1.1364885404698934
30
0
10
21.441959698591116
20
1.0994524984364555
30
0
10
21.4324741597897
20
1.0618028430383293
30
0
10
21.423160099090424
20
1.0235422415999234
30
0
10
21.414036467620416
20
0.9846750101956259
30
0
10
21.40512265578938
20
0.945207194554868
30
0
10
21.396438415506502
20
0.90514664482535
30
0
10
21.38800377353713
20
0.8645030828410154
30
0
10
21.37983893624973
20
0.8232881605109279
30
0
10
21.371964186165837
20
0.7815155079395508
30
0
10
21.36439977089744
20
0.7392007699110236
30
0
10
21.35716578523359
20
0.6963616294205328
30
0
10
21.350282047317894
20
0.6530178170193965
30
0
10
21.34376797003551
20
0.6091911048581904
30
0
10
21.33764242889763
20
0.5649052844627613
30
0
10
21.331923627867475
20
0.5201861274626716
30
0
10
21.32662896470949
20
0.4750613287093699
30
0
10
21.32177489755619
20
0.42956043146627654
30
0
10
21.31737681447095
20
0.3837147346237126
30
0
10
21.313448907834292
20
0.3375571821825827
30
0
10
21.310004055392366
20
0.29112223555261313
30
0
10
21.30705370977687
20
0.24444572952039748
30
0
10
21.304607798232897
20
0.19756471304721385
30
0
10
21.302674634176523
20
0.15051727635221512
30
0
10
21.301260842046986
20
0.10334236600992994
30
0
10
21.300371296723014
20
0.056079590036877354
30
0
10
21.300009078543084
20
0.008769015152505482
30
0
10
21.3
20
0
30
0
0
CIRCLE
5
1B
330
C
100
AcDbEntity
8
0
100
AcDbCircle
10
0
20
0
30
0
40
7.5
0
CIRCLE
5
1C
330
C
100
AcDbEntity
8
0
100
AcDbCircle
10
-14
20
1.7145055188062944e-15
30
0
40
4.2
0
CIRCLE
5
1D
330
C
100
AcDbEntity
8
0
100
AcDbCircle
10
-7.000000000000006
20
-12.124355652982137
30
0
40
4.2
0
CIRCLE
5
1E
330
C
100
AcDbEntity
8
0
100
AcDbCircle
10
6.999999999999991
20
-12.124355652982146
30
0
40
4.2
0
CIRCLE
5
1F
330
C
100
AcDbEntity
8
0
100
AcDbCircle
10
14
20
-3.429011037612589e-15
30
0
40
4.2
0
CIRCLE
5
20
330
C
100
AcDbEntity
8
0
100
AcDbCircle
10
7.000000000000008
20
12.124355652982137
30
0
40
4.2
0
CIRCLE
5
21
330
C
100
AcDbEntity
8
0
100
AcDbCircle
10
-7.000000000000011
20
12.124355652982135
30
0
40
4.2
0
ENDSEC
0
SECTION
2
OBJECTS
0
DICTIONARY
5
A
330
0
100
AcDbDictionary
281
1
3
ACAD_GROUP
350
B
0
DICTIONARY
5
B
330
A
100
AcDbDictionary
281
0
0
ENDSEC
0
EOF