  0
SECTION
  2
HEADER
  9
$ACADVER
  1
AC1032
  9
$ACADMAINTVER
 90
      197
  9
$DWGCODEPAGE
  3
ANSI_1258
  9
$LASTSAVEDBY
  1
22146
  9
$REQUIREDVERSIONS
160
                 0
  9
$INSBASE
 10
0.0
 20
0.0
 30
0.0
  9
$EXTMIN
 10
-28.0
 20
-27.3731978045456
 30
0.0
  9
$EXTMAX
 10
28.0
 20
27.37319780454559
 30
0.0
  9
$LIMMIN
 10
0.0
 20
0.0
  9
$LIMMAX
 10
420.0
 20
297.0
  9
$ORTHOMODE
 70
     0
  9
$REGENMODE
 70
     1
  9
$FILLMODE
 70
     1
  9
$QTEXTMODE
 70
     0
  9
$MIRRTEXT
 70
     1
  9
$LTSCALE
 40
1.0
  9
$ATTMODE
 70
     1
  9
$TEXTSIZE
 40
2.5
  9
$TRACEWID
 40
1.0
  9
$TEXTSTYLE
  7
Standard
  9
$CLAYER
  8
0
  9
$CELTYPE
  6
ByLayer
  9
$CECOLOR
 62
   256
  9
$CELTSCALE
 40
1.0
  9
$DISPSILH
 70
     0
  9
$DIMSCALE
 40
1.0
  9
$DIMASZ
 40
2.5
  9
$DIMEXO
 40
0.625
  9
$DIMDLI
 40
3.75
  9
$DIMRND
 40
0.0
  9
$DIMDLE
 40
0.0
  9
$DIMEXE
 40
1.25
  9
$DIMTP
 40
0.0
  9
$DIMTM
 40
0.0
  9
$DIMTXT
 40
2.5
  9
$DIMCEN
 40
2.5
  9
$DIMTSZ
 40
0.0
  9
$DIMTOL
 70
     0
  9
$DIMLIM
 70
     0
  9
$DIMTIH
 70
     0
  9
$DIMTOH
 70
     0
  9
$DIMSE1
 70
     0
  9
$DIMSE2
 70
     0
  9
$DIMTAD
 70
     1
  9
$DIMZIN
 70
     8
  9
$DIMBLK
  1

  9
$DIMASO
 70
     1
  9
$DIMSHO
 70
     1
  9
$DIMPOST
  1

  9
$DIMAPOST
  1

  9
$DIMALT
 70
     0
  9
$DIMALTD
 70
     3
  9
$DIMALTF
 40
0.03937007874
  9
$DIMLFAC
 40
1.0
  9
$DIMTOFL
 70
     1
  9
$DIMTVP
 40
0.0
  9
$DIMTIX
 70
     0
  9
$DIMSOXD
 70
     0
  9
$DIMSAH
 70
     0
  9
$DIMBLK1
  1

  9
$DIMBLK2
  1

  9
$DIMSTYLE
  2
Standard
  9
$DIMCLRD
 70
     0
  9
$DIMCLRE
 70
     0
  9
$DIMCLRT
 70
     0
  9
$DIMTFAC
 40
1.0
  9
$DIMGAP
 40
0.625
  9
$DIMJUST
 70
     0
  9
$DIMSD1
 70
     0
  9
$DIMSD2
 70
     0
  9
$DIMTOLJ
 70
     0
  9
$DIMTZIN
 70
     8
  9
$DIMALTZ
 70
     0
  9
$DIMALTTZ
 70
     0
  9
$DIMUPT
 70
     0
  9
$DIMDEC
 70
     2
  9
$DIMTDEC
 70
     2
  9
$DIMALTU
 70
     2
  9
$DIMALTTD
 70
     3
  9
$DIMTXSTY
  7
Standard
  9
$DIMAUNIT
 70
     0
  9
$DIMADEC
 70
     0
  9
$DIMALTRND
 40
0.0
  9
$DIMAZIN
 70
     0
  9
$DIMDSEP
 70
    44
  9
$DIMATFIT
 70
     3
  9
$DIMFRAC
 70
     0
  9
$DIMLDRBLK
  1

  9
$DIMLUNIT
 70
     2
  9
$DIMLWD
 70
    -2
  9
$DIMLWE
 70
    -2
  9
$DIMTMOVE
 70
     0
  9
$DIMFXL
 40
1.0
  9
$DIMFXLON
 70
     0
  9
$DIMJOGANG
 40
0.785398163397
  9
$DIMTFILL
 70
     0
  9
$DIMTFILLCLR
 70
     0
  9
$DIMARCSYM
 70
     0
  9
$DIMLTYPE
  6

  9
$DIMLTEX1
  6

  9
$DIMLTEX2
  6

  9
$DIMTXTDIRECTION
 70
     0
  9
$LUNITS
 70
     2
  9
$LUPREC
 70
     4
  9
$SKETCHINC
 40
1.0
  9
$FILLETRAD
 40
10.0
  9
$AUNITS
 70
     0
  9
$AUPREC
 70
     2
  9
$MENU
  1
.
  9
$ELEVATION
 40
0.0
  9
$PELEVATION
 40
0.0
  9
$THICKNESS
 40
0.0
  9
$LIMCHECK
 70
     0
  9
$CHAMFERA
 40
0.0
  9
$CHAMFERB
 40
0.0
  9
$CHAMFERC
 40
0.0
  9
$CHAMFERD
 40
0.0
  9
$SKPOLY
 70
     0
  9
$TDCREATE
 40
2458532.445659722
  9
$TDUCREATE
 40
2458532.153996898
  9
$TDUPDATE
 40
2461136.938888889
  9
$TDUUPDATE
 40
2461136.647222222
  9
$TDINDWG
 40
0.0016550926
  9
$TDUSRTIMER
 40
0.0016550926
  9
$USRTIMER
 70
     1
  9
$ANGBASE
 50
0.0
  9
$ANGDIR
 70
     0
  9
$PDMODE
 70
     0
  9
$PDSIZE
 40
0.0
  9
$PLINEWID
 40
0.0
  9
$SPLFRAME
 70
     0
  9
$SPLINETYPE
 70
     6
  9
$SPLINESEGS
 70
     8
  9
$HANDSEED
  5
91
  9
$SURFTAB1
 70
     6
  9
$SURFTAB2
 70
     6
  9
$SURFTYPE
 70
     6
  9
$SURFU
 70
     6
  9
$SURFV
 70
     6
  9
$UCSBASE
  2

  9
$UCSNAME
  2

  9
$UCSORG
 10
0.0
 20
0.0
 30
0.0
  9
$UCSXDIR
 10
1.0
 20
0.0
 30
0.0
  9
$UCSYDIR
 10
0.0
 20
1.0
 30
0.0
  9
$UCSORTHOREF
  2

  9
$UCSORTHOVIEW
 70
     0
  9
$UCSORGTOP
 10
0.0
 20
0.0
 30
0.0
  9
$UCSORGBOTTOM
 10
0.0
 20
0.0
 30
0.0
  9
$UCSORGLEFT
 10
0.0
 20
0.0
 30
0.0
  9
$UCSORGRIGHT
 10
0.0
 20
0.0
 30
0.0
  9
$UCSORGFRONT
 10
0.0
 20
0.0
 30
0.0
  9
$UCSORGBACK
 10
0.0
 20
0.0
 30
0.0
  9
$PUCSBASE
  2

  9
$PUCSNAME
  2

  9
$PUCSORG
 10
0.0
 20
0.0
 30
0.0
  9
$PUCSXDIR
 10
1.0
 20
0.0
 30
0.0
  9
$PUCSYDIR
 10
0.0
 20
1.0
 30
0.0
  9
$PUCSORTHOREF
  2

  9
$PUCSORTHOVIEW
 70
     0
  9
$PUCSORGTOP
 10
0.0
 20
0.0
 30
0.0
  9
$PUCSORGBOTTOM
 10
0.0
 20
0.0
 30
0.0
  9
$PUCSORGLEFT
 10
0.0
 20
0.0
 30
0.0
  9
$PUCSORGRIGHT
 10
0.0
 20
0.0
 30
0.0
  9
$PUCSORGFRONT
 10
0.0
 20
0.0
 30
0.0
  9
$PUCSORGBACK
 10
0.0
 20
0.0
 30
0.0
  9
$USERI1
 70
     0
  9
$USERI2
 70
     0
  9
$USERI3
 70
     0
  9
$USERI4
 70
     0
  9
$USERI5
 70
     0
  9
$USERR1
 40
0.0
  9
$USERR2
 40
0.0
  9
$USERR3
 40
0.0
  9
$USERR4
 40
0.0
  9
$USERR5
 40
0.0
  9
$WORLDVIEW
 70
     1
  9
$SHADEDGE
 70
     3
  9
$SHADEDIF
 70
    70
  9
$TILEMODE
 70
     1
  9
$MAXACTVP
 70
    64
  9
$PINSBASE
 10
0.0
 20
0.0
 30
0.0
  9
$PLIMCHECK
 70
     0
  9
$PEXTMIN
 10
1.000000000000000E+20
 20
1.000000000000000E+20
 30
1.000000000000000E+20
  9
$PEXTMAX
 10
-1.000000000000000E+20
 20
-1.000000000000000E+20
 30
-1.000000000000000E+20
  9
$PLIMMIN
 10
0.0
 20
0.0
  9
$PLIMMAX
 10
420.0
 20
297.0
  9
$UNITMODE
 70
     0
  9
$VISRETAIN
 70
     1
  9
$PLINEGEN
 70
     0
  9
$PSLTSCALE
 70
     1
  9
$TREEDEPTH
 70
  3020
  9
$CMLSTYLE
  2
Standard
  9
$CMLJUST
 70
     0
  9
$CMLSCALE
 40
20.0
  9
$PROXYGRAPHICS
 70
     1
  9
$MEASUREMENT
 70
     1
  9
$CELWEIGHT
370
    -1
  9
$ENDCAPS
280
     0
  9
$JOINSTYLE
280
     0
  9
$LWDISPLAY
290
     0
  9
$INSUNITS
 70
     4
  9
$HYPERLINKBASE
  1

  9
$STYLESHEET
  1

  9
$XEDIT
290
     1
  9
$CEPSNTYPE
380
     0
  9
$PSTYLEMODE
290
     1
  9
$FINGERPRINTGUID
  2
{F2893725-039E-4382-9BE9-34A1C9EF5459}
  9
$VERSIONGUID
  2
{A39E58D5-E443-144C-A534-8378655D69C0}
  9
$EXTNAMES
290
     1
  9
$PSVPSCALE
 40
0.0
  9
$OLESTARTUP
290
     0
  9
$SORTENTS
280
   127
  9
$INDEXCTL
280
     0
  9
$HIDETEXT
280
     1
  9
$XCLIPFRAME
280
     1
  9
$HALOGAP
280
     0
  9
$OBSCOLOR
 70
   257
  9
$OBSLTYPE
280
     0
  9
$INTERSECTIONDISPLAY
280
     0
  9
$INTERSECTIONCOLOR
 70
   257
  9
$DIMASSOC
280
     2
  9
$PROJECTNAME
  1

  9
$CAMERADISPLAY
290
     0
  9
$LENSLENGTH
 40
50.0
  9
$CAMERAHEIGHT
 40
0.0
  9
$STEPSPERSEC
 40
24.0
  9
$STEPSIZE
 40
100.0
  9
$3DDWFPREC
 40
2.0
  9
$PSOLWIDTH
 40
0.005
  9
$PSOLHEIGHT
 40
0.08
  9
$LOFTANG1
 40
1.570796326795
  9
$LOFTANG2
 40
1.570796326795
  9
$LOFTMAG1
 40
0.0
  9
$LOFTMAG2
 40
0.0
  9
$LOFTPARAM
 70
     7
  9
$LOFTNORMALS
280
     1
  9
$LATITUDE
 40
37.795
  9
$LONGITUDE
 40
-122.394
  9
$NORTHDIRECTION
 40
0.0
  9
$TIMEZONE
 70
 -8000
  9
$LIGHTGLYPHDISPLAY
280
     1
  9
$TILEMODELIGHTSYNCH
280
     1
  9
$CMATERIAL
347
20
  9
$SOLIDHIST
280
     0
  9
$SHOWHIST
280
     1
  9
$DWFFRAME
280
     2
  9
$DGNFRAME
280
     2
  9
$REALWORLDSCALE
290
     1
  9
$INTERFERECOLOR
 62
   256
  9
$INTERFEREOBJVS
345
5F
  9
$INTERFEREVPVS
346
5C
  9
$CSHADOW
280
     0
  9
$SHADOWPLANELOCATION
 40
0.0
  0
ENDSEC
  0
SECTION
  2
CLASSES
  0
CLASS
  1
ACDBDICTIONARYWDFLT
  2
AcDbDictionaryWithDefault
  3
ObjectDBX Classes
 90
        0
 91
        1
280
     0
281
     0
  0
CLASS
  1
SUN
  2
AcDbSun
  3
SCENEOE
 90
     1153
 91
        0
280
     0
281
     0
  0
CLASS
  1
VISUALSTYLE
  2
AcDbVisualStyle
  3
ObjectDBX Classes
 90
     4095
 91
       24
280
     0
281
     0
  0
CLASS
  1
MATERIAL
  2
AcDbMaterial
  3
ObjectDBX Classes
 90
     1153
 91
        3
280
     0
281
     0
  0
CLASS
  1
SCALE
  2
AcDbScale
  3
ObjectDBX Classes
 90
     1153
 91
       17
280
     0
281
     0
  0
CLASS
  1
TABLESTYLE
  2
AcDbTableStyle
  3
ObjectDBX Classes
 90
     4095
 91
        1
280
     0
281
     0
  0
CLASS
  1
MLEADERSTYLE
  2
AcDbMLeaderStyle
  3
ACDB_MLEADERSTYLE_CLASS
 90
     4095
 91
        1
280
     0
281
     0
  0
CLASS
  1
DICTIONARYVAR
  2
AcDbDictionaryVar
  3
ObjectDBX Classes
 90
        0
 91
        7
280
     0
281
     0
  0
CLASS
  1
CELLSTYLEMAP
  2
AcDbCellStyleMap
  3
ObjectDBX Classes
 90
     1152
 91
        1
280
     0
281
     0
  0
CLASS
  1
MENTALRAYRENDERSETTINGS
  2
AcDbMentalRayRenderSettings
  3
SCENEOE
 90
     1024
 91
        0
280
     0
281
     0
  0
CLASS
  1
ACDBDETAILVIEWSTYLE
  2
AcDbDetailViewStyle
  3
ObjectDBX Classes
 90
     1025
 91
        1
280
     0
281
     0
  0
CLASS
  1
ACDBSECTIONVIEWSTYLE
  2
AcDbSectionViewStyle
  3
ObjectDBX Classes
 90
     1025
 91
        1
280
     0
281
     0
  0
CLASS
  1
RASTERVARIABLES
  2
AcDbRasterVariables
  3
ISM
 90
        0
 91
        0
280
     0
281
     0
  0
ENDSEC
  0
SECTION
  2
TABLES
  0
TABLE
  2
VPORT
  5
8
330
0
100
AcDbSymbolTable
 70
     1
  0
VPORT
  5
23
330
8
100
AcDbSymbolTableRecord
100
AcDbViewportTableRecord
  2
*Active
 70
     0
 10
0.0
 20
0.0
 11
1.0
 21
1.0
 12
31.66909039434449
 22
-10.32524393901685
 13
0.0
 23
0.0
 14
0.5
 24
0.5
 15
0.5
 25
0.5
 16
0.0
 26
0.0
 36
1.0
 17
0.0
 27
0.0
 37
0.0
 40
96.74205919424331
 41
1.8664343786295
 42
50.0
 43
0.0
 44
0.0
 50
0.0
 51
0.0
 71
     0
 72
  1000
 73
     1
 74
     3
 75
     0
 76
     0
 77
     0
 78
     0
281
     0
 65
     0
110
0.0
120
0.0
130
0.0
111
1.0
121
0.0
131
0.0
112
0.0
122
1.0
132
0.0
 79
     0
146
0.0
348
5B
 60
     3
 61
     5
292
     1
282
     1
141
0.0
142
0.0
 63
   250
421
  3355443
1001
ACAD_NAV_VCDISPLAY
1070
     3
  0
ENDTAB
  0
TABLE
  2
LTYPE
  5
2
330
0
100
AcDbSymbolTable
 70
     1
  0
LTYPE
  5
24
330
2
100
AcDbSymbolTableRecord
100
AcDbLinetypeTableRecord
  2
ByBlock
 70
     0
  3

 72
    65
 73
     0
 40
0.0
  0
LTYPE
  5
25
330
2
100
AcDbSymbolTableRecord
100
AcDbLinetypeTableRecord
  2
ByLayer
 70
     0
  3

 72
    65
 73
     0
 40
0.0
  0
LTYPE
  5
26
330
2
100
AcDbSymbolTableRecord
100
AcDbLinetypeTableRecord
  2
Continuous
 70
     0
  3

 72
    65
 73
     0
 40
0.0
  0
ENDTAB
  0
TABLE
  2
LAYER
  5
1
330
0
100
AcDbSymbolTable
 70
     7
  0
LAYER
  5
27
330
1
100
AcDbSymbolTableRecord
100
AcDbLayerTableRecord
  2
0
 70
     0
 62
     7
  6
Continuous
370
    -3
390
13
347
21
348
0
  0
LAYER
  5
28
330
1
100
AcDbSymbolTableRecord
100
AcDbLayerTableRecord
  2
Defpoints
 70
     0
 62
     7
  6
Continuous
290
     0
370
    -3
390
13
347
21
348
0
  0
LAYER
  5
2F
330
1
100
AcDbSymbolTableRecord
100
AcDbLayerTableRecord
  2
Cycloid
 70
     0
 62
     1
  6
Continuous
370
    -3
390
13
347
21
348
0
  0
LAYER
  5
30
330
1
100
AcDbSymbolTableRecord
100
AcDbLayerTableRecord
  2
Pins
 70
     0
 62
     3
  6
Continuous
370
    -3
390
13
347
21
348
0
  0
LAYER
  5
31
330
1
100
AcDbSymbolTableRecord
100
AcDbLayerTableRecord
  2
Eccentric
 70
     0
 62
     5
  6
Continuous
370
    -3
390
13
347
21
348
0
  0
LAYER
  5
32
330
1
100
AcDbSymbolTableRecord
100
AcDbLayerTableRecord
  2
DriveCircle
 70
     0
 62
     6
  6
Continuous
370
    -3
390
13
347
21
348
0
  0
LAYER
  5
33
330
1
100
AcDbSymbolTableRecord
100
AcDbLayerTableRecord
  2
Center
 70
     0
 62
     8
  6
Continuous
370
    -3
390
13
347
21
348
0
  0
ENDTAB
  0
TABLE
  2
STYLE
  5
5
330
0
100
AcDbSymbolTable
 70
     1
  0
STYLE
  5
29
330
5
100
AcDbSymbolTableRecord
100
AcDbTextStyleTableRecord
  2
Standard
 70
     0
 40
0.0
 41
1.0
 50
0.0
 71
     0
 42
2.5
  3
txt
  4

  0
ENDTAB
  0
TABLE
  2
VIEW
  5
7
330
0
100
AcDbSymbolTable
 70
     0
  0
ENDTAB
  0
TABLE
  2
UCS
  5
6
330
0
100
AcDbSymbolTable
 70
     0
  0
ENDTAB
  0
TABLE
  2
APPID
  5
3
330
0
100
AcDbSymbolTable
 70
     4
  0
APPID
  5
2A
330
3
100
AcDbSymbolTableRecord
100
AcDbRegAppTableRecord
  2
ACAD
 70
     0
  0
APPID
  5
51
330
3
100
AcDbSymbolTableRecord
100
AcDbRegAppTableRecord
  2
HATCHBACKGROUNDCOLOR
 70
     0
  0
APPID
  5
52
330
3
100
AcDbSymbolTableRecord
100
AcDbRegAppTableRecord
  2
EZDXF
 70
     0
  0
APPID
  5
8D
330
3
100
AcDbSymbolTableRecord
100
AcDbRegAppTableRecord
  2
ACAD_NAV_VCDISPLAY
 70
     0
  0
ENDTAB
  0
TABLE
  2
DIMSTYLE
  5
4
330
0
100
AcDbSymbolTable
 70
     1
100
AcDbDimStyleTable
 71
     0
  0
DIMSTYLE
105
2B
330
4
100
AcDbSymbolTableRecord
100
AcDbDimStyleTableRecord
  2
Standard
 70
     0
 41
2.5
 42
0.625
 43
3.75
 44
1.25
 49
2.5
 73
     0
 74
     0
 77
     1
 78
     8
 79
     3
140
2.5
141
2.5
143
0.03937007874
147
0.625
171
     3
172
     1
179
     2
271
     2
272
     2
274
     3
278
    44
283
     0
284
     8
  0
ENDTAB
  0
TABLE
  2
BLOCK_RECORD
  5
9
330
0
100
AcDbSymbolTable
 70
     0
  0
BLOCK_RECORD
  5
17
330
9
100
AcDbSymbolTableRecord
100
AcDbBlockTableRecord
  2
*Model_Space
340
1A
 70
     0
280
     1
281
     0
  0
BLOCK_RECORD
  5
1B
330
9
100
AcDbSymbolTableRecord
100
AcDbBlockTableRecord
  2
*Paper_Space
340
1E
 70
     0
280
     1
281
     0
  0
ENDTAB
  0
ENDSEC
  0
SECTION
  2
BLOCKS
  0
BLOCK
  5
18
330
17
100
AcDbEntity
  8
0
100
AcDbBlockBegin
  2
*Model_Space
 70
     0
 10
0.0
 20
0.0
 30
0.0
  3
*Model_Space
  1

  0
ENDBLK
  5
19
330
17
100
AcDbEntity
  8
0
100
AcDbBlockEnd
  0
BLOCK
  5
1C
330
1B
100
AcDbEntity
 67
     1
  8
0
100
AcDbBlockBegin
  2
*Paper_Space
 70
     0
 10
0.0
 20
0.0
 30
0.0
  3
*Paper_Space
  1

  0
ENDBLK
  5
1D
330
1B
100
AcDbEntity
 67
     1
  8
0
100
AcDbBlockEnd
  0
ENDSEC
  0
SECTION
  2
ENTITIES
  0
LWPOLYLINE
  5
34
330
17
100
AcDbEntity
  8
Cycloid
100
AcDbPolyline
 90
     5000
 70
     1
 43
0.0
 10
22.0
 20
0.0
 10
22.00021768913011
 20
0.0469331017880604
 10
22.00087012317991
 20
0.0938358348352469
 10
22.0019554072959
 20
0.1406779727030679
 10
22.0034704005357
 20
0.1874295720695585
 10
22.00541074131006
 20
0.2340611105950428
 10
22.00777088245272
 20
0.2805436204347296
 10
22.01054413538536
 20
0.3268488160743386
 10
22.01372272271543
 20
0.3729492152692101
 10
22.01729783849154
 20
0.418818251991879
 10
22.02125971524512
 20
0.4644303804344029
 10
22.02559769687247
 20
0.5097611692659556
 10
22.03030031635639
 20
0.554787385509242
 10
22.03535537729427
 20
0.5994870675670285
 10
22.04075003818729
 20
0.6438395870984241
 10
22.04647089845408
 20
0.6878256996096511
 10
22.05250408515959
 20
0.7314275837823946
 10
22.05883533949444
 20
0.7746288697112956
 10
22.06545010209905
 20
0.8174146563581851
 10
22.07233359639865
 20
0.85977151865216
 10
22.07947090919722
 20
0.9016875047700859
 10
22.08684706786644
 20
0.9431521242206311
 10
22.09444711355997
 20
0.9841563274260835
 10
22.10225616997851
 20
1.024692477550043
 10
22.11025950730694
 20
1.064754315356142
 10
22.11844260103827
 20
1.104336917904102
 10
22.12679118548883
 20
1.143436651895854
 10
22.13529130189359
 20
1.182051122477622
 10
22.14392934104853
 20
1.22017911828519
 10
22.15269208053717
 20
1.257820553490961
 10
22.16156671664199
 20
1.294976407574324
 10
22.17054089109525
 20
1.331648663493074
 10
22.17960271287046
 20
1.367840244884825
 10
22.18874077525404
 20
1.40355495287491
 10
22.19794416846657
 20
1.438797403012639
 10
22.20720248812665
 20
1.473572962802306
 10
22.21650583986561
 20
1.507887690239854
 10
22.225844840412
 20
1.54174827371187
 10
22.23521061546804
 20
1.57516197356107
 10
22.24459479470032
 20
1.608136565572458
 10
22.25398950416125
 20
1.640680286587343
 10
22.26338735644979
 20
1.672801782408619
 10
22.27278143890814
 20
1.704510058120542
 10
22.28216530013712
 20
1.735814430909713
 10
22.2915329350978
 20
1.766724485441072
 10
22.30087876904927
 20
1.797250031813592
 10
22.31019764055522
 20
1.82740106609467
 10
22.31948478377359
 20
1.857187733410023
 10
22.32873581022492
 20
1.886620293546891
 10
22.3379466902173
 20
1.915709089012386
 10
22.34711373408751
 20
1.944464515475619
 10
22.35623357340117
 20
1.972896994511618
 10
22.36530314223789
 20
2.001016948556711
 10
22.37431965867207
 20
2.028834777978808
 10
22.38328060654514
 20
2.056360840161569
 10
22.39218371761143
 20
2.0836054304987
 10
22.40102695412707
 20
2.110578765193159
 10
22.40980849193993
 20
2.137290965755911
 10
22.41852670412745
 20
2.163752045099716
 10
22.42718014522024
 20
2.189971895125085
 10
22.43576753603987
 20
2.21596027569802
 10
22.44428774917216
 20
2.24172680492204
 10
22.45273979508991
 20
2.267280950610553
 10
22.46112280893306
 20
2.292632022869258
 10
22.4694360379488
 20
2.317789167702436
 10
22.47767882958974
 20
2.342761361561056
 10
22.48585062026396
 20
2.367557406755028
 10
22.49395092472745
 20
2.39218592765617
 10
22.50197932610661
 20
2.416655367622864
 10
22.50993546653608
 20
2.440973986581569
 10
22.51781903839507
 20
2.465149859204639
 10
22.52562977612399
 20
2.489190873627857
 10
22.53336744860187
 20
2.513104730655136
 10
22.541031852064
 20
2.536898943401538
 10
22.54862280353897
 20
2.560580837329474
 10
22.55614013478336
 20
2.584157550636304
 10
22.56358368669257
 20
2.607636034954911
 10
22.57095330416609
 20
2.631023056331881
 10
22.57824883140552
 20
2.654325196450852
 10
22.58547010762397
 20
2.677548854071326
 10
22.59261696314613
 20
2.700700246655832
 10
22.59968921587819
 20
2.723785412160697
 10
22.60668666812773
 20
2.746810210967945
 10
22.61360910375412
 20
2.76978032793792
 10
22.62045628563067
 20
2.792701274564142
 10
22.62722795340022
 20
2.815578391213725
 10
22.63392382150693
 20
2.838416849438298
 10
22.64054357748714
 20
2.861221654341948
 10
22.64708688050355
 20
2.883997646994032
 10
22.65355336010708
 20
2.906749506876075
 10
22.6599426152118
 20
2.929481754353096
 10
22.66625421326891
 20
2.952198753160805
 10
22.67248768962653
 20
2.974904712901107
 10
22.67864254706241
 20
2.997603691539256
 10
22.68471825547775
 20
3.020299597896797
 10
22.69071425174064
 20
3.042996194135233
 10
22.69662993966841
 20
3.065697098225973
 10
22.70246469013848
 20
3.088405786402764
 10
22.70821784131838
 20
3.111125595593401
 10
22.71388869900555
 20
3.133859725827919
 10
22.71947653706849
 20
3.156611242621016
 10
22.72498059798123
 20
3.17938307932681
 10
22.73040009344323
 20
3.202178039464414
 10
22.73573420507791
 20
3.224998799013143
 10
22.74098208520276
 20
3.247847908676436
 10
22.74614285766488
 20
3.270727796113864
 10
22.75121561873587
 20
3.293640768140818
 10
22.75619943806062
 20
3.316589012895636
 10
22.76109335965461
 20
3.339574601974172
 10
22.76589640294492
 20
3.362599492531908
 10
22.77060756385025
 20
3.385665529353876
 10
22.77522581589572
 20
3.408774446892777
 10
22.77975011135825
 20
3.431927871275758
 10
22.78417938243896
 20
3.455127322280441
 10
22.78851254245882
 20
3.478374215280811
 10
22.79274848707426
 20
3.501669863163698
 10
22.79688609550983
 20
3.52501547821659
 10
22.80092423180469
 20
3.548412173987563
 10
22.80486174607057
 20
3.571860967118169
 10
22.80869747575823
 20
3.595362779150133
 10
22.81243024693041
 20
3.618918438306696
 10
22.81605887553896
 20
3.642528681249536
 10
22.81958216870383
 20
3.666194154812103
 10
22.82299892599239
 20
3.68991541771028
 10
22.82630794069687
 20
3.713692942231233
 10
22.82950800110849
 20
3.737527115901361
 10
22.83259789178663
 20
3.761418243134162
 10
22.83557639482141
 20
3.785366546858905
 10
22.83844229108864
 20
3.809372170130931
 10
22.84119436149541
 20
3.833435177724396
 10
22.84383138821549
 20
3.857555557708268
 10
22.84635215591324
 20
3.881733223006328
 10
22.84875545295497
 20
3.905968012941982
 10
22.85104007260688
 20
3.930259694768554
 10
22.85320481421845
 20
3.954607965185813
 10
22.85524848439073
 20
3.979012451843398
 10
22.85716989812848
 20
4.003472714831794
 10
22.85896787997542
 20
4.027988248161515
 10
22.86064126513217
 20
4.052558481231071
 10
22.86218890055584
 20
4.077182780284308
 10
22.86360964604089
 20
4.101860449857693
 10
22.86490237528076
 20
4.126590734218033
 10
22.86606597690946
 20
4.151372818791183
 10
22.86709935552296
 20
4.176205831582164
 10
22.86800143267958
 20
4.201088844587176
 10
22.86877114787931
 20
4.226020875197939
 10
22.86940745952129
 20
4.251000887598728
 10
22.86990934583933
 20
4.276027794156518
 10
22.87027580581505
 20
4.301100456804563
 10
22.87050586006824
 20
4.326217688419765
 10
22.87059855172421
 20
4.351378254194126
 10
22.87055294725788
 20
4.376580873000575
 10
22.87036813731412
 20
4.401824218753429
 10
22.87004323750449
 20
4.427106921763746
 10
22.86957738917965
 20
4.452427570089778
 10
22.86896976017774
 20
4.477784710882735
 10
22.86821954554805
 20
4.503176851728049
 10
22.86732596825014
 20
4.528602461982297
 10
22.86628827982809
 20
4.554059974105931
 10
22.8651057610597
 20
4.579547784991962
 10
22.86377772258059
 20
4.605064257290673
 10
22.86230350548284
 20
4.630607720730511
 10
22.86068248188846
 20
4.6561764734352
 10
22.858914055497
 20
4.681768783237161
 10
22.85699766210773
 20
4.707382888987277
 10
22.85493277011591
 20
4.733017001861056
 10
22.85271888098329
 20
4.758669306661214
 10
22.85035552968257
 20
4.784337963116691
 10
22.84784228511592
 20
4.810021107178068
 10
22.84517875050735
 20
4.835716852309446
 10
22.84236456376891
 20
4.861423290776682
 10
22.83939939784069
 20
4.887138494932003
 10
22.83628296100455
 20
4.912860518494934
 10
22.83301499717153
 20
4.938587397829485
 10
22.82959528614286
 20
4.964317153217532
 10
22.82602364384461
 20
4.990047790128343
 10
22.82229992253589
 20
5.015777300484134
 10
22.81842401099066
 20
5.041503663921596
 10
22.81439583465294
 20
5.067224849049277
 10
22.81021535576567
 20
5.092938814700744
 10
22.80588257347294
 20
5.118643511183372
 10
22.80139752389585
 20
5.144336881522709
 10
22.79676028018171
 20
5.170016862702238
 10
22.7919709525268
 20
5.195681386898438
 10
22.78702968817264
 20
5.221328382711028
 10
22.78193667137569
 20
5.246955776388228
 10
22.77669212335066
 20
5.272561493046934
 10
22.77129630218717
 20
5.298143457887636
 10
22.76574950274012
 20
5.323699597403964
 10
22.76005205649355
 20
5.349227840586693
 10
22.75420433139803
 20
5.374726120122084
 10
22.74820673168172
 20
5.400192373584378
 10
22.74205969763505
 20
5.425624544622328
 10
22.73576370536905
 20
5.451020584139598
 10
22.72931926654737
 20
5.476378451468885
 10
22.72272692809205
 20
5.501696115539603
 10
22.71598727186305
 20
5.526971556038988
 10
22.70910091431161
 20
5.552202764566476
 10
22.70206850610744
 20
5.57738774578119
 10
22.69489073173973
 20
5.602524518542401
 10
22.68756830909235
 20
5.627611117042828
 10
22.68010198899272
 20
5.652645591934601
 10
22.67249255473489
 20
5.677626011447784
 10
22.6647408215768
 20
5.702550462501294
 10
22.65684763621139
 20
5.727417051806108
 10
22.64881387621225
 20
5.752223906960602
 10
22.64064044945324
 20
5.776969177537927
 10
22.63232829350258
 20
5.801651036165272
 10
22.62387837499123
 20
5.826267679594936
 10
22.61529168895576
 20
5.850817329767072
 10
22.60656925815557
 20
5.875298234864006
 10
22.59771213236484
 20
5.899708670356072
 10
22.58872138763888
 20
5.924046940038811
 10
22.57959812555533
 20
5.948311377061526
 10
22.57034347242996
 20
5.97250034494708
 10
22.56095857850731
 20
5.996612238602853
 10
22.5514446171262
 20
6.020645485322898
 10
22.54180278386013
 20
6.044598545781139
 10
22.53203429563269
 20
6.068469915015668
 10
22.52214038980805
 20
6.092258123404052
 10
22.51212232325643
 20
6.11596173762972
 10
22.50198137139499
 20
6.139579361639337
 10
22.49171882720381
 20
6.163109637591269
 10
22.48133600021721
 20
6.186551246795103
 10
22.47083421549052
 20
6.209902910642307
 10
22.46021481254229
 20
6.233163391528067
 10
22.44947914427203
 20
6.256331493764375
 10
22.43862857585362
 20
6.279406064484472
 10
22.42766448360431
 20
6.302385994538713
 10
22.41658825382952
 20
6.325270219382049
 10
22.40540128164357
 20
6.348057719953181
 10
22.39410496976618
 20
6.370747523545607
 10
22.38270072729508
 20
6.393338704670727
 10
22.37118996845467
 20
6.4158303859132
 10
22.35957411132085
 20
6.438221738778773
 10
22.34785457652213
 20
6.460511984534846
 10
22.33603278591708
 20
6.482700395044018
 10
22.32411016124827
 20
6.504786293590933
 10
22.31208812277276
 20
6.526769055702712
 10
22.29996808786921
 20
6.548648109963343
 10
22.28775146962195
 20
6.570422938822384
 10
22.27543967538169
 20
6.592093079398401
 10
22.26303410530361
 20
6.613658124277538
 10
22.2505361508623
 20
6.635117722307702
 10
22.23794719334437
 20
6.656471579388858
 10
22.22526860231829
 20
6.677719459259942
 10
22.21250173408214
 20
6.698861184282971
 10
22.19964793008902
 20
6.719896636224922
 10
22.18670851535075
 20
6.740825757038043
 10
22.17368479681972
 20
6.761648549639233
 10
22.16057806174946
 20
6.782365078689231
 10
22.14738957603382
 20
6.802975471372331
 10
22.13412058252544
 20
6.823479918177456
 10
22.12077229933369
 20
6.843878673681397
 10
22.10734591810217
 20
6.864172057335097
 10
22.09384260226666
 20
6.884360454253936
 10
22.08026348529348
 20
6.904444316012976
 10
22.06660966889895
 20
6.924424161448161
 10
22.05288222125042
 20
6.944300577464636
 10
22.03908217514943
 20
6.964074219853189
 10
22.02521052619753
 20
6.983745814116113
 10
22.01126823094549
 20
7.003316156303667
 10
21.99725620502663
 20
7.022786113862424
 10
21.98317532127502
 20
7.042156626496889
 10
21.96902640782948
 20
7.061428707045769
 10
21.95481024622427
 20
7.080603442374383
 10
21.94052756946752
 20
7.099681994284731
 10
21.9261790601086
 20
7.118665600444803
 10
21.91176534829565
 20
7.137555575338816
 10
21.89728700982451
 20
7.156353311240053
 10
21.8827445641808
 20
7.175060279208098
 10
21.86813847257651
 20
7.193678030112334
 10
21.853469135983
 20
7.212208195683542
 10
21.83873689316237
 20
7.230652489595632
 10
21.82394201869922
 20
7.249012708579495
 10
21.80908472103508
 20
7.267290733571054
 10
21.7941651405083
 20
7.285488530895652
 10
21.77918334740154
 20
7.303608153490992
 10
21.76413934000047
 20
7.321651742170848
 10
21.74903304266643
 20
7.339621526931811
 10
21.7338643039267
 20
7.357519828305447
 10
21.71863289458633
 20
7.375349058758169
 10
21.70333850586525
 20
7.393111724141276
 10
21.68798074756558
 20
7.410810425193454
 10
21.67255914627361
 20
7.428447859098304
 10
21.65707314360193
 20
7.446026821099137
 10
21.6415220944772
 20
7.463550206173563
 10
21.62590526547978
 20
7.481021010770146
 10
21.61022183324186
 20
7.498442334609479
 10
21.59447088291117
 20
7.515817382551922
 10
21.578651406688
 20
7.533149466534111
 10
21.56276230244391
 20
7.550442007576322
 10
21.54680237243105
 20
7.567698537862567
 10
21.53077032209175
 20
7.584922702895127
 10
21.51466475897874
 20
7.602118263725043
 10
21.49848419179726
 20
7.619289099259803
 10
21.48222702958094
 20
7.636439208649224
 10
21.4658915810144
 20
7.653572713750121
 10
21.44947605391624
 20
7.670693861669973
 10
21.43297855489748
 20
7.687807027389411
 10
21.41639708921085
 20
7.704916716462709
 10
21.39972956080811
 20
7.722027567794985
 10
21.38297377262336
 20
7.739144356494011
 10
21.36612742710157
 20
7.756271996793931
 10
21.34918812699261
 20
7.773415545047167
 10
21.33215337643285
 20
7.790580202779909
 10
21.31502058233723
 20
7.807771319805508
 10
21.2977870561262
 20
7.824994397388824
 10
21.28045001581372
 20
7.842255091453314
 10
21.2630065884834
 20
7.859559215821097
 10
21.24545381318186
 20
7.876912745474575
 10
21.22778864425953
 20
7.894321819826458
 10
21.2100079551908
 20
7.911792745982888
 10
21.19210854290702
 20
7.929332001982329
 10
21.17408713267702
 20
7.946946239990301
 10
21.15594038357161
 20
7.964642289427579
 10
21.13766489454977
 20
7.982427160006462
 10
21.11925721120537
 20
8.000308044646722
 10
21.10071383321481
 20
8.018292322239394
 10
21.08203122252673
 20
8.036387560223019
 10
21.0632058123358
 20
8.05460151693294
 10
21.04423401688344
 20
8.072942143680201
 10
21.0251122421286
 20
8.091417586511994
 10
21.00583689733156
 20
8.11003618760095
 10
20.98640440759393
 20
8.12880648620557
 10
20.96681122739663
 20
8.147737219138596
 10
20.94705385517686
 20
8.166837320674972
 10
20.92712884898309
 20
8.186115921824764
 10
20.90703284324451
 20
8.205582348890967
 10
20.88676256668827
 20
8.225246121225588
 10
20.86631486143373
 20
8.245116948091421
 10
20.84568670328811
 20
8.265204724530548
 10
20.82487522326163
 20
8.285519526134375
 10
20.80387773031339
 20
8.306071602603978
 10
20.78269173533077
 20
8.326871369983537
 10
20.76131497633556
 20
8.347929401444281
 10
20.73974544489875
 20
8.369256416491193
 10
20.71798141373361
 20
8.390863268460574
 10
20.69602146542233
 20
8.412760930172979
 10
20.67386452221564
 20
8.434960477603668
 10
20.65150987682757
 20
8.457473071431714
 10
20.62895722412781
 20
8.480309936329241
 10
20.60620669361365
 20
8.503482337854675
 10
20.58325888252046
 20
8.527001556818293
 10
20.56011488940547
 20
8.550878860995085
 10
20.53677634801408
 20
8.575125474069766
 10
20.51324546121037
 20
8.599752541711128
 10
20.48952503472602
 20
8.624771094689183
 10
20.46561851045225
 20
8.650192008968133
 10
20.44152999897083
 20
8.676025962731877
 10
20.41726431099041
 20
8.702283390326716
 10
20.39282698732649
 20
8.728974433138111
 10
20.36822432703557
 20
8.756108887455287
 10
20.34346341328912
 20
8.783696149418858
 10
20.31855213655033
 20
8.811745157192648
 10
20.29349921459755
 20
8.840264330551311
 10
20.26831420892434
 20
8.869261508129801
 10
20.24300753703672
 20
8.898743882638832
 10
20.21759048016618
 20
8.928717934411743
 10
20.19207518592181
 20
8.95918936371132
 10
20.16647466541853
 20
8.990163022290005
 10
20.14080278444085
 20
9.021642844761279
 10
20.11507424823473
 20
9.053631780403609
 10
20.0893045795629
 20
9.086131726078528
 10
20.06351008971389
 20
9.119143461000639
 10
20.03770784222011
 20
9.152666584146583
 10
20.01191560911732
 20
9.186699455131448
 10
19.98615181966479
 20
9.221239139412
 10
19.96043550154263
 20
9.256281358695142
 10
19.93478621464842
 20
9.291820447434867
 10
19.90922397772809
 20
9.327849316290382
 10
19.88376918819383
 20
9.364359423390695
 10
19.85844253560273
 20
9.401340754205188
 10
19.8332649093906
 20
9.438781810755786
 10
19.80825730157428
 20
9.476669610823337
 10
19.78344070524774
 20
9.514989697699396
 10
19.7588360098019
 20
9.553726160916184
 10
19.73446389388955
 20
9.592861668252641
 10
19.71034471723385
 20
9.632377509166413
 10
19.68649841243852
 20
9.672253649642337
 10
19.66294437799666
 20
9.71246879828109
 10
19.63970137371293
 20
9.753000483280583
 10
19.61678741974778
 20
9.793825139791699
 10
19.59421970046264
 20
9.834918206962923
 10
19.57201447419141
 20
9.87625423382981
 10
19.55018698998704
 20
9.917806993058929
 10
19.52875141229347
 20
9.959549601426038
 10
19.50772075437595
 20
10.00145464579807
 10
19.48710682120838
 20
10.04349431330085
 10
19.46692016236898
 20
10.08564052429191
 10
19.4471700353387
 20
10.12786506672152
 10
19.42786437943423
 20
10.17013973045578
 10
19.40900980044366
 20
10.21243644015382
 10
19.39061156587128
 20
10.25472738533486
 10
19.37267361054313
 20
10.29698514633988
 10
19.35519855217991
 20
10.33918281498297
 10
19.33818771641175
 20
10.38129410879775
 10
19.32164117059329
 20
10.42329347791054
 10
19.30555776567828
 20
10.4651562037099
 10
19.28993518533369
 20
10.50685848862985
 10
19.2747700014129
 20
10.54837753651556
 10
19.26005773486754
 20
10.58969162319349
 10
19.24579292115661
 20
10.6307801570185
 10
19.23196917920936
 20
10.6716237293156
 10
19.21857928301278
 20
10.71220415477064
 10
19.20561523492513
 20
10.75250450195045
 10
19.19306833985959
 20
10.79250911424681
 10
19.18092927953753
 20
10.83220362163827
 10
19.16918818607362
 20
10.87157494374931
 10
19.15783471422592
 20
10.91061128475671
 10
19.1468581117185
 20
10.94930212074805
 10
19.13624728712172
 20
10.98763818017829
 10
19.12599087485304
 20
11.02561141809691
 10
19.11607729693877
 20
11.06321498483226
 10
19.1064948212511
 20
11.10044318982178
 10
19.09723161600648
 20
11.13729146126858
 10
19.08827580037725
 20
11.17375630228733
 10
19.07961549113027
 20
11.20983524417741
 10
19.07123884526112
 20
11.24552679742981
 10
19.06313409864247
 20
11.28083040103798
 10
19.05528960074807
 20
11.31574637064257
 10
19.04769384555117
 20
11.35027584599753
 10
19.04033549872713
 20
11.38442073820085
 10
19.03320342131589
 20
11.41818367708861
 10
19.02628669001953
 20
11.45156795914662
 10
19.01957461432578
 20
11.48457749625024
 10
19.01305675065904
 20
11.5172167655015
 10
19.00672291376671
 20
11.54949076039209
 10
19.00056318555233
 20
11.58140494348349
 10
18.9945679215666
 20
11.61296520076014
 10
18.98872775536502
 20
11.64417779777914
 10
18.98303360093592
 20
11.67504933771034
 10
18.97747665339613
 20
11.70558672133367
 10
18.97204838814333
 20
11.73579710903679
 10
18.96674055864522
 20
11.76568788483438
 10
18.96154519303536
 20
11.79526662241187
 10
18.95645458967517
 20
11.82454105318017
 10
18.95146131183089
 20
11.8535190363137
 10
18.94655818160307
 20
11.88220853073255
 10
18.94173827323528
 20
11.91061756897943
 10
18.93699490591834
 20
11.93875423293436
 10
18.93232163619559
 20
11.96662663130328
 10
18.92771225006461
 20
11.99424287881226
 10
18.92316075486169
 20
12.02161107703505
 10
18.91866137100557
 20
12.04873929677922
 10
18.91420852366898
 20
12.07563556195509
 10
18.90979683443807
 20
12.10230783485047
 10
18.90542111301261
 20
12.12876400273474
 10
18.9010763489927
 20
12.15501186571662
 10
18.89675770379169
 20
12.18105912578101
 10
18.89246050270873
 20
12.20691337693228
 10
18.8881802271895
 20
12.23258209637327
 10
18.88391250729862
 20
12.25807263665188
 10
18.87965311442285
 20
12.28339221870941
 10
18.87539795422047
 20
12.30854792576785
 10
18.8711430598286
 20
12.33354669799582
 10
18.86688458533709
 20
12.35839532789616
 10
18.86261879953502
 20
12.38310045636065
 10
18.85834207993325
 20
12.40766856934075
 10
18.85405090706441
 20
12.43210599508566
 10
18.84974185905999
 20
12.45641890190219
 10
18.84541160650234
 20
12.48061329639359
 10
18.84105690754837
 20
12.50469502213707
 10
18.83667460332023
 20
12.5286697587626
 10
18.83226161355757
 20
12.55254302139783
 10
18.8278149325251
 20
12.57632016044631
 10
18.82333162516824
 20
12.60000636166899
 10
18.81880882350973
 20
12.62360664654039
 10
18.81424372327897
 20
12.64712587285349
 10
18.80963358076613
 20
12.670568735549
 10
18.8049757098924
 20
12.6939397677468
 10
18.80026747948803
 20
12.71724334195869
 10
18.79550631076943
 20
12.7404836714635
 10
18.79068967500671
 20
12.76366481182712
 10
18.78581509137319
 20
12.78679066255121
 10
18.78088012496821
 20
12.80986496883597
 10
18.77588238500501
 20
12.83289132344332
 10
18.77081952315549
 20
12.85587316864823
 10
18.76568923204368
 20
12.87881379826676
 10
18.76048924388015
 20
12.90171635975066
 10
18.75521732922984
 20
12.92458385633903
 10
18.7498712959057
 20
12.94741914925849
 10
18.74444898798117
 20
12.9702249599642
 10
18.73894828491453
 20
12.99300387241463
 10
18.73336710077837
 20
13.01575833537376
 10
18.72770338358785
 20
13.03849066473497
 10
18.72195511472159
 20
13.06120304586142
 10
18.71612030842914
 20
13.08389753593828
 10
18.71019701141953
 20
13.10657606633273
 10
18.70418330252525
 20
13.12924044495783
 10
18.69807729243669
 20
13.15189235863704
 10
18.6918771235018
 20
13.17453337546645
 10
18.68558096958656
 20
13.19716494717189
 10
18.6791870359913
 20
13.21978841145895
 10
18.67269355941903
 20
13.24240499435345
 10
18.66609880799128
 20
13.26501581253085
 10
18.65940108130773
 20
13.28762187563289
 10
18.6525987105459
 20
13.31022408857021
 10
18.64569005859728
 20
13.33282325380962
 10
18.63867352023663
 20
13.35542007364513
 10
18.63154752232123
 20
13.37801515245188
 10
18.62431052401696
 20
13.4006089989222
 10
18.61696101704855
 20
13.42320202828322
 10
18.60949752597101
 20
13.44579456449557
 10
18.60191860845989
 20
13.46838684243282
 10
18.59422285561772
 20
13.49097901004121
 10
18.58640889229453
 20
13.51357113047968
 10
18.57847537742008
 20
13.53616318423979
 10
18.57042100434579
 20
13.55875507124573
 10
18.56224450119433
 20
13.58134661293407
 10
18.55394463121527
 20
13.60393755431349
 10
18.54552019314459
 20
13.62652756600451
 10
18.53697002156686
 20
13.64911624625911
 10
18.52829298727818
 20
13.67170312296064
 10
18.51948799764853
 20
13.69428765560389
 10
18.51055399698214
 20
13.71686923725573
 10
18.50148996687455
 20
13.7394471964962
 10
18.49229492656506
 20
13.76202079934053
 10
18.48296793328343
 20
13.78458925114207
 10
18.47350808258977
 20
13.80715169847646
 10
18.46391450870646
 20
13.82970723100715
 10
18.45418638484123
 20
13.85225488333262
 10
18.44432292350034
 20
13.87479363681533
 10
18.43432337679121
 20
13.8973224213928
 10
18.42418703671338
 20
13.91984011737084
 10
18.41391323543724
 20
13.94234555719933
 10
18.40350134556976
 20
13.96483752723062
 10
18.39295078040648
 20
13.98731476946073
 10
18.38226099416918
 20
14.0097759832537
 10
18.37143148222859
 20
14.03221982704899
 10
18.3604617813116
 20
14.05464492005251
 10
18.34935146969242
 20
14.07704984391091
 10
18.33810016736723
 20
14.09943314436989
 10
18.32670753621174
 20
14.12179333291611
 10
18.31517328012156
 20
14.14412888840324
 10
18.30349714513438
 20
14.16643825866209
 10
18.29167891953432
 20
14.18871986209495
 10
18.27971843393744
 20
14.21097208925427
 10
18.26761556135857
 20
14.23319330440588
 10
18.25537021725883
 20
14.25538184707649
 10
18.24298235957381
 20
14.27753603358609
 10
18.23045198872193
 20
14.29965415856476
 10
18.21777914759298
 20
14.32173449645433
 10
18.20496392151643
 20
14.34377530299474
 10
18.19200643820935
 20
14.36577481669522
 10
18.17890686770397
 20
14.38773126029034
 10
18.16566542225431
 20
14.40964284218075
 10
18.15228235622216
 20
14.43150775785895
 10
18.13875796594204
 20
14.4533241913198
 10
18.12509258956499
 20
14.47509031645588
 10
18.11128660688133
 20
14.49680429843769
 10
18.097340439122
 20
14.51846429507864
 10
18.08325454873862
 20
14.54006845818479
 10
18.06902943916217
 20
14.56161493488935
 10
18.05466565454008
 20
14.58310186897181
 10
18.04016377945193
 20
14.60452740216172
 10
18.0255244386036
 20
14.62588967542701
 10
18.01074829649977
 20
14.64718683024686
 10
17.9958360570949
 20
14.66841700986893
 10
17.98078846342269
 20
14.68957836055094
 10
17.96560629720389
 20
14.71066903278662
 10
17.95029037843254
 20
14.73168718251565
 10
17.93484156494077
 20
14.75263097231791
 10
17.91926075194201
 20
14.77349857259151
 10
17.90354887155279
 20
14.79428816271484
 10
17.88770689229303
 20
14.81499793219239
 10
17.87173581856504
 20
14.83562608178424
 10
17.85563669011117
 20
14.85617082461907
 10
17.83941058145013
 20
14.87663038729075
 10
17.82305860129224
 20
14.89700301093817
 10
17.80658189193343
 20
14.91728695230837
 10
17.78998162862824
 20
14.93748048480274
 10
17.77325901894186
 20
14.95758189950622
 10
17.75641530208126
 20
14.97758950619947
 10
17.73945174820551
 20
14.99750163435364
 10
17.72236965771537
 20
15.01731663410794
 10
17.70517036052235
 20
15.03703287722956
 10
17.68785521529711
 20
15.0566487580562
 10
17.67042560869751
 20
15.07616269442065
 10
17.65288295457638
 20
15.09557312855771
 10
17.63522869316896
 20
15.11487852799305
 10
17.6174642902603
 20
15.13407738641407
 10
17.59959123633259
 20
15.1531682245225
 10
17.58161104569269
 20
15.17214959086877
 10
17.5635252555797
 20
15.19102006266794
 10
17.54533542525299
 20
15.20977824659713
 10
17.52704313506057
 20
15.22842277957434
 10
17.508649985488
 20
15.24695232951855
 10
17.49015759618791
 20
15.26536559609102
 10
17.47156760499037
 20
15.28366131141766
 10
17.45288166689396
 20
15.3018382407925
 10
17.43410145303788
 20
15.31989518336196
 10
17.41522864965513
 20
15.33783097279011
 10
17.39626495700681
 20
15.3556444779046
 10
17.37721208829771
 20
15.37333460332343
 10
17.35807176857324
 20
15.39090029006225
 10
17.33884573359786
 20
15.40834051612238
 10
17.31953572871498
 20
15.42565429705931
 10
17.3001435076886
 20
15.44284068653181
 10
17.28067083152663
 20
15.45989877683145
 10
17.26111946728599
 20
15.47682769939268
 10
17.24149118685963
 20
15.4936266252833
 10
17.22178776574558
 20
15.51029476567543
 10
17.20201098179791
 20
15.52683137229698
 10
17.18216261395991
 20
15.54323573786352
 10
17.16224444097932
 20
15.55950719649072
 10
17.14225824010593
 20
15.5756451240874
 10
17.12220578577133
 20
15.59164893872901
 10
17.10208884825098
 20
15.60751810101197
 10
17.08190919230873
 20
15.62325211438863
 10
17.06166857582366
 20
15.63885052548315
 10
17.04136874839931
 20
15.65431292438818
 10
17.02101144995547
 20
15.6696389449428
 10
17.00059840930222
 20
15.68482826499148
 10
16.98013134269668
 20
15.69988060662446
 10
16.95961195238195
 20
15.71479573639965
 10
16.93904192510874
 20
15.72957346554624
 10
16.91842293063927
 20
15.74421365015015
 10
16.89775662023366
 20
15.75871619132173
 10
16.87704462511867
 20
15.77308103534577
 10
16.85628855493883
 20
15.78730817381411
 10
16.83548999618985
 20
15.80139764374139
 10
16.81465051063423
 20
15.81534952766385
 10
16.79377163369917
 20
15.82916395372185
 10
16.77285487285653
 20
15.84284109572634
 10
16.75190170598482
 20
15.85638117320974
 10
16.73091357971335
 20
15.86978445146152
 10
16.70989190774797
 20
15.88305124154913
 10
16.68883806917888
 20
15.89618190032464
 10
16.66775340677001
 20
15.90917683041763
 10
16.64663922523005
 20
15.92203648021493
 10
16.62549678946495
 20
15.93476134382774
 10
16.60432732281181
 20
15.94735196104687
 10
16.58313200525411
 20
15.95980891728661
 10
16.56191197161805
 20
15.97213284351816
 10
16.54066830974993
 20
15.98432441619319
 10
16.51940205867453
 20
15.99638435715842
 10
16.49811420673437
 20
16.0083134335622
 10
16.4768056897095
 20
16.02011245775368
 10
16.45547738891827
 20
16.031782287176
 10
16.43413012929831
 20
16.04332382425404
 10
16.41276467746818
 20
16.05473801627821
 10
16.39138173976946
 20
16.06602585528523
 10
16.36998196028905
 20
16.07718837793711
 10
16.34856591886195
 20
16.08822666539975
 10
16.32713412905432
 20
16.0991418432224
 10
16.30568703612692
 20
16.10993508121946
 10
16.28422501497898
 20
16.12060759335613
 10
16.26274836807252
 20
16.13116063763962
 10
16.24125732333744
 20
16.14159551601738
 10
16.21975203205731
 20
16.15191357428435
 10
16.19823256673632
 20
16.16211620200106
 10
16.17669891894759
 20
16.17220483242453
 10
16.15515099716315
 20
16.18218094245406
 10
16.13358862456624
 20
16.19204605259415
 10
16.11201153684615
 20
16.20180172693684
 10
16.09041937997655
 20
16.21144957316599
 10
16.06881170797787
 20
16.22099124258586
 10
16.04718798066453
 20
16.23042843017699
 10
16.02554756137822
 20
16.23976287468194
 10
16.00388971470819
 20
16.24899635872401
 10
15.98221360419985
 20
16.25813070896205
 10
15.96051829005329
 20
16.26716779628457
 10
15.93880272681329
 20
16.27610953604668
 10
15.91706576105259
 20
16.28495788835335
 10
15.89530612905088
 20
16.29371485839279
 10
15.87352245447159
 20
16.30238249682397
 10
15.85171324603921
 20
16.31096290022216
 10
15.82987689522025
 20
16.31945821158705
 10
15.808011673911
 20
16.3278706209177
 10
15.78611573213588
 20
16.3362023658591
 10
15.7641870957605
 20
16.34445573242505
 10
15.74222366422381
 20
16.35263305580257
 10
15.72022320829455
 20
16.36073672124281
 10
15.6981833678574
 20
16.3687691650441
 10
15.676101649735
 20
16.37673287563247
 10
15.6539754255525
 20
16.38463039474568
 10
15.63180192965207
 20
16.39246431872626
 10
15.60957825706539
 20
16.40023729993022
 10
15.58730136155304
 20
16.40795204825701
 10
15.5649680537205
 20
16.41561133280764
 10
15.54257499922122
 20
16.42321798367711
 10
15.52011871705851
 20
16.43077489388784
 10
15.49759557799871
 20
16.4382850214707
 10
15.47500180310944
 20
16.44575139170038
 10
15.45233346243772
 20
16.45317709949166
 10
15.42958647384429
 20
16.46056531196325
 10
15.40675660201153
 20
16.4679192711759
 10
15.38383945764409
 20
16.47524229705074
 10
15.36083049688272
 20
16.48253779047454
 10
15.33772502095343
 20
16.4898092365974
 10
15.31451817607602
 20
16.49706020832842
 10
15.29120495365759
 20
16.50429437003458
 10
15.26778019079876
 20
16.51151548144702
 10
15.24423857114249
 20
16.51872740177869
 10
15.22057462609697
 20
16.52593409405603
 10
15.19678273646699
 20
16.53313962966707
 10
15.17285713453003
 20
16.54034819312608
 10
15.14879190659585
 20
16.54756408705486
 10
15.12458099609078
 20
16.55479173737818
 10
15.10021820721056
 20
16.56203569872959
 10
15.07569720918804
 20
16.56930066006187
 10
15.05101154122467
 20
16.57659145045383
 10
15.02615461813738
 20
16.5839130451028
 10
15.00111973677503
 20
16.59127057148923
 10
14.97590008326113
 20
16.59866931569669
 10
14.95048874112202
 20
16.60611472886671
 10
14.9248787003621
 20
16.6136124337643
 10
14.89906286754971
 20
16.62116823142536
 10
14.87303407697941
 20
16.62878810785252
 10
14.84678510297796
 20
16.63647824072062
 10
14.8203086734224
 20
16.6442450060475
 10
14.79359748453995
 20
16.65209498477939
 10
14.76664421705925
 20
16.66003496923355
 10
14.73944155378237
 20
16.66807196933399
 10
14.71198219864618
 20
16.67621321856787
 10
14.68425889733925
 20
16.68446617958293
 10
14.65626445953813
 20
16.6928385493368
 10
14.62799178282246
 20
16.70133826370116
 10
14.59943387832324
 20
16.70997350141378
 10
14.57058389815206
 20
16.71875268726229
 10
14.54143516465062
 20
16.72768449437394
 10
14.51198120149004
 20
16.73677784547569
 10
14.48221576663777
 20
16.7460419129796
 10
14.45213288719579
 20
16.7554861177392
 10
14.42172689609794
 20
16.7651201263134
 10
14.39099247063583
 20
16.77495384656638
 10
14.35992467276198
 20
16.7849974214251
 10
14.3285189910956
 20
16.79526122060922
 10
14.29677138453044
 20
16.8057558301446
 10
14.26467832731581
 20
16.8164920394684
 10
14.23223685545082
 20
16.8274808259338
 10
14.19944461419832
 20
16.83873333652478
 10
14.16629990648944
 20
16.8502608665966
 10
14.13280174195169
 20
16.86207483546726
 10
14.09894988625404
 20
16.87418675869751
 10
14.06474491042175
 20
16.88660821691511
 10
14.03018823973207
 20
16.89935082106065
 10
13.99528220176043
 20
16.91242617396014
 10
13.96003007310569
 20
16.92584582816188
 10
13.92443612428396
 20
16.93962124001393
 10
13.88850566224361
 20
16.95376372000269
 10
13.8522450699209
 20
16.96828437942284
 10
13.81566184222813
 20
16.9831940735048
 10
13.77876461784341
 20
16.99850334118644
 10
13.74156320615735
 20
17.01422234178138
 10
13.70406860872587
 20
17.03036078886585
 10
13.66629303458271
 20
17.0469278817784
 10
13.62824990878098
 20
17.06393223520132
 10
13.58995387356091
 20
17.0813818073673
 10
13.5514207815823
 20
17.09928382750835
 10
13.5126676807153
 20
17.11764472323453
 10
13.47371278995261
 20
17.13647004859561
 10
13.43457546608976
 20
17.15576441363658
 10
13.39527616091807
 20
17.17553141630762
 10
13.35583636878509
 20
17.19577357762569
 10
13.31627856450041
 20
17.21649228100994
 10
13.27662613169638
 20
17.2376877167202
 10
13.23690328189446
 20
17.25935883232073
 10
13.19713496467232
 20
17.28150329006296
 10
13.15734676947506
 20
17.30411743203581
 10
13.11756481975946
 20
17.32719625386543
 10
13.0778156603017
 20
17.35073338766148
 10
13.03812613863157
 20
17.3747210948028
 10
12.99852328167664
 20
17.39915026903427
 10
12.95903416880459
 20
17.42401045021052
 10
12.91968580253756
 20
17.44928984887334
 10
12.88050497827643
 20
17.47497538169148
 10
12.84151815441263
 20
17.50105271762776
 10
12.80275132421983
 20
17.52750633453243
 10
12.76422989090493
 20
17.55431958569856
 10
12.72597854715974
 20
17.58147477575729
 10
12.68802116048935
 20
17.60895324514449
 10
12.65038066550441
 20
17.63673546223694
 10
12.61307896425323
 20
17.66480112214062
 10
12.5761368355388
 20
17.69312925101875
 10
12.53957385401949
 20
17.72169831477341
 10
12.50340831973348
 20
17.75048633084617
 10
12.46765719852069
 20
17.77947098187804
 10
12.43233607364535
 20
17.80862972996932
 10
12.39745910875251
 20
17.83793993030355
 10
12.36303902212673
 20
17.8673789429464
 10
12.32908707206286
 20
17.89692424169664
 10
12.29561305301351
 20
17.92655351895131
 10
12.26262530204479
 20
17.95624478564696
 10
12.23013071501653
 20
17.98597646545032
 10
12.19813477180421
 20
18.01572748249245
 10
12.16664156980062
 20
18.04547734206588
 10
12.13565386487416
 20
18.07520620383255
 10
12.10517311891897
 20
18.1048949472174
 10
12.07519955310837
 20
18.13452522878606
 10
12.04573220595621
 20
18.16407953152355
 10
12.01676899529973
 20
18.19354120603993
 10
11.9883067833403
 20
18.22289450383042
 10
11.96034144391335
 20
18.2521246028064
 10
11.93286793120366
 20
18.28121762539276
 10
11.9058803491753
 20
18.31016064955324
 10
11.87937202104479
 20
18.33894171315998
 10
11.85333555818931
 20
18.36754981216606
 10
11.82776292794811
 20
18.3959748930717
 10
11.80264551984205
 20
18.42420784019521
 10
11.77797420980296
 20
18.45224045827108
 10
11.75373942206941
 20
18.48006545089985
 10
11.72993118846795
 20
18.50767639536902
 10
11.70653920485774
 20
18.53506771435174
 10
11.68355288457197
 20
18.56223464497248
 10
11.66096140873938
 20
18.5891732057063
 10
11.63875377341581
 20
18.61588016155197
 10
11.61691883349631
 20
18.64235298789081
 10
11.59544534341472
 20
18.66858983341184
 10
11.57432199466921
 20
18.69458948245251
 10
11.55353745023904
 20
18.7203513170715
 10
11.53308037598017
 20
18.74587527913838
 10
11.51293946910624
 20
18.77116183269264
 10
11.49310348387551
 20
18.79621192679476
 10
11.47356125461611
 20
18.82102695906207
 10
11.45430171622981
 20
18.84560874005444
 10
11.43531392231988
 20
18.8699594586494
 10
11.41658706109184
 20
18.894081648521
 10
11.39811046917655
 20
18.91797815581568
 10
11.37987364352426
 20
18.94165210809684
 10
11.36186625151581
 20
18.96510688461249
 10
11.34407813943379
 20
18.98834608792286
 10
11.32649933943133
 20
19.01137351691084
 10
11.30912007513121
 20
19.03419314118464
 10
11.29193076598181
 20
19.05680907687103
 10
11.27492203048999
 20
19.07922556378752
 10
11.25808468844404
 20
19.10144694397348
 10
11.24140976223355
 20
19.12347764155322
 10
11.22488847736528
 20
19.14532214389804
 10
11.20851226226814
 20
19.16698498404947
 10
11.19227274747276
 20
19.18847072436225
 10
11.17616176424529
 20
19.20978394132249
 10
11.16017134274797
 20
19.23092921149416
 10
11.14429370979364
 20
19.25191109854604
 10
11.12852128625487
 20
19.27273414130973
 10
11.11284668418319
 20
19.29340284281939
 10
11.09726270368877
 20
19.31392166028377
 10
11.08176232962557
 20
19.33429499594146
 10
11.06633872812299
 20
19.3545271887512
 10
11.05098524300021
 20
19.37462250686987
 10
11.03569539209587
 20
19.39458514087229
 10
11.02046286354183
 20
19.41441919766791
 10
11.00528151200657
 20
19.43412869507165
 10
10.99014535493046
 20
19.45371755698696
 10
10.97504856877266
 20
19.47318960916157
 10
10.95998548528627
 20
19.49254857547776
 10
10.94495058783676
 20
19.51179807474073
 10
10.92993850777575
 20
19.53094161793068
 10
10.914944020881
 20
19.54998260588561
 10
10.8999620438712
 20
19.56892432738398
 10
10.88498763100304
 20
19.5877699575976
 10
10.87001597075614
 20
19.60652255688722
 10
10.8550423826107
 20
19.62518506991474
 10
10.84006231392122
 20
19.64376032504727
 10
10.82507133688889
 20
19.66225103403034
 10
10.81006514563415
 20
19.68065979190826
 10
10.79503955337054
 20
19.69898907717171
 10
10.77999048967975
 20
19.71724125211357
 10
10.76491399788776
 20
19.7354185633751
 10
10.74980623254107
 20
19.75352314266649
 10
10.7346634569816
 20
19.77155700764571
 10
10.71948204101887
 20
19.78952206294218
 10
10.70425845869714
 20
19.80742010131123
 10
10.68898928615537
 20
19.82525280490757
 10
10.67367119957769
 20
19.843021746666
 10
10.65830097323143
 20
19.86072839177874
 10
10.64287547759003
 20
19.87837409925989
 10
10.62739167753808
 20
19.89596012358735
 10
10.61184663065525
 20
19.91348761641438
 10
10.59623748557618
 20
19.93095762834249
 10
10.58056148042336
 20
19.94837111074901
 10
10.5648159413097
 20
19.9657289176622
 10
10.54899828090785
 20
19.98303180767818
 10
10.53310599708314
 20
20.00028044591398
 10
10.51713667158714
 20
20.01747540599135
 10
10.50108796880879
 20
20.03461717204685
 10
10.48495763458013
 20
20.0517061407637
 10
10.46874349503379
 20
20.06874262342145
 10
10.45244345550939
 20
20.08572684795968
 10
10.436055499506
 20
20.10265896105257
 10
10.41957768767804
 20
20.11953903019106
 10
10.40300815687203
 20
20.13636704576995
 10
10.38634511920144
 20
20.15314292317716
 10
10.36958686115746
 20
20.16986650488306
 10
10.35273174275304
 20
20.18653756252748
 10
10.33577819669805
 20
20.20315579900257
 10
10.31872472760325
 20
20.21972085052973
 10
10.3015699112109
 20
20.23623228872895
 10
10.28431239365011
 20
20.25268962267905
 10
10.26695089071465
 20
20.26909230096761
 10
10.24948418716156
 20
20.28543971372923
 10
10.23191113602864
 20
20.30173119467103
 10
10.21423065796896
 20
20.3179660230846
 10
10.19644174060085
 20
20.33414342584315
 10
10.17854343787169
 20
20.35026257938331
 10
10.16053486943393
 20
20.3663226116708
 10
10.14241522003189
 20
20.38232260414914
 10
10.12418373889795
 20
20.39826159367106
 10
10.10583973915669
 20
20.41413857441176
 10
10.08738259723586
 20
20.42995249976388
 10
10.06881175228279
 20
20.4457022842134
 10
10.05012670558515
 20
20.46138680519632
 10
10.03132701999499
 20
20.47700490493567
 10
10.01241231935492
 20
20.49255539225849
 10
9.993382287925504
 20
20.50803704439257
 10
9.974236669812887
 20
20.52344860874273
 10
9.954975268395767
 20
20.53878880464617
 10
9.935597945750831
 20
20.55405632510706
 10
9.916104622075911
 20
20.5692498385098
 10
9.896495275110053
 20
20.58436799031106
 10
9.876769939549753
 20
20.59940940471033
 10
9.856928706460804
 20
20.61437268629877
 10
9.836971722684946
 20
20.62925642168648
 10
9.816899190240867
 20
20.64405918110772
 10
9.796711365718911
 20
20.65877952000432
 10
9.77640855966899
 20
20.67341598058697
 10
9.755991135981197
 20
20.68796709337435
 10
9.73545951125868
 20
20.70243137871008
 10
9.714814154182304
 20
20.71680734825731
 10
9.694055584866756
 20
20.73109350647095
 10
9.673184374207659
 20
20.74528835204746
 10
9.652201143219416
 20
20.7593903793521
 10
9.631106562363401
 20
20.77339807982356
 10
9.609901350866243
 20
20.78730994335613
 10
9.588586276027948
 20
20.8011244596588
 10
9.567162152519543
 20
20.81484011959202
 10
9.545629841670123
 20
20.8284554164813
 10
9.523990250743
 20
20.84196884740808
 10
9.50224433220084
 20
20.85537891447762
 10
9.48039308295959
 20
20.86868412606387
 10
9.45843754363107
 20
20.8818829980313
 10
9.436378797754102
 20
20.89497405493355
 10
9.41421797101406
 20
20.90795583118895
 10
9.391956230450769
 20
20.92082687223273
 10
9.369594783654653
 20
20.93358573564596
 10
9.347134877951084
 20
20.94623099226115
 10
9.324577799572907
 20
20.95876122724421
 10
9.301924872821068
 20
20.97117504115323
 10
9.27917745921335
 20
20.9834710509733
 10
9.256336956621231
 20
20.99564789112804
 10
9.233404798394804
 20
21.00770421446718
 10
9.210382452475876
 20
21.01963869323046
 10
9.187271420499163
 20
21.03145001998768
 10
9.164073236881703
 20
21.04313690855478
 10
9.140789467900512
 20
21.05469809488603
 10
9.117421710758488
 20
21.06613233794198
 10
9.093971592638748
 20
21.07743842053352
 10
9.070440769747319
 20
21.08861515014156
 10
9.046830926344403
 20
21.09966135971244
 10
9.023143773764202
 20
21.11057590842913
 10
8.999381049423472
 20
21.12135768245785
 10
8.975544515818867
 20
21.13200559567034
 10
8.951635959513168
 20
21.14251859034145
 10
8.927657190110581
 20
21.15289563782223
 10
8.903610039221138
 20
21.1631357391882
 10
8.87949635941436
 20
21.17323792586291
 10
8.855318023162327
 20
21.18320126021673
 10
8.831076921772252
 20
21.19302483614063
 10
8.806774964308733
 20
21.20270777959501
 10
8.782414076505752
 20
21.21224924913362
 10
8.757996199668646
 20
21.22164843640227
 10
8.733523289566136
 20
21.23090456661235
 10
8.708997315312561
 20
21.24001689898936
 10
8.68442025824048
 20
21.2489847271959
 10
8.659794110763787
 20
21.25780737972952
 10
8.635120875231461
 20
21.26648422029509
 10
8.610402562772124
 20
21.27501464815193
 10
8.585641192129546
 20
21.2833980984351
 10
8.56083878848924
 20
21.29163404245165
 10
8.535997382296271
 20
21.2997219879509
 10
8.511119008064468
 20
21.30766147936934
 10
8.486205703177152
 20
21.31545209804985
 10
8.461259506679496
 20
21.32309346243523
 10
8.436282458062713
 20
21.33058522823603
 10
8.411276596040146
 20
21.33792708857272
 10
8.386243957315429
 20
21.34511877409202
 10
8.361186575342818
 20
21.35216005305755
 10
8.336106479079857
 20
21.35905073141467
 10
8.311005691732423
 20
21.36579065282955
 10
8.285886229492344
 20
21.37237969870245
 10
8.260750100267639
 20
21.37881778815518
 10
8.235599302405503
 20
21.38510487799285
 10
8.210435823408129
 20
21.39124096263979
 10
8.185261638641462
 20
21.39722607404977
 10
8.160078710036934
 20
21.40306028159041
 10
8.134888984786309
 20
21.40874369190202
 10
8.109694394029641
 20
21.4142764487306
 10
8.084496851536437
 20
21.41965873273545
 10
8.059298252380063
 20
21.42489076127093
 10
8.034100471605437
 20
21.42997278814299
 10
8.008905362890015
 20
21.43490510333995
 10
7.983714757198108
 20
21.43968803273825
 10
7.958530461428531
 20
21.44432193778254
 10
7.933354257055557
 20
21.44880721514083
 10
7.908187898763202
 20
21.45314429633444
 10
7.883033113072762
 20
21.45733364734287
 10
7.857891596963579
 20
21.46137576818401
 10
7.832765016486996
 20
21.46527119246933
 10
7.807655005373391
 20
21.46902048693472
 10
7.782563163632253
 20
21.47262425094669
 10
7.757491056145147
 20
21.47608311598445
 10
7.732440211251487
 20
21.47939774509776
 10
7.707412119326983
 20
21.48256883234099
 10
7.682408231354595
 20
21.48559710218343
 10
7.657429957487844
 20
21.48848330889618
 10
7.632478665606289
 20
21.49122823591581
 10
7.607555679862972
 20
21.4938326951851
 10
7.582662279223622
 20
21.49629752647113
 10
7.55779969599733
 20
21.49862359666093
 10
7.532969114358548
 20
21.50081179903529
 10
7.50817166886
 20
21.50286305252067
 10
7.483408442936292
 20
21.50477830092002
 10
7.458680467397893
 20
21.50655851212259
 10
7.433988718915142
 20
21.50820467729327
 10
7.4093341184919
 20
21.50971781004201
 10
7.384717529928517
 20
21.51109894557373
 10
7.360139758273669
 20
21.51234913981908
 10
7.335601548264661
 20
21.51346946854708
 10
7.311103582755767
 20
21.51446102645966
 10
7.286646481134108
 20
21.51532492626925
 10
7.26223079772263
 20
21.51606229775974
 10
7.237857020169628
 20
21.51667428683178
 10
7.213525567824341
 20
21.51716205453308
 10
7.189236790098023
 20
21.51752677607463
 10
7.164990964809968
 20
21.51776963983367
 10
7.140788296517887
 20
21.51789184634436
 10
7.116628914832039
 20
21.51789460727723
 10
7.092512872712521
 20
21.51777914440852
 10
7.068440144749041
 20
21.51754668858043
 10
7.044410625422596
 20
21.51719847865365
 10
7.020424127348366
 20
21.51673576045353
 10
6.996480379499165
 20
21.51615978571113
 10
6.972579025408781
 20
21.51547181100079
 10
6.948719621354573
 20
21.51467309667587
 10
6.9249016345186
 20
21.51376490580426
 10
6.901124441126677
 20
21.5127485031055
 10
6.877387324564657
 20
21.51162515389164
 10
6.853689473471334
 20
21.51039612301362
 10
6.830029979807338
 20
21.50906267381577
 10
6.80640783689941
 20
21.50762606710037
 10
6.78282193745952
 20
21.50608756010525
 10
6.75927107157829
 20
21.50444840549676
 10
6.735753924692287
 20
21.50270985038109
 10
6.712269075524694
 20
21.50087313533717
 10
6.688814993999102
 20
21.49893949347411
 10
6.665390039126112
 20
21.49691014951691
 10
6.641992456862576
 20
21.49478631892387
 10
6.618620377943428
 20
21.49256920703997
 10
6.595271815686167
 20
21.49026000828998
 10
6.571944663768181
 20
21.48785990541611
 10
6.548636693977278
 20
21.48537006876469
 10
6.525345553935982
 20
21.48279165562701
 10
6.502068764800299
 20
21.48012580963953
 10
6.478803718933984
 20
21.47737366024925
 10
6.455547677559469
 20
21.4745363222501
 10
6.432297768387049
 20
21.47161489539685
 10
6.409050983224082
 20
21.46861046410309
 10
6.385804175566432
 20
21.46552409723061
 10
6.36255405817475
 20
21.46235684797745
 10
6.339297200638562
 20
21.45910975387296
 10
6.316030026931706
 20
21.45578383688796
 10
6.292748812963135
 20
21.45238010366901
 10
6.269449684127665
 20
21.44889954590621
 10
6.246128612862
 20
21.44534314084431
 10
6.222781416211898
 20
21.44171185194753
 10
6.199403753417311
 20
21.43800662972905
 10
6.175991123523014
 20
21.43422841275649
 10
6.15253886302325
 20
21.43037812884548
 10
6.129042143549933
 20
21.42645669645379
 10
6.105495969614981
 20
21.42246502628914
 10
6.081895176418642
 20
21.4184040231443
 10
6.058234427736879
 20
21.41427458797371
 10
6.034508213902331
 20
21.41007762022625
 10
6.010710849894965
 20
21.40581402044959
 10
5.986836473559978
 20
21.40148469318157
 10
5.9628790439725
 20
21.39709055014519
 10
5.938832339970423
 20
21.3926325137633
 10
5.914689958878753
 20
21.38811152101055
 10
5.890445315451098
 20
21.38352852761927
 10
5.866091641056235
 20
21.37888451265721
 10
5.84162198314016
 20
21.37418048349455
 10
5.817029204996766
 20
21.36941748117763
 10
5.792305985883013
 20
21.36459658622704
 10
5.767444821517482
 20
21.35971892487724
 10
5.74243802500434
 20
21.3547856757742
 10
5.717277728227984
 20
21.34979807714723
 10
5.691955883767139
 20
21.34475743447008
 10
5.666464267380676
 20
21.33966512862504
 10
5.640794481121167
 20
21.33452262458282
 10
5.614937957135963
 20
21.32933148060838
 10
5.588885962219512
 20
21.32409335800148
 10
5.562629603184459
 20
21.31881003137745
 10
5.536159833123191
 20
21.31348339949123
 10
5.509467458635251
 20
21.30811549660336
 10
5.482543148100016
 20
21.30270850438341
 10
5.455377441077714
 20
21.29726476434067
 10
5.427960758925357
 20
21.29178679076724
 10
5.400283416717412
 20
21.28627728417231
 10
5.37233563656391
 20
21.28073914517941
 10
5.344107562421012
 20
21.27517548885126
 10
5.315589276490881
 20
21.26958965939804
 10
5.286770817308728
 20
21.26398524521581
 10
5.257642199615025
 20
21.25836609419172
 10
5.228193436110128
 20
21.25273632920146
 10
5.198414561186333
 20
21.24710036371282
 10
5.168295656728998
 20
21.24146291739604
 10
5.137826880073346
 20
21.23582903162849
 10
5.106998494196516
 20
21.23020408476675
 10
5.075800900215734
 20
21.22459380704382
 10
5.044224672252186
 20
21.21900429493452
 10
5.012260594706691
 20
21.213442024815
 10
4.979899701976818
 20
21.2079138657273
 10
4.947133320626076
 20
21.20242709104308
 10
4.913953113993386
 20
21.196989388805
 10
4.880351129205601
 20
21.19160887050925
 10
4.846319846526929
 20
21.18629407807841
 10
4.81185223094668
 20
21.18105398876119
 10
4.776941785871089
 20
21.1758980176847
 10
4.741582608745533
 20
21.17083601777686
 10
4.70576944839106
 20
21.1658782767706
 10
4.669497763793495
 20
21.16103551100029
 10
4.632763784035144
 20
21.15631885570294
 10
4.595564569008547
 20
21.15173985154377
 10
4.557898070499768
 20
21.14731042709867
 10
4.519763193175488
 20
21.14304287704462
 10
4.481159854955576
 20
21.13894983583413
 10
4.442089046200617
 20
21.13504424666208
 10
4.402552887094752
 20
21.13133932557324
 10
4.362554682557959
 20
21.12784852060515
 10
4.322098973981463
 20
21.12458546591676
 10
4.281191587045566
 20
21.12156393091479
 10
4.239839674853576
 20
21.11879776445982
 10
4.198051755599383
 20
21.1163008343097
 10
4.155837743981876
 20
21.11408696204005
 10
4.113208975587784
 20
21.11216985376724
 10
4.070178223487594
 20
21.11056302708899
 10
4.026759706327219
 20
21.10927973474808
 10
3.982969087253221
 20
21.10833288561451
 10
3.938823463080332
 20
21.10773496366891
 10
3.894341343198825
 20
21.10749794575147
 10
3.849542617823897
 20
21.10763321891518
 10
3.804448515309681
 20
21.10815149828622
 10
3.759081548384913
 20
21.10906274638548
 10
3.713465449313912
 20
21.11037609490191
 10
3.667625094142615
 20
21.11209976992779
 10
3.621586416351964
 20
21.11424102166659
 10
3.575376310406647
 20
21.11680605960492
 10
3.529022525852168
 20
21.11979999410021
 10
3.482553552773477
 20
21.12322678527464
 10
3.435998499579821
 20
21.12708920002467
 10
3.389386964219045
 20
21.13138877785489
 10
3.34274890004662
 20
21.13612580612686
 10
3.296114477676431
 20
21.1412993051803
 10
3.249513944219032
 20
21.14690702363881
 10
3.202977481366211
 20
21.15294544405795
 10
3.156535063806864
 20
21.15940979891457
 10
3.110216319457054
 20
21.16629409677589
 10
3.064050392957206
 20
21.17359115832954
 10
3.018065813832012
 20
21.18129266180562
 10
2.972290370625807
 20
21.18938919718161
 10
2.926750992219944
 20
21.19787032843509
 10
2.881473637412138
 20
21.20672466300049
 10
2.836483193694436
 20
21.21593992749517
 10
2.791803386010252
 20
21.22550304871156
 10
2.747456696105806
 20
21.23540023882355
 10
2.70346429292162
 20
21.24561708373013
 10
2.659845974299525
 20
21.25613863345455
 10
2.616620120113873
 20
21.26694949353416
 10
2.573803656775876
 20
21.27803391637109
 10
2.531412032910278
 20
21.28937589156693
 10
2.489459205866859
 20
21.30095923433165
 10
2.447957638607103
 20
21.31276767113689
 10
2.406918306401135
 20
21.3247849218729
 10
2.36635071268164
 20
21.33699477786407
 10
2.326262913331424
 20
21.34938117519863
 10
2.286661548628422
 20
21.36192826292925
 10
2.247551882036858
 20
21.37462046580251
 10
2.208937845013819
 20
21.38744254127298
 10
2.170822086996667
 20
21.40037963065143
 10
2.133206029745934
 20
21.4134173043235
 10
2.096089925239943
 20
21.42654160105591
 10
2.05947291634877
 20
21.4397390614783
 10
2.023353099555406
 20
21.45299675589315
 10
1.987727589038502
 20
21.46630230661985
 10
1.952592581483024
 20
21.47964390512485
 10
1.917943421040232
 20
21.49301032422661
 10
1.883774663915777
 20
21.50639092569235
 10
1.850080142122592
 20
21.51977566356443
 10
1.816853025993038
 20
21.53315508356708
 10
1.784085885100935
 20
21.54652031895187
 10
1.751770747298447
 20
21.55986308314016
 10
1.719899155624117
 20
21.57317565951795
 10
1.688462222886731
 20
21.58645088872925
 10
1.657450683774245
 20
21.59968215380265
 10
1.626854944378017
 20
21.6128633634308
 10
1.596665129059521
 20
21.62598893370554
 10
1.566871124619883
 20
21.63905376859233
 10
1.537462621761771
 20
21.65205323940831
 10
1.508429153858739
 20
21.66498316354709
 10
1.479760133069046
 20
21.67783978267331
 10
1.451444883849536
 20
21.6906197405885
 10
1.423472673940751
 20
21.70332006095009
 10
1.395832742906838
 20
21.71593812500516
 10
1.368514328323987
 20
21.72847164948207
 10
1.341506689718602
 20
21.74091866476466
 10
1.314799130361965
 20
21.75327749345704
 10
1.288381017031797
 20
21.76554672943116
 10
1.262241797853098
 20
21.77772521743455
 10
1.236371018331307
 20
21.7898120333224
 10
1.210758335690224
 20
21.80180646496538
 10
1.185393531625529
 20
21.81370799387407
 10
1.16026652358236
 20
21.8255162775703
 10
1.135367374662274
 20
21.83723113272682
 10
1.110686302261317
 20
21.84885251908907
 10
1.086213685536852
 20
21.86038052418544
 10
1.061940071796499
 20
21.87181534882637
 10
1.037856181897915
 20
21.88315729338737
 10
1.013952914743538
 20
21.89440674486668
 10
0.9902213509496096
 20
21.90556416470387
 10
0.96665275576409
 20
21.91663007734329
 10
0.9432385813033812
 20
21.92760505952259
 10
0.9199704681731692
 20
21.93848973026556
 10
0.8968402465342077
 20
21.94928474155566
 10
0.8738399366695629
 20
21.95999076966628
 10
0.8509617491056282
 20
21.9706085071221
 10
0.8281980843352835
 20
21.98113865526606
 10
0.8055415321877296
 20
21.99158191740518
 10
0.7829848708859707
 20
22.00193899250925
 10
0.7605210658294838
 20
22.01221056943589
 10
0.7381432681364487
 20
22.02239732165592
 10
0.7158448129768717
 20
22.03249990245356
 10
0.6936192177251667
 20
22.04251894057618
 10
0.671460179958097
 20
22.05245503630908
 10
0.6493615753215699
 20
22.06230875795167
 10
0.6273174552875295
 20
22.07208063867176
 10
0.6053220448200302
 20
22.08177117371583
 10
0.5833697399677055
 20
22.0913808179538
 10
0.5614551053980525
 20
22.10090998373777
 10
0.5395728718872518
 20
22.11035903905501
 10
0.5177179337778294
 20
22.11972830595624
 10
0.4958853464149855
 20
22.12901805924144
 10
0.4740703235712366
 20
22.13822852538597
 10
0.4522682348678046
 20
22.14735988169069
 10
0.4304746032001693
 20
22.15641225564072
 10
0.4086851021742196
 20
22.16538572445816
 10
0.3868955535586115
 20
22.17428031483509
 10
0.36510192475809
 20
22.18309600283333
 10
0.3433003263119002
 20
22.19183271393917
 10
0.3214870094206971
 20
22.20049032326094
 10
0.2996583635048522
 20
22.20906865585871
 10
0.2778109137964755
 20
22.21756748719561
 10
0.2559413189670734
 20
22.22598654370124
 10
0.2340463687922713
 20
22.23432550343766
 10
0.2121229818547483
 20
22.24258399685995
 10
0.190168203286106
 20
22.25076160766261
 10
0.168179202548204
 20
22.25885787370485
 10
0.146153271254137
 20
22.26687228800722
 10
0.1240878210288981
 20
22.27480429981333
 10
0.1019803814094872
 20
22.2826533157101
 10
0.0798285977841352
 20
22.29041870080102
 10
0.0576302293700836
 20
22.29809977992683
 10
0.0353831472293144
 20
22.30569583892862
 10
0.0130853323214311
 20
22.31320612594851
 10
-0.0092651264071083
 20
22.32062985276362
 10
-0.0316700338983983
 20
22.32796619614907
 10
-0.0541310908240229
 20
22.33521429926623
 10
-0.0766498953926701
 20
22.3423732730726
 10
-0.0992279451254243
 20
22.34944219774993
 10
-0.1218666385998684
 20
22.35642012414755
 10
-0.1445672771641362
 20
22.36330607523782
 10
-0.1673310666220443
 20
22.37009904758123
 10
-0.1901591188904543
 20
22.37679801279827
 10
-0.2130524536300159
 20
22.38340191904621
 10
-0.2360119998504442
 20
22.38990969249806
 10
-0.259038597491461
 20
22.39632023882196
 10
-0.2821329989805196
 20
22.40263244465916
 10
-0.3052958707684233
 20
22.40884517909867
 10
-0.3285277948439304
 20
22.41495729514679
 10
-0.351829270228401
 20
22.42096763119047
 10
-0.3752007144515287
 20
22.42687501245253
 10
-0.3986424650091665
 20
22.4326782524378
 10
-0.4221547808042426
 20
22.43837615436864
 10
-0.4457378435717161
 20
22.44396751260901
 10
-0.4693917592884946
 20
22.44945111407582
 10
-0.4931165595692161
 20
22.45482573963648
 10
-0.5169122030487591
 20
22.46009016549197
 10
-0.5407785767523153
 20
22.46524316454445
 10
-0.5647154974538148
 20
22.47028350774849
 10
-0.588722713023484
 20
22.4752099654454
 10
-0.6127999037652693
 20
22.4800213086798
 10
-0.6369466837448349
 20
22.48471631049779
 10
-0.6611626021087976
 20
22.48929374722625
 10
-0.68544714439585
 20
22.49375239973256
 10
-0.7097997338403831
 20
22.49809105466429
 10
-0.7342197326691854
 20
22.50230850566832
 10
-0.7587064433917729
 20
22.50640355458904
 10
-0.783259110084858
 20
22.51037501264514
 10
-0.8078769196714953
 20
22.51422170158448
 10
-0.8325590031952808
 20
22.51794245481695
 10
-0.8573044370901484
 20
22.52153611852471
 10
-0.8821122444460922
 20
22.52500155274958
 10
-0.9069813962712412
 20
22.52833763245742
 10
-0.9319108127506268
 20
22.53154324857893
 10
-0.9568993645019832
 20
22.53461730902693
 10
-0.9819458738288911
 20
22.53755873968952
 10
-1.007049115971552
 20
22.54036648539939
 10
-1.032207820355451
 20
22.54303951087845
 10
-1.057420671838156
 20
22.54557680165811
 10
-1.082686311954469
 20
22.5479773649748
 10
-1.108003340160139
 20
22.55024023064041
 10
-1.133370315074302
 20
22.55236445188787
 10
-1.158785755720822
 20
22.55434910619134
 10
-1.184248142768665
 20
22.55619329606109
 10
-1.209755919771445
 20
22.55789614981284
 10
-1.235307494406227
 20
22.55945682231153
 10
-1.260901239711705
 20
22.56087449568922
 10
-1.286535495325801
 20
22.56214838003729
 10
-1.312208568722777
 20
22.56327771407256
 10
-1.337918736449865
 20
22.56426176577742
 10
-1.363664245363493
 20
22.56509983301373
 10
-1.389443313865073
 20
22.56579124411072
 10
-1.415254133136407
 20
22.56633535842629
 10
-1.441094868374659
 20
22.5667315668822
 10
-1.4669636600269
 20
22.56697929247264
 10
-1.492858625024189
 20
22.5670779907465
 10
-1.51877785801514
 20
22.56702715026285
 10
-1.544719432598939
 20
22.56682629302009
 10
-1.570681402557731
 20
22.56647497485819
 10
-1.596661803088334
 20
22.56597278583452
 10
-1.622658652033155
 20
22.56531935057268
 10
-1.648669951110274
 20
22.56451432858473
 10
-1.674693687142571
 20
22.56355741456666
 10
-1.700727833285796
 20
22.5624483386669
 10
-1.726770350255481
 20
22.56118686672808
 10
-1.752819187552575
 20
22.55977280050197
 10
-1.778872284687688
 20
22.55820597783742
 10
-1.8049275724038
 20
22.55648627284152
 10
-1.830982973897338
 20
22.55461359601375
 10
-1.857036406037451
 20
22.55258789435334
 10
-1.883085780583367
 20
22.5504091514396
 10
-1.90912900539968
 20
22.54807738748541
 10
-1.935163985669431
 20
22.54559265936375
 10
-1.961188625104816
 20
22.54295506060729
 10
-1.987200827155401
 20
22.54016472138115
 10
-2.013198496213663
 20
22.5372218084287
 10
-2.039179538817721
 20
22.53412652499046
 10
-2.0651418648511
 20
22.53087911069616
 10
-2.09108338873937
 20
22.5274798414299
 10
-2.117002030643501
 20
22.52392902916854
 10
-2.142895717649804
 20
22.52022702179312
 10
-2.168762384956268
 20
22.51637420287365
 10
-2.194599977055165
 20
22.51237099142699
 10
-2.220406448911774
 20
22.50821784164808
 10
-2.246179767139058
 20
22.50391524261433
 10
-2.27191791116816
 20
22.49946371796347
 10
-2.297618874414575
 20
22.49486382554457
 10
-2.323280665439852
 20
22.49011615704261
 10
-2.348901309108693
 20
22.4852213375763
 10
-2.374478847741316
 20
22.48018002526949
 10
-2.400011342260948
 20
22.474992910796
 10
-2.42549687333634
 20
22.46966071689793
 10
-2.450933542519188
 20
22.46418419787771
 10
-2.476319473376302
 20
22.45856413906361
 10
-2.501652812616494
 20
22.45280135624903
 10
-2.526931731212028
 20
22.44689669510542
 10
-2.552154425514572
 20
22.44085103056905
 10
-2.577319118365548
 20
22.43466526620161
 10
-2.602424060200823
 20
22.42834033352456
 10
-2.627467530149673
 20
22.42187719132761
 10
-2.652447837127956
 20
22.41527682495105
 10
-2.677363320925446
 20
22.40854024554218
 10
-2.702212353287315
 20
22.40166848928586
 10
-2.726993338989704
 20
22.39466261660924
 10
-2.751704716909407
 20
22.38752371136074
 10
-2.776344961087631
 20
22.38025287996333
 10
-2.80091258178788
 20
22.37285125054224
 10
-2.825406126547951
 20
22.36531997202703
 10
-2.849824181226123
 20
22.35766021322834
 10
-2.874165371041555
 20
22.34987316188911
 10
-2.898428361608985
 20
22.34196002371063
 10
-2.922611859967814
 20
22.33392202135321
 10
-2.946714615605669
 20
22.32576039341189
 10
-2.970735421476571
 20
22.31747639336698
 10
-2.994673115013847
 20
22.30907128850975
 10
-3.018526579137934
 20
22.30054635884314
 10
-3.042294743259273
 20
22.29190289595795
 10
-3.065976584276461
 20
22.2831422018841
 10
-3.089571127569905
 20
22.27426558791771
 10
-3.113077447991207
 20
22.26527437342353
 10
-3.136494670848541
 20
22.25616988461323
 10
-3.159821972888323
 20
22.24695345329952
 10
-3.183058583273477
 20
22.23762641562636
 10
-3.206203784558641
 20
22.22819011077524
 10
-3.229256913662656
 20
22.21864587964788
 10
-3.252217362838774
 20
22.20899506352544
 10
-3.275084580642984
 20
22.19923900270442
 10
-3.297858072900881
 20
22.18937903510945
 10
-3.320537403673612
 20
22.17941649488321
 10
-3.343122196223372
 20
22.16935271095378
 10
-3.365612133979021
 20
22.15918900557945
 10
-3.388006961502393
 20
22.14892669287158
 10
-3.410306485455904
 20
22.13856707729545
 10
-3.432510575572131
 20
22.12811145214975
 10
-3.454619165626044
 20
22.11756109802484
 10
-3.476632254410598
 20
22.10691728124009
 10
-3.498549906716498
 20
22.09618125226102
 10
-3.520372254316881
 20
22.08535424409628
 10
-3.542099496957837
 20
22.07443747067521
 10
-3.563731903355591
 20
22.06343212520637
 10
-3.585269812201326
 20
22.05233937851767
 10
-3.60671363317462
 20
22.04116037737848
 10
-3.628063847966508
 20
22.02989624280483
 10
-3.649321011313243
 20
22.01854806834782
 10
-3.670485752041895
 20
22.0071169183665
 10
-3.691558774128928
 20
21.99560382628571
 10
-3.712540857772993
 20
21.98400979284006
 10
-3.733432860483183
 20
21.97233578430481
 10
-3.754235718184065
 20
21.96058273071484
 10
-3.774950446338871
 20
21.94875152407279
 10
-3.795578141092236
 20
21.9368430165478
 10
-3.816119980433964
 20
21.9248580186659
 10
-3.836577225385292
 20
21.91279729749391
 10
-3.856951221209277
 20
21.90066157481811
 10
-3.877243398646841
 20
21.88845152531973
 10
-3.897455275180163
 20
21.8761677747489
 10
-3.91758845632509
 20
21.86381089809922
 10
-3.937644636954293
 20
21.85138141778528
 10
-3.957625602652973
 20
21.83887980182532
 10
-3.97753323110887
 20
21.8263064620318
 10
-3.997369493538428
 20
21.81366175221259
 10
-4.017136456150991
 20
21.80094596638602
 10
-4.036836281652852
 20
21.78815933701285
 10
-4.056471230793101
 20
21.77530203324895
 10
-4.076043663953096
 20
21.7623741592223
 10
-4.0955560427815
 20
21.74937575233892
 10
-4.115010931876691
 20
21.73630678162159
 10
-4.134411000518423
 20
21.72316714608693
 10
-4.153759024450501
 20
21.70995667316539
 10
-4.173057887716236
 20
21.69667511717044
 10
-4.192310584548299
 20
21.68332215782251
 10
-4.211520221314578
 20
21.66989739883457
 10
-4.230690018521443
 20
21.65640036656621
 10
-4.249823312875799
 20
21.64283050875398
 10
-4.268923559406951
 20
21.62918719332585
 10
-4.287994333649331
 20
21.61546970730884
 10
-4.307039333886723
 20
21.60167725583903
 10
-4.326062383458432
 20
21.58780896128397
 10
-4.345067433127515
 20
21.57386386248843
 10
-4.364058563510865
 20
21.55984091415484
 10
-4.383039987570415
 20
21.54573898637087
 10
-4.402016053164441
 20
21.53155686429733
 10
-4.420991245657217
 20
21.51729324803034
 10
-4.439970190584856
 20
21.50294675265298
 10
-4.458957656374342
 20
21.48851590849212
 10
-4.477958557112141
 20
21.47399916159775
 10
-4.496977955357801
 20
21.45939487446255
 10
-4.516021064997173
 20
21.44470132700115
 10
-4.535093254128617
 20
21.42991671780924
 10
-4.554200047974662
 20
21.41503916572404
 10
-4.573347131810053
 20
21.40006671170887
 10
-4.592540353895893
 20
21.38499732108583
 10
-4.611785728407872
 20
21.36982888614165
 10
-4.631089438345004
 20
21.35455922913341
 10
-4.650457838403267
 20
21.3391861057216
 10
-4.669897457796613
 20
21.32370720885998
 10
-4.689415003005454
 20
21.30812017317201
 10
-4.709017360430398
 20
21.29242257984589
 10
-4.72871159892623
 20
21.2766119620804
 10
-4.748504972188407
 20
21.26068581111565
 10
-4.768404920961089
 20
21.24464158288322
 10
-4.788419075032526
 20
21.22847670531149
 10
-4.808555254979936
 20
21.21218858632234
 10
-4.828821473622242
 20
21.19577462255615
 10
-4.849225937134963
 20
21.17923220886215
 10
-4.869777045777179
 20
21.16255874859129
 10
-4.890483394175967
 20
21.14575166472858
 10
-4.911353771108887
 20
21.12880841190097
 10
-4.932397158720037
 20
21.11172648929588
 10
-4.953622731099991
 20
21.09450345452401
 10
-4.975039852154496
 20
21.07713693845774
 10
-4.996658072681301
 20
21.05962466107371
 10
-5.018487126568735
 20
21.04196444832479
 10
-5.040536926024068
 20
21.02415425006238
 10
-5.062817555733937
 20
21.00619215902469
 10
-5.08533926585357
 20
20.98807643090087
 10
-5.108112463716165
 20
20.96980550547343
 10
-5.131147704148705
 20
20.95137802883341
 10
-5.15445567827586
 20
20.93279287665315
 10
-5.178047200689512
 20
20.91404917849065
 10
-5.201933194858238
 20
20.89514634308777
 10
-5.226124676648487
 20
20.87608408461029
 10
-5.250632735828168
 20
20.85686244976368
 10
-5.275468515423221
 20
20.83748184570076
 10
-5.300643188799551
 20
20.81794306862041
 10
-5.32616793434621
 20
20.79824733293611
 10
-5.352053907641335
 20
20.77839630087207
 10
-5.378312210990512
 20
20.75839211232272
 10
-5.404953860237939
 20
20.73823741478699
 10
-5.431989748764689
 20
20.71793539316431
 10
-5.459430608605351
 20
20.69748979917361
 10
-5.487286968635197
 20
20.67690498013049
 10
-5.515569109804429
 20
20.65618590679118
 10
-5.544287017424757
 20
20.63533819994622
 10
-5.573450330546356
 20
20.61436815542137
 10
-5.6030682885004
 20
20.59328276711961
 10
-5.633149674724012
 20
20.57208974771601
 10
-5.663702758030128
 20
20.55079754659886
 10
-5.694735231534833
 20
20.5294153646346
 10
-5.72625414950837
 20
20.50795316532353
 10
-5.758265862473067
 20
20.48642168190756
 10
-5.790775950931152
 20
20.46483241999206
 10
-5.823789158166997
 20
20.44319765525177
 10
-5.857309322630912
 20
20.42153042580624
 10
-5.89133931047381
 20
20.39984451887529
 10
-5.925880948862707
 20
20.37815445135862
 10
-5.960934960764625
 20
20.356475444028
 10
-5.99650090193916
 20
20.33482338907449
 10
-6.032577100926217
 20
20.31321481081811
 10
-6.069160602853224
 20
20.29166681946207
 10
-6.106247117913726
 20
20.27019705785861
 10
-6.143830975384544
 20
20.24882364134686
 10
-6.181905084050335
 20
20.22756509082515
 10
-6.22046089989044
 20
20.20644025932704
 10
-6.259488401852165
 20
20.18546825248345
 10
-6.298976076486165
 20
20.1646683433668
 10
-6.338910912152806
 20
20.14405988232746
 10
-6.379278403422974
 20
20.12366220254345
 10
-6.420062566193318
 20
20.10349452210947
 10
-6.4612459639154
 20
20.0835758435867
 10
-6.502809745202112
 20
20.06392485201931
 10
-6.544733692925126
 20
20.04455981249203
 10
-6.586996284756986
 20
20.02549846835516
 10
-6.629574764943767
 20
20.00675794127515
 10
-6.672445226922771
 20
19.98835463427922
 10
-6.715582706228469
 20
19.97030413895065
 10
-6.758961282962786
 20
19.95262114789559
 10
-6.802554192947696
 20
19.93531937354407
 10
-6.846333946532169
 20
19.91841147426691
 10
-6.890272453896584
 20
19.90190898868892
 10
-6.934341155588489
 20
19.88582227895857
 10
-6.978511156937682
 20
19.87016048359898
 10
-7.022753364937665
 20
19.85493148041649
 10
-7.067038626146643
 20
19.84014185978689
 10
-7.111337864154632
 20
19.8257969084775
 10
-7.155622215184477
 20
19.81190060400113
 10
-7.199863160442087
 20
19.79845561933941
 10
-7.244032653903748
 20
19.78546333772082
 10
-7.288103244323476
 20
19.77292387699808
 10
-7.332048190358165
 20
19.76083612304176
 10
-7.375841567839324
 20
19.74919777145574
 10
-7.4194583683637
 20
19.73800537682753
 10
-7.462874588527407
 20
19.7272544086517
 10
-7.506067309285118
 20
19.71693931301217
 10
-7.549014765073941
 20
19.70705357907429
 10
-7.591696402496691
 20
19.69758980942476
 10
-7.634092928508932
 20
19.68853979330104
 10
-7.676186348194514
 20
19.67989458177373
 10
-7.717959992343909
 20
19.6716445639824
 10
-7.759398535166099
 20
19.66377954357432
 10
-7.800488002566572
 20
19.6562888145574
 10
-7.841215771510856
 20
19.64916123584677
 10
-7.881570561063742
 20
19.64238530386059
 10
-7.921542415750005
 20
19.63594922259998
 10
-7.961122681922141
 20
19.62984097072957
 10
-8.000303977846629
 20
19.62404836525626
 10
-8.039080158232218
 20
19.61855912148426
 10
-8.077446273923849
 20
19.61336090900076
 10
-8.115398527474855
 20
19.60844140351948
 10
-8.15293422529006
 20
19.60378833447664
 10
-8.190051727003968
 20
19.59938952833566
 10
-8.226750392723847
 20
19.5952329476117
 10
-8.263030528727743
 20
19.59130672567673
 10
-8.298893332164215
 20
19.58759919744701
 10
-8.334340835254606
 20
19.58409892609124
 10
-8.369375849451662
 20
19.58079472592668
 10
-8.404001909960509
 20
19.57767568169384
 10
-8.438223220981084
 20
19.57473116441837
 10
-8.472044601984887
 20
19.57195084408134
 10
-8.505471435294911
 20
19.56932469932752
 10
-8.538509615195364
 20
19.56684302444478
 10
-8.571165498758453
 20
19.56449643384904
 10
-8.603445858538663
 20
19.5622758643057
 10
-8.635357837251298
 20
19.56017257511416
 10
-8.666908904521214
 20
19.55817814647421
 10
-8.698106815760104
 20
19.55628447624444
 10
-8.728959573205692
 20
19.55448377529224
 10
-8.759475389134802
 20
19.55276856162421
 10
-8.789662651242696
 20
19.55113165347325
 10
-8.819529890165091
 20
19.54956616150696
 10
-8.849085749104961
 20
19.54806548030899
 10
-8.87833895551472
 20
19.54662327927313
 10
-8.907298294774564
 20
19.54523349303711
 10
-8.935972585800193
 20
19.54389031157176
 10
-8.964370658506931
 20
19.54258817002935
 10
-8.992501333052789
 20
19.54132173844436
 10
-9.020373400779876
 20
19.54008591136906
 10
-9.047995606771491
 20
19.53887579751732
 10
-9.075376633941292
 20
19.53768670948
 10
-9.102525088570821
 20
19.53651415356794
 10
-9.129449487212317
 20
19.53535381982966
 10
-9.156158244875022
 20
19.53420157228459
 10
-9.182659664414986
 20
19.53305343940565
 10
-9.208961927050557
 20
19.53190560487934
 10
-9.235073083928353
 20
19.53075439866573
 10
-9.261001048667303
 20
19.52959628837649
 10
-9.286753590811194
 20
19.52842787098443
 10
-9.31233833012364
 20
19.52724586487405
 10
-9.337762731662126
 20
19.5260471022398
 10
-9.363034101571516
 20
19.52482852183514
 10
-9.38815958354022
 20
19.52358716207323
 10
-9.41314615586581
 20
19.52232015447785
 10
-9.438000629079807
 20
19.52102471748113
 10
-9.462729644084529
 20
19.5196981505629
 10
-9.487339670757913
 20
19.51833782872538
 10
-9.51183700698515
 20
19.51694119729557
 10
-9.536227778078668
 20
19.51550576704669
 10
-9.560517936550754
 20
19.51402910962953
 10
-9.584713262205672
 20
19.51250885330355
 10
-9.608819362520439
 20
19.51094267895771
 10
-9.632841673285859
 20
19.50932831640996
 10
-9.656785459481495
 20
19.50766354097472
 10
-9.680655816360307
 20
19.50594617028729
 10
-9.704457670720671
 20
19.504174061374
 10
-9.728195782345212
 20
19.50234510795725
 10
-9.751874745587626
 20
19.50045723798432
 10
-9.775498991090216
 20
19.49850841136935
 10
-9.799072787616376
 20
19.49649661793775
 10
-9.822600243983556
 20
19.49441987556273
 10
-9.846085311083585
 20
19.49227622848391
 10
-9.869531783978375
 20
19.49006374579811
 10
-9.892943304060072
 20
19.48778052011272
 10
-9.916323361265835
 20
19.48542466635267
 10
-9.939675296338355
 20
19.48299432071176
 10
-9.963002303123809
 20
19.48048763974016
 10
-9.986307430900287
 20
19.47790279955949
 10
-10.00959358672985
 20
19.47523799519786
 10
-10.0328635378285
 20
19.47249144003693
 10
-10.0561199139487
 20
19.46966136536417
 10
-10.07936520976981
 20
19.46674602002297
 10
-10.10260178729214
 20
19.46374367015425
 10
-10.12583187823101
 20
19.46065259902306
 10
-10.14905758640741
 20
19.45747110692425
 10
-10.1722808901325
 20
19.45419751116141
 10
-10.19550364458316
 20
19.45083014609364
 10
-10.21872758416668
 20
19.44736736324507
 10
-10.24195432487238
 20
19.44380753147184
 10
-10.26518536660866
 20
19.44014903718244
 10
-10.28842209552396
 20
19.4363902846063
 10
-10.31166578631051
 20
19.43252969610705
 10
-10.33491760448976
 20
19.42856571253597
 10
-10.35817860867869
 20
19.42449679362209
 10
-10.38144975283638
 20
19.4203214183955
 10
-10.40473188849018
 20
19.41603808563995
 10
-10.42802576694114
 20
19.4116453143723
 10
-10.4513320414484
 20
19.40714164434506
 10
-10.47465126939227
 20
19.40252563656972
 10
-10.49798391441594
 20
19.39779587385777
 10
-10.5213303485458
 20
19.39295096137712
 10
-10.54469085429027
 20
19.38798952722141
 10
-10.56806562671737
 20
19.38291022298987
 10
-10.59145477551107
 20
19.37771172437564
 10
-10.61485832700665
 20
19.37239273176068
 10
-10.63827622620516
 20
19.36695197081495
 10
-10.6617083387675
 20
19.36138819309861
 10
-10.68515445298801
 20
19.35570017666496
 10
-10.70861428174819
 20
19.349886726663
 10
-10.73208746445065
 20
19.34394667593782
 10
-10.75557356893372
 20
19.33787888562746
 10
-10.77907209336699
 20
19.331682245755
 10
-10.80258246812814
 20
19.32535567581442
 10
-10.82610405766134
 20
19.31889812534925
 10
-10.84963616231769
 20
19.3123085745228
 10
-10.87317802017783
 20
19.30558603467878
 10
-10.89672880885731
 20
19.29872954889168
 10
-10.92028764729478
 20
19.29173819250554
 10
-10.9438535975235
 20
19.28461107366061
 10
-10.96742566642644
 20
19.27734733380681
 10
-10.99100280747526
 20
19.26994614820337
 10
-11.0145839224534
 20
19.26240672640387
 10
-11.03816786316374
 20
19.25472831272605
 10
-11.06175343312089
 20
19.2469101867056
 10
-11.08533938922852
 20
19.23895166353358
 10
-11.10892444344195
 20
19.23085209447666
 10
-11.13250726441613
 20
19.22261086727977
 10
-11.15608647913936
 20
19.21422740655077
 10
-11.17966067455298
 20
19.20570117412642
 10
-11.20322839915698
 20
19.19703166941948
 10
-11.22678816460209
 20
19.18821842974636
 10
-11.25033844726816
 20
19.17926103063508
 10
-11.27387768982923
 20
19.17015908611309
 10
-11.2974043028053
 20
19.16091224897465
 10
-11.32091666610098
 20
19.15152021102752
 10
-11.34441313053113
 20
19.14198270331861
 10
-11.36789201933363
 20
19.13229949633845
 10
-11.3913516296692
 20
19.122470400204
 10
-11.41479023410868
 20
19.1124952648199
 10
-11.43820608210741
 20
19.10237398001776
 10
-11.46159740146723
 20
19.09210647567322
 10
-11.48496239978565
 20
19.08169272180098
 10
-11.50829926589268
 20
19.07113272862713
 10
-11.53160617127504
 20
19.06042654663916
 10
-11.55488127148786
 20
19.04957426661305
 10
-11.57812270755391
 20
19.03857601961785
 10
-11.60132860735028
 20
19.02743197699702
 10
-11.62449708698253
 20
19.01614235032706
 10
-11.64762625214625
 20
19.00470739135296
 10
-11.67071419947609
 20
18.99312739190053
 10
-11.6937590178821
 20
18.98140268376561
 10
-11.71675878987334
 20
18.96953363857997
 10
-11.73971159286882
 20
18.95752066765401
 10
-11.76261550049559
 20
18.9453642217962
 10
-11.78546858387389
 20
18.93306479110916
 10
-11.80826891288943
 20
18.92062290476246
 10
-11.83101455745253
 20
18.90803913074216
 10
-11.8537035887441
 20
18.89531407557692
 10
-11.87633408044856
 20
18.88244838404096
 10
-11.89890410997314
 20
18.86944273883368
 10
-11.92141175965398
 20
18.85629786023603
 10
-11.94385511794856
 20
18.84301450574369
 10
-11.96623228061446
 20
18.82959346967707
 10
-11.98854135187441
 20
18.81603558276817
 10
-12.01078044556737
 20
18.80234171172437
 10
-12.03294768628559
 20
18.78851275876921
 10
-12.05504121049761
 20
18.7745496611601
 10
-12.07705916765687
 20
18.76045339068327
 10
-12.09899972129599
 20
18.74622495312576
 10
-12.12086105010652
 20
18.73186538772467
 10
-12.14264134900401
 20
18.71737576659372
 10
-12.1643388301783
 20
18.70275719412718
 10
-12.18595172412892
 20
18.68801080638122
 10
-12.20747828068534
 20
18.67313777043284
 10
-12.22891677001222
 20
18.65813928371644
 10
-12.25026548359915
 20
18.64301657333797
 10
-12.2715227352351
 20
18.62777089536702
 10
-12.29268686196725
 20
18.61240353410676
 10
-12.31375622504413
 20
18.5969158013418
 10
-12.33472921084298
 20
18.5813090355641
 10
-12.35560423178111
 20
18.56558460117724
 10
-12.37637972721132
 20
18.54974388767867
 10
-12.39705416430107
 20
18.53378830882052
 10
-12.41762603889543
 20
18.51771930174878
 10
-12.4380938763636
 20
18.50153832612103
 10
-12.45845623242903
 20
18.48524686320282
 10
-12.47871169398289
 20
18.4688464149428
 10
-12.49885887988091
 20
18.45233850302667
 10
-12.51889644172347
 20
18.43572466791002
 10
-12.53882306461881
 20
18.41900646783026
 10
-12.55863746792942
 20
18.40218547779764
 10
-12.57833840600135
 20
18.38526328856539
 10
-12.59792466887653
 20
18.3682415055793
 10
-12.61739508298808
 20
18.35112174790652
 10
-12.63674851183829
 20
18.33390564714395
 10
-12.65598385665963
 20
18.31659484630604
 10
-12.67510005705847
 20
18.29919099869236
 10
-12.69409609164154
 20
18.28169576673474
 10
-12.71297097862531
 20
18.26411082082426
 10
-12.73172377642795
 20
18.24643783811806
 10
-12.75035358424427
 20
18.22867850132599
 10
-12.76885954260336
 20
18.21083449747735
 10
-12.78724083390913
 20
18.19290751666759
 10
-12.80549668296371
 20
18.17489925078505
 10
-12.82362635747387
 20
18.15681139221797
 10
-12.84162916854046
 20
18.13864563254155
 10
-12.85950447113098
 20
18.12040366118526
 10
-12.87725166453535
 20
18.1020871640805
 10
-12.89487019280514
 20
18.08369782228841
 10
-12.91235954517621
 20
18.06523731060819
 10
-12.92971925647508
 20
18.0467072961655
 10
-12.94694890750906
 20
18.02810943698155
 10
-12.96404812544045
 20
18.00944538052226
 10
-12.98101658414505
 20
17.99071676222801
 10
-12.99785400455502
 20
17.97192520402373
 10
-13.01456015498655
 20
17.95307231280929
 10
-13.03113485145259
 20
17.93415967893042
 10
-13.04757795796079
 20
17.91518887462987
 10
-13.06388938679724
 20
17.89616145247901
 10
-13.0800690987961
 20
17.87707894378973
 10
-13.09611710359569
 20
17.85794285700673
 10
-13.11203345988135
 20
17.83875467607994
 10
-13.12781827561562
 20
17.8195158588174
 10
-13.1434717082561
 20
17.80022783521826
 10
-13.15899396496153
 20
17.78089200578598
 10
-13.17438530278676
 20
17.76150973982178
 10
-13.1896460288669
 20
17.7420823736981
 10
-13.20477650059168
 20
17.72261120911233
 10
-13.21977712577024
 20
17.70309751132045
 10
-13.23464836278744
 20
17.68354250735083
 10
-13.24939072075209
 20
17.66394738419803
 10
-13.26400475963819
 20
17.64431328699655
 10
-13.27849109041984
 20
17.62464131717471
 10
-13.29285037520069
 20
17.60493253058838
 10
-13.30708332733904
 20
17.58518793563486
 10
-13.32119071156938
 20
17.56540849134672
 10
-13.33517334412157
 20
17.54559510546575
 10
-13.34903209283871
 20
17.52574863249709
 10
-13.36276787729488
 20
17.50586987174351
 10
-13.37638166891402
 20
17.48595956532018
 10
-13.38987449109118
 20
17.46601839614974
 10
-13.40324741931763
 20
17.44604698593824
 10
-13.41650158131123
 20
17.42604589313176
 10
-13.42963815715354
 20
17.4060156108543
 10
-13.44265837943538
 20
17.38595656482707
 10
-13.4555635334125
 20
17.36586911126952
 10
-13.46835495717312
 20
17.34575353478271
 10
-13.48103404181922
 20
17.32561004621529
 10
-13.49360223166363
 20
17.30543878051278
 10
-13.50606102444484
 20
17.28523979455079
 10
-13.51841197156191
 20
17.26501306495299
 10
-13.53065667833153
 20
17.24475848589445
 10
-13.54279680426983
 20
17.22447586689155
 10
-13.55483406340126
 20
17.20416493057956
 10
-13.56677022459731
 20
17.18382531047884
 10
-13.57860711194775
 20
17.16345654875141
 10
-13.5903466051672
 20
17.14305809394912
 10
-13.60199064004011
 20
17.12262929875544
 10
-13.61354120890727
 20
17.10216941772256
 10
-13.62500036119699
 20
17.08167760500612
 10
-13.63637020400452
 20
17.06115291209993
 10
-13.64765290272308
 20
17.04059428557329
 10
-13.65885068173025
 20
17.02000056481403
 10
-13.66996582513353
 20
16.99937047978024
 10
-13.68100067757896
 20
16.97870264876469
 10
-13.69195764512693
 20
16.95799557617553
 10
-13.70283919619945
 20
16.93724765033798
 10
-13.71364786260307
 20
16.91645714132159
 10
-13.72438624063219
 20
16.89562219879852
 10
-13.73505699225713
 20
16.87474084993857
 10
-13.74566284640181
 20
16.85381099734736
 10
-13.75620660031593
 20
16.8328304170546
 10
-13.76669112104643
 20
16.81179675656005
 10
-13.77711934701342
 20
16.79070753294557
 10
-13.78749428969551
 20
16.76956013106211
 10
-13.79781903542981
 20
16.74835180180178
 10
-13.80809674733157
 20
16.7270796604655
 10
-13.81833066733887
 20
16.70574068523802
 10
-13.82852411838726
 20
16.68433171578291
 10
-13.83868050671934
 20
16.66284945197129
 10
-13.84880332433449
 20
16.64129045275914
 10
-13.85889615158317
 20
16.61965113522921
 10
-13.86896265991061
 20
16.59792777381506
 10
-13.87900661475391
 20
16.57611649972574
 10
-13.88903187859653
 20
16.55421330059149
 10
-13.89904241418382
 20
16.5322140203522
 10
-13.90904228790225
 20
16.51011435941178
 10
-13.91903567332477
 20
16.48790987508375
 10
-13.92902685492404
 20
16.46559598235485
 10
-13.93902023195405
 20
16.44316795499531
 10
-13.94902032250003
 20
16.42062092704665
 10
-13.95903176769514
 20
16.39794989471969
 10
-13.96905933610126
 20
16.3751497187376
 10
-13.97910792824986
 20
16.35221512716125
 10
-13.98918258133667
 20
16.32914071873577
 10
-13.99928847406268
 20
16.30592096680029
 10
-14.00943093161133
 20
16.28255022380448
 10
-14.01961543074969
 20
16.25902272647818
 10
-14.02984760503833
 20
16.23533260170261
 10
-14.04013325013209
 20
16.21147387313388
 10
-14.05047832915029
 20
16.18744046863189
 10
-14.06088897809157
 20
16.16322622854957
 10
-14.07137151126423
 20
16.13882491493964
 10
-14.08193242669894
 20
16.1142302217375
 10
-14.09257841150571
 20
16.08943578598083
 10
-14.10331634713195
 20
16.06443520012726
 10
-14.11415331447281
 20
16.03922202553266
 10
-14.12509659877914
 20
16.01378980715273
 10
-14.13615369430192
 20
15.98813208953083
 10
-14.14733230860519
 20
15.96224243413369
 10
-14.15864036647238
 20
15.93611443809585
 10
-14.17008601332334
 20
15.90974175443076
 10
-14.18167761805138
 20
15.88311811376362
 10
-14.19342377518167
 20
15.85623734763667
 10
-14.20533330624348
 20
15.82909341343192
 10
-14.2174152602409
 20
15.80168042094968
 10
-14.22967891309712
 20
15.77399266067285
 10
-14.24213376593979
 20
15.74602463373685
 10
-14.25478954208601
 20
15.71777108361344
 10
-14.26765618257769
 20
15.68922702950307
 10
-14.28074384011105
 20
15.66038780141447
 10
-14.29406287119704
 20
15.63124907689299
 10
-14.30762382638412
 20
15.60180691933805
 10
-14.32143743837094
 20
15.57205781782895
 10
-14.33551460783363
 20
15.54199872835243
 10
-14.34986638679207
 20
15.51162711629891
 10
-14.36450395934143
 20
15.48094100006467
 10
-14.37943861957948
 20
15.44993899556551
 10
-14.39468174656843
 20
15.41862036143389
 10
-14.41024477618046
 20
15.38698504463599
 10
-14.426139169692
 20
15.35503372620815
 10
-14.44237637901061
 20
15.32276786677403
 10
-14.45896780844259
 20
15.29018975146579
 10
-14.47592477293851
 20
15.25730253383332
 10
-14.49325845278791
 20
15.22411027828894
 10
-14.51097984477395
 20
15.19061800059834
 10
-14.52909970984413
 20
15.15683170589562
 10
-14.54762851740314
 20
15.12275842367086
 10
-14.56657638638973
 20
15.08840623915341
 10
-14.58595302335979
 20
15.05378432049574
 10
-14.60576765786237
 20
15.01890294115103
 10
-14.62602897546343
 20
14.98377349683432
 10
-14.64674504884261
 20
14.94840851646402
 10
-14.66792326746018
 20
14.91282166649751
 10
-14.68957026636302
 20
14.87702774810384
 10
-14.71169185476841
 20
14.84104268665839
 10
-14.73429294513106
 20
14.80488351309899
 10
-14.75737748345937
 20
14.7685683367517
 10
-14.78094838170084
 20
14.73211630931648
 10
-14.80500745305993
 20
14.69554757979773
 10
-14.82955535114401
 20
14.65888324027265
 10
-14.85459151385122
 20
14.62214526250828
 10
-14.88011411291709
 20
14.58535642556616
 10
-14.90612001002191
 20
14.54854023466877
 10
-14.9326047203292
 20
14.51172083174087
 10
-14.9595623842726
 20
14.47492289818095
 10
-14.98698574833844
 20
14.43817155055732
 10
-15.0148661555003
 20
14.4014922300581
 10
-15.0431935458533
 20
14.36491058665093
 10
-15.07195646787075
 20
14.32845235902201
 10
-15.10114210056543
 20
14.29214325146278
 10
-15.13073628668551
 20
14.25600880895266
 10
-15.16072357691464
 20
14.22007429174489
 10
-15.1910872848788
 20
14.18436455079752
 10
-15.22180955259562
 20
14.14890390540201
 10
-15.25287142583685
 20
14.11371602434563
 10
-15.28425293871674
 20
14.0788238119027
 10
-15.31593320667294
 20
14.04424929988171
 10
-15.34789052687366
 20
14.01001354686546
 10
-15.38010248497165
 20
13.97613654566799
 10
-15.41254606703218
 20
13.94263713990139
 10
-15.44519777539261
 20
13.90953295039846
 10
-15.47803374716553
 20
13.87684031207953
 10
-15.51102987407799
 20
13.84457422168533
 10
-15.54416192234423
 20
13.81274829662932
 10
-15.57740565129942
 20
13.78137474505431
 10
-15.61073692957446
 20
13.75046434701467
 10
-15.64413184766575
 20
13.72002644655062
 10
-15.67756682584556
 20
13.69006895427721
 10
-15.71101871646605
 20
13.66059835998186
 10
-15.74446489982877
 20
13.6316197546113
 10
-15.77788337292
 20
13.60313686093431
 10
-15.81125283044418
 20
13.57515207209071
 10
-15.84455273772355
 20
13.54766649718046
 10
-15.87776339516496
 20
13.52068001300927
 10
-15.91086599412451
 20
13.49419132108751
 10
-15.94384266412365
 20
13.46819800897721
 10
-15.97667651148453
 20
13.44269661509503
 10
-16.00935164955641
 20
13.41768269610668
 10
-16.04185322079757
 20
13.3931508960866
 10
-16.07416741105697
 20
13.36909501666693
 10
-16.1062814564679
 20
13.34550808745527
 10
-16.13818364342018
 20
13.32238243606461
 10
-16.16986330211974
 20
13.29970975716472
 10
-16.20131079427491
 20
13.27748118003344
 10
-16.23251749546746
 20
13.25568733415559
 10
-16.26347577277554
 20
13.23431841248578
 10
-16.29417895821504
 20
13.213364232058
 10
-16.32462131855743
 20
13.19281429168846
 10
-16.35479802206658
 20
13.17265782657757
 10
-16.38470510267571
 20
13.15288385967302
 10
-16.4143394220997
 20
13.13348124970564
 10
-16.44369863034788
 20
13.11443873585608
 10
-16.47278112507061
 20
13.0957449790503
 10
-16.50158601013832
 20
13.07738859991752
 10
-16.53011305381672
 20
13.05935821347433
 10
-16.55836264686629
 20
13.04164246062463
 10
-16.58633576085938
 20
13.02423003658587
 10
-16.61403390697348
 20
13.00710971636906
 10
-16.6414590954865
 20
12.9902703774531
 10
-16.66861379616801
 20
12.97370101980357
 10
-16.69550089973113
 20
12.95739078339244
 10
-16.72212368048151
 20
12.94132896337911
 10
-16.74848576027426
 20
12.92550502311435
 10
-16.77459107386645
 20
12.90990860512805
 10
-16.80044383573086
 20
12.89452954025927
 10
-16.82604850837795
 20
12.87935785508328
 10
-16.85140977221509
 20
12.86438377778508
 10
-16.87653249695774
 20
12.84959774262319
 10
-16.90142171459306
 20
12.83499039312069
 10
-16.92608259388542
 20
12.82055258411349
 10
-16.95052041640319
 20
12.80627538277831
 10
-16.9747405540376
 20
12.79215006875516
 10
-16.99874844797799
 20
12.77816813347157
 10
-17.02254958910128
 20
12.76432127876802
 10
-17.04614949972966
 20
12.75060141491647
 10
-17.06955371670646
 20
12.7370006581168
 10
-17.09276777573767
 20
12.72351132754846
 10
-17.11579719694485
 20
12.71012594204836
 10
-17.13864747157381
 20
12.69683721647922
 10
-17.16132404980305
 20
12.68363805784633
 10
-17.18383232959608
 20
12.67052156121553
 10
-17.20617764654175
 20
12.65748100547918
 10
-17.22836526462821
 20
12.64450984901213
 10
-17.25040036789639
 20
12.63160172525497
 10
-17.27228805292124
 20
12.61875043825775
 10
-17.2940333220696
 20
12.60594995821282
 10
-17.31564107748614
 20
12.59319441700243
 10
-17.33711611576006
 20
12.58047810378293
 10
-17.35846312322744
 20
12.56779546062449
 10
-17.37968667186626
 20
12.55514107822265
 10
-17.40079121574286
 20
12.54250969169518
 10
-17.42178108797073
 20
12.52989617647584
 10
-17.44266049814471
 20
12.51729554431419
 10
-17.4634335302155
 20
12.50470293938922
 10
-17.48410414077128
 20
12.49211363454254
 10
-17.50467615769549
 20
12.47952302763571
 10
-17.52515327917117
 20
12.46692663803477
 10
-17.54553907300458
 20
12.45432010322424
 10
-17.56583697624209
 20
12.44169917555135
 10
-17.58605029505627
 20
12.42905971910101
 10
-17.60618220487859
 20
12.41639770670069
 10
-17.6262357507577
 20
12.40370921705419
 10
-17.64621384792344
 20
12.39099043200241
 10
-17.66611928253861
 20
12.37823763390895
 10
-17.68595471262121
 20
12.3654472031678
 10
-17.70572266912149
 20
12.35261561583029
 10
-17.72542555713919
 20
12.33973944134786
 10
-17.74506565726721
 20
12.3268153404273
 10
-17.76464512704945
 20
12.3138400629948
 10
-17.78416600254082
 20
12.30081044626501
 10
-17.803630199959
 20
12.28772341291115
 10
-17.82303951741789
 20
12.27457596933246
 10
-17.84239563673365
 20
12.26136520401476
 10
-17.86170012529487
 20
12.24808828598021
 10
-17.88095443798922
 20
12.23474246332253
 10
-17.90015991917937
 20
12.22132506182332
 10
-17.91931780472178
 20
12.20783348364587
 10
-17.93842922402211
 20
12.19426520610267
 10
-17.95749520212209
 20
12.18061778049251
 10
-17.97651666181256
 20
12.16688883100389
 10
-17.99549442576817
 20
12.15307605368074
 10
-18.01442921869958
 20
12.1391772154473
 10
-18.03332166951921
 20
12.12519015318841
 10
-18.05217231351724
 20
12.11111277288209
 10
-18.07098159454432
 20
12.09694304878113
 10
-18.08974986719857
 20
12.08267902264053
 10
-18.10847739901386
 20
12.06831880298791
 10
-18.12716437264702
 20
12.0538605644338
 10
-18.14581088806207
 20
12.0393025470191
 10
-18.16441696470924
 20
12.02464305559706
 10
-18.18298254369709
 20
12.00988045924719
 10
-18.20150748995621
 20
11.99501319071837
 10
-18.21999159439294
 20
11.98003974589918
 10
-18.23843457603191
 20
11.96495868331277
 10
-18.25683608414613
 20
11.94976862363434
 10
-18.27519570037372
 20
11.93446824922895
 10
-18.29351294082026
 20
11.91905630370775
 10
-18.3117872581458
 20
11.90353159150067
 10
-18.33001804363617
 20
11.8878929774438
 10
-18.34820462925745
 20
11.87213938637952
 10
-18.36634628969332
 20
11.85626980276799
 10
-18.38444224436473
 20
11.84028327030807
 10
-18.40249165943129
 20
11.82417889156653
 10
-18.42049364977414
 20
11.80795582761376
 10
-18.43844728095982
 20
11.7916132976648
 10
-18.45635157118491
 20
11.77515057872433
 10
-18.47420549320109
 20
11.75856700523439
 10
-18.49200797622046
 20
11.74186196872362
 10
-18.50975790780088
 20
11.72503491745693
 10
-18.52745413571106
 20
11.70808535608457
 10
-18.54509546977545
 20
11.69101284528945
 10
-18.56268068369859
 20
11.67381700143198
 10
-18.58020851686892
 20
11.65649749619134
 10
-18.59767767614187
 20
11.63905405620245
 10
-18.61508683760234
 20
11.62148646268773
 10
-18.63243464830617
 20
11.60379455108298
 10
-18.64971972800085
 20
11.58597821065667
 10
-18.66694067082523
 20
11.56803738412186
 10
-18.68409604698832
 20
11.54997206724027
 10
-18.70118440442696
 20
11.53178230841771
 10
-18.71820427044249
 20
11.5134682082906
 10
-18.73515415331639
 20
11.4950299193027
 10
-18.75203254390465
 20
11.47646764527185
 10
-18.76883791721117
 20
11.45778164094619
 10
-18.78556873393985
 20
11.43897221154928
 10
-18.8022234420256
 20
11.42003971231397
 10
-18.81880047814399
 20
11.40098454800447
 10
-18.83529826919987
 20
11.38180717242638
 10
-18.85171523379445
 20
11.36250808792427
 10
-18.86804978367138
 20
11.34308784486661
 10
-18.88430032514122
 20
11.32354704111782
 10
-18.90046526048476
 20
11.30388632149697
 10
-18.91654298933486
 20
11.28410637722326
 10
-18.93253191003684
 20
11.26420794534772
 10
-18.9484304209875
 20
11.24419180817128
 10
-18.96423692195252
 20
11.22405879264874
 10
-18.9799498153624
 20
11.20380976977876
 10
-18.99556750758674
 20
11.1834456539796
 10
-19.01108841018693
 20
11.16296740245052
 10
-19.02651094114711
 20
11.14237601451876
 10
-19.04183352608335
 20
11.12167253097211
 10
-19.05705459943109
 20
11.10085803337681
 10
-19.07217260561066
 20
11.07993364338093
 10
-19.08718600017092
 20
11.05890052200308
 10
-19.10209325091078
 20
11.03775986890652
 10
-19.11689283897888
 20
11.01651292165851
 10
-19.13158325995086
 20
10.99516095497504
 10
-19.14616302488472
 20
10.97370527995098
 10
-19.16063066135364
 20
10.95214724327546
 10
-19.17498471445664
 20
10.93048822643282
 10
-19.18922374780671
 20
10.90872964488883
 10
-19.2033463444965
 20
10.88687294726255
 10
-19.21735110804137
 20
10.86491961448369
 10
-19.23123666329981
 20
10.8428711589356
 10
-19.24500165737114
 20
10.82072912358397
 10
-19.2586447604703
 20
10.79849508109131
 10
-19.27216466677986
 20
10.7761706329173
 10
-19.28556009527889
 20
10.75375740840511
 10
-19.29882979054893
 20
10.73125706385378
 10
-19.31197252355658
 20
10.70867128157679
 10
-19.32498709241309
 20
10.68600176894692
 10
-19.33787232311047
 20
10.66325025742746
 10
-19.35062707023423
 20
10.64041850159002
 10
-19.36325021765268
 20
10.61750827811888
 10
-19.37574067918259
 20
10.59452138480224
 10
-19.38809739923126
 20
10.57145963951025
 10
-19.40031935341487
 20
10.54832487916008
 10
-19.41240554915297
 20
10.5251189586683
 10
-19.42435502623917
 20
10.50184374989034
 10
-19.43616685738781
 20
10.47850114054754
 10
-19.44784014875668
 20
10.45509303314175
 10
-19.45937404044557
 20
10.4316213438576
 10
-19.47076770697077
 20
10.40808800145266
 10
-19.48202035771522
 20
10.38449494613559
 10
-19.49313123735451
 20
10.36084412843242
 10
-19.50409962625844
 20
10.33713750804108
 10
-19.51492484086825
 20
10.31337705267438
 10
-19.52560623404935
 20
10.28956473689148
 10
-19.53614319541964
 20
10.26570254091807
 10
-19.54653515165321
 20
10.24179244945537
 10
-19.55678156675949
 20
10.21783645047802
 10
-19.56688194233779
 20
10.19383653402106
 10
-19.57683581780725
 20
10.16979469095607
 10
-19.58664277061205
 20
10.14571291175665
 10
-19.5963024164019
 20
10.12159318525329
 10
-19.60581440918799
 20
10.09743749737772
 10
-19.61517844147403
 20
10.07324782989699
 10
-19.6243942443627
 20
10.04902615913713
 10
-19.63346158763736
 20
10.02477445469679
 10
-19.64238027981897
 20
10.00049467815067
 10
-19.65115016819849
 20
9.976188781742937
 10
-19.65977113884441
 20
9.951858707070766
 10
-19.66824311658585
 20
9.927506383757958
 10
-19.67656606497083
 20
9.903133728118731
 10
-19.68473998620021
 20
9.878742641811752
 10
-19.692764921037
 20
9.854335010484453
 10
-19.70064094869124
 20
9.829912702407577
 10
-19.70836818668061
 20
9.80547756710016
 10
-19.71594679066668
 20
9.781031433944722
 10
-19.72337695426698
 20
9.756576110792883
 10
-19.73065890884305
 20
9.732113382561232
 10
-19.73779292326451
 20
9.707645009817539
 10
-19.74477930364928
 20
9.68317272735722
 10
-19.75161839308014
 20
9.658698242770009
 10
-19.75831057129773
 20
9.634223234996824
 10
-19.76485625437027
 20
9.609749352876683
 10
-19.77125589433997
 20
9.585278213683663
 10
-19.77750997884665
 20
9.560811401653731
 10
-19.7836190307284
 20
9.536350466501406
 10
-19.78958360759994
 20
9.511896921926066
 10
-19.79540430140853
 20
9.487452244107769
 10
-19.80108173796802
 20
9.463017870192466
 10
-19.80661657647116
 20
9.438595196766387
 10
-19.81200950898053
 20
9.414185578319431
 10
-19.81726125989849
 20
9.389790325697376
 10
-19.82237258541635
 20
9.365410704542631
 10
-19.82734427294345
 20
9.341047933723331
 10
-19.83217714051622
 20
9.316703183750538
 10
-19.83687203618792
 20
9.292377575183216
 10
-19.84142983739941
 20
9.268072177020751
 10
-19.84585145033164
 20
9.243788005082659
 10
-19.85013780924009
 20
9.219526020375202
 10
-19.8542898757721
 20
9.195287127444526
 10
-19.85830863826744
 20
9.171072172716037
 10
-19.86219511104305
 20
9.146881942819533
 10
-19.86595033366229
 20
9.122717162899817
 10
-19.86957537018999
 20
9.098578494912317
 10
-19.87307130843348
 20
9.074466535903301
 10
-19.87643925917105
 20
9.050381816274304
 10
-19.87968035536838
 20
9.026324798030243
 10
-19.88279575138401
 20
9.002295873010844
 10
-19.88578662216507
 20
8.978295361104867
 10
-19.88865416243404
 20
8.954323508446668
 10
-19.89139958586809
 20
8.930380485594607
 10
-19.894024124272
 20
8.906466385690858
 10
-19.8965290267461
 20
8.882581222602068
 10
-19.89891555885071
 20
8.858724929040432
 10
-19.90118500176847
 20
8.834897354664692
 10
-19.90333865146626
 20
8.811098264160536
 10
-19.90537781785844
 20
8.787327335300036
 10
-19.90730382397321
 20
8.763584156979566
 10
-19.90911800512402
 20
8.739868227235817
 10
-19.91082170808813
 20
8.716178951239539
 10
-19.91241629029449
 20
8.692515639266606
 10
-19.91390311902331
 20
8.668877504646035
 10
-19.91528357061977
 20
8.645263661684776
 10
-19.91655902972452
 20
8.621673123568937
 10
-19.91773088852376
 20
8.598104800241344
 10
-19.91880054602187
 20
8.574557496255312
 10
-19.91976940733983
 20
8.551029908604631
 10
-19.92063888304256
 20
8.527520624529856
 10
-19.92141038849904
 20
8.5040281193011
 10
-19.92208534327869
 20
8.480550753977633
 10
-19.92266517058818
 20
8.457086773144816
 10
-19.92315129675284
 20
8.43363430262891
 10
-19.92354515074717
 20
8.410191347190655
 10
-19.92384816377913
 20
8.386755788198563
 10
-19.92406176893334
 20
8.363325381283161
 10
-19.92418740087842
 20
8.339897753973719
 10
-19.924226495644
 20
8.316470403319168
 10
-19.92418049047362
 20
8.293040693495262
 10
-19.92405082375939
 20
8.269605853400438
 10
-19.92383893506526
 20
8.246162974243151
 10
-19.92354626524576
 20
8.222709007123821
 10
-19.92317425666756
 20
8.199240760615094
 10
-19.9227243535415
 20
8.175754898344585
 10
-19.92219800237325
 20
8.15224793658475
 10
-19.92159665254104
 20
8.128716241855245
 10
-19.92092175700928
 20
8.105156028543747
 10
-19.92017477318764
 20
8.081563356551857
 10
-19.91935716394505
 20
8.057934128973665
 10
-19.91847039878898
 20
8.034264089815266
 10
-19.91751595522055
 20
8.010548821764485
 10
-19.91649532027646
 20
7.98678374402113
 10
-19.91540999226932
 20
7.962964110199167
 10
-19.91426148273813
 20
7.939085006313403
 10
-19.91305131862115
 20
7.915141348864545
 10
-19.91178104466407
 20
7.891127883037906
 10
-19.91045222607609
 20
7.867039181032549
 10
-19.90906645144754
 20
7.842869640539272
 10
-19.90762533594243
 20
7.818613483387534
 10
-19.90613052477994
 20
7.794264754383337
 10
-19.90458369701847
 20
7.769817320362077
 10
-19.90298656965676
 20
7.745264869482406
 10
-19.90134090206564
 20
7.720600910789576
 10
-19.89964850076464
 20
7.695818774078962
 10
-19.89791122455707
 20
7.670911610093154
 10
-19.89613099003677
 20
7.645872391088625
 10
-19.89430977747945
 20
7.620693911810816
 10
-19.89244963713049
 20
7.595368790919473
 10
-19.89055269590052
 20
7.569889472909137
 10
-19.88862116447855
 20
7.544248230573017
 10
-19.8866573448712
 20
7.518437168061611
 10
-19.88466363837506
 20
7.492448224591139
 10
-19.88264255398653
 20
7.466273178860151
 10
-19.88059671725183
 20
7.439903654236346
 10
-19.87852887955657
 20
7.413331124779242
 10
-19.87644192785126
 20
7.386546922167857
 10
-19.87433889480515
 20
7.359542243606147
 10
-19.87222296937697
 20
7.332308160782336
 10
-19.87009750778602
 20
7.304835629961536
 10
-19.86796604486173
 20
7.27711550329411
 10
-19.86583230574401
 20
7.249138541424875
 10
-19.86370021789964
 20
7.22089542749062
 10
-19.86157392341298
 20
7.192376782595196
 10
-19.85945779150089
 20
7.163573182852581
 10
-19.85735643119303
 20
7.134475178088856
 10
-19.855274704109
 20
7.105073312293505
 10
-19.85321773725345
 20
7.075358145909008
 10
-19.85119093573943
 20
7.045320280045094
 10
-19.84919999533775
 20
7.014950382699842
 10
-19.84725091473855
 20
6.984239217064347
 10
-19.84535000739738
 20
6.953177671980169
 10
-19.84350391282519
 20
6.921756794609621
 10
-19.84171960716705
 20
6.889967825367269
 10
-19.84000441290088
 20
6.857802235147272
 10
-19.83836600747291
 20
6.825251764864721
 10
-19.83681243067282
 20
6.792308467309919
 10
-19.83535209053803
 20
6.75896475129238
 10
-19.83399376756384
 20
6.725213428026144
 10
-19.83274661698497
 20
6.691047759679616
 10
-19.83162016888383
 20
6.656461509981443
 10
-19.83062432587301
 20
6.621448996739075
 10
-19.82976935809437
 20
6.586005146088602
 10
-19.82906589527438
 20
6.550125548253177
 10
-19.82852491557695
 20
6.513806514543845
 10
-19.8281577310001
 20
6.477045135289571
 10
-19.82797596907287
 20
6.43983933833557
 10
-19.82799155062451
 20
6.402187947698936
 10
-19.82821666341859
 20
6.364090741920303
 10
-19.82866373147239
 20
6.325548511600227
 10
-19.82934537991587
 20
6.28656311555988
 10
-19.83027439528506
 20
6.247137535019356
 10
-19.83146368119331
 20
6.207275925144022
 10
-19.83292620937823
 20
6.166983663271558
 10
-19.83467496618462
 20
6.126267393101258
 10
-19.83672289461186
 20
6.085135064104112
 10
-19.83908283212844
 20
6.043595965398746
 10
-19.84176744453572
 20
6.001660753336193
 10
-19.84478915624552
 20
5.959341472046737
 10
-19.84816007742191
 20
5.916651566226576
 10
-19.85189192852289
 20
5.873605885481337
 10
-19.85599596286273
 20
5.830220679598474
 10
-19.86048288789633
 20
5.786513584192233
 10
-19.86536278600281
 20
5.742503596252316
 10
-19.87064503561246
 20
5.698211039231192
 10
-19.876338233578
 20
5.653657517423644
 10
-19.88245011973505
 20
5.608865859524247
 10
-19.88898750462527
 20
5.563860051392509
 10
-19.8959562013676
 20
5.518665158208596
 10
-19.90336096265599
 20
5.473307236361542
 10
-19.91120542383577
 20
5.427813235574419
 10
-19.91949205296341
 20
5.382210891932084
 10
-19.9282221086873
 20
5.336528612633788
 10
-19.93739560669981
 20
5.290795353441064
 10
-19.94701129540488
 20
5.245040489926058
 10
-19.95706664132268
 20
5.19929368374464
 10
-19.96755782461573
 20
5.153584745257183
 10
-19.97847974497224
 20
5.107943493895742
 10
-19.98982603792648
 20
5.062399617727157
 10
-20.00158910153473
 20
5.016982533685188
 10
-20.01376013316549
 20
4.971721249940733
 10
-20.0263291760048
 20
4.926644231847328
 10
-20.03928517472953
 20
4.881779272839843
 10
-20.05261603966284
 20
4.83715337157995
 10
-20.06630871860417
 20
4.792792616534154
 10
-20.08034927542015
 20
4.748722079041928
 10
-20.09472297439829
 20
4.704965715787068
 10
-20.10941436930099
 20
4.661546281427527
 10
-20.12440739601619
 20
4.618485251972728
 10
-20.13968546768214
 20
4.575802759326563
 10
-20.15523157116694
 20
4.533517537242891
 10
-20.17102836380777
 20
4.491646878772877
 10
-20.18705826935823
 20
4.450206605123122
 10
-20.20330357215334
 20
4.409211045693342
 10
-20.21974650857689
 20
4.368673028925708
 10
-20.23636935500409
 20
4.328603883476167
 10
-20.25315451148914
 20
4.28901344911324
 10
-20.27008458057071
 20
4.249910096662799
 10
-20.28714244067532
 20
4.211300756248284
 10
-20.30431131370678
 20
4.173190953025074
 10
-20.32157482651564
 20
4.13558484957454
 10
-20.33891706604605
 20
4.098485294106297
 10
-20.35632262805441
 20
4.061893873615928
 10
-20.37377665938477
 20
4.025810971157638
 10
-20.39126489386804
 20
3.990235826415604
 10
-20.40877368198563
 20
3.955166598792523
 10
-20.42629001450224
 20
3.920600432276737
 10
-20.44380154032627
 20
3.88653352139922
 10
-20.46129657890179
 20
3.852961177646215
 10
-20.47876412747077
 20
3.819877895751457
 10
-20.4961938635712
 20
3.787277419351416
 10
-20.51357614315465
 20
3.755152805547658
 10
-20.53090199471768
 20
3.723496487979899
 10
-20.54816310984503
 20
3.692300338071554
 10
-20.56535183056053
 20
3.661555724165256
 10
-20.58246113387415
 20
3.631253568318508
 10
-20.59948461390175
 20
3.601384400578918
 10
-20.6164164619187
 20
3.571938410603787
 10
-20.63325144469055
 20
3.542905496530154
 10
-20.64998488140302
 20
3.514275311038725
 10
-20.66661261949226
 20
3.486037304588093
 10
-20.6831310096527
 20
3.458180765824809
 10
-20.69953688027732
 20
3.430694859199993
 10
-20.71582751156061
 20
3.403568659844597
 10
-20.73200060947245
 20
3.376791185773451
 10
-20.74805427978773
 20
3.350351427502942
 10
-20.76398700233525
 20
3.324238375179002
 10
-20.77979760560864
 20
3.298441043321156
 10
-20.7954852418624
 20
3.272948493295157
 10
-20.81104936279817
 20
3.247749853631301
 10
-20.82648969592883
 20
3.222834338308252
 10
-20.84180622169313
 20
3.19819126312331
 10
-20.8569991513785
 20
3.173810060269818
 10
-20.87206890589753
 20
3.149680291240917
 10
-20.8870160954511
 20
3.125791658176489
 10
-20.90184150010161
 20
3.10213401376689
 10
-20.91654605126983
 20
3.078697369823269
 10
-20.93113081416097
 20
3.055471904619908
 10
-20.94559697111886
 20
3.032447969109358
 10
-20.95994580590025
 20
3.009616092106181
 10
-20.97417868885695
 20
2.986966984530023
 10
-20.98829706300806
 20
2.964491542793516
 10
-21.00230243098197
 20
2.942180851415377
 10
-21.01619634280385
 20
2.920026184933883
 10
-21.02998038450259
 20
2.898019009190835
 10
-21.0436561675087
 20
2.876150982051244
 10
-21.0572253188141
 20
2.854413953619177
 10
-21.07068947186263
 20
2.832799966005636
 10
-21.08405025814063
 20
2.811301252699979
 10
-21.0973092994357
 20
2.789910237592156
 10
-21.1104682007323
 20
2.76861953368921
 10
-21.12352854371277
 20
2.747421941565665
 10
-21.13649188083285
 20
2.726310447583951
 10
-21.14935972994132
 20
2.705278221917736
 10
-21.1621335694139
 20
2.68431861640803
 10
-21.17481483377265
 20
2.663425162278943
 10
-21.18740490976285
 20
2.642591567737494
 10
-21.19990513286011
 20
2.621811715479235
 10
-21.21231678418177
 20
2.601079660119371
 10
-21.22464108777743
 20
2.580389625566835
 10
-21.23687920827483
 20
2.559736002356904
 10
-21.24903224885775
 20
2.53911334495618
 10
-21.2611012495545
 20
2.518516369052158
 10
-21.27308718581583
 20
2.497939948838106
 10
-21.28499096736272
 20
2.477379114302656
 10
-21.2968134372851
 20
2.456829048532257
 10
-21.30855537137389
 20
2.436285085033595
 10
-21.32021747766952
 20
2.415742705081998
 10
-21.33180039621098
 20
2.395197535101017
 10
-21.34330469897056
 20
2.374645344077459
 10
-21.35473088996013
 20
2.354082041015544
 10
-21.36607940549572
 20
2.333503672433046
 10
-21.37735061460796
 20
2.312906419901861
 10
-21.38854481958656
 20
2.292286597634696
 10
-21.39966225664802
 20
2.271640650119331
 10
-21.4107030967162
 20
2.250965149801338
 10
-21.4216674463061
 20
2.230256794815828
 10
-21.43255534850176
 20
2.209512406768474
 10
-21.44336678402009
 20
2.188728928565726
 10
-21.45410167235244
 20
2.167903422293972
 10
-21.46475987297679
 20
2.147033067147112
 10
-21.4753411866335
 20
2.126115157401811
 10
-21.48584535665841
 20
2.105147100439644
 10
-21.49627207036712
 20
2.084126414815063
 10
-21.50662096048499
 20
2.063050728368132
 10
-21.51689160661772
 20
2.041917776380803
 10
-21.52708353675754
 20
2.02072539977544
 10
-21.53719622882061
 20
1.999471543354264
 10
-21.54722911221155
 20
1.978154254078344
 10
-21.55718156941094
 20
1.956771679384635
 10
-21.5670529375825
 20
1.935322065539713
 10
-21.57684251019645
 20
1.913803756028639
 10
-21.58654953866578
 20
1.892215189977541
 10
-21.59617323399298
 20
1.870554900608414
 10
-21.60571276842401
 20
1.848821513724656
 10
-21.61516727710745
 20
1.82701374622591
 10
-21.62453585975637
 20
1.805130404650773
 10
-21.63381758231063
 20
1.783170383745904
 10
-21.64301147859794
 20
1.761132665060225
 10
-21.6521165519916
 20
1.739016315562774
 10
-21.66113177706327
 20
1.716820486282918
 10
-21.6700561012293
 20
1.694544410971629
 10
-21.67888844638896
 20
1.672187404782527
 10
-21.68762771055341
 20
1.649748862971501
 10
-21.69627276946409
 20
1.627228259613707
 10
-21.70482247819929
 20
1.604625146336767
 10
-21.71327567276795
 20
1.58193915106909
 10
-21.72163117168954
 20
1.559169976802231
 10
-21.72988777755936
 20
1.536317400366239
 10
-21.73804427859804
 20
1.513381271217035
 10
-21.74609945018479
 20
1.490361510234814
 10
-21.75405205637345
 20
1.467258108532606
 10
-21.76190085139079
 20
1.444071126274102
 10
-21.76964458111621
 20
1.42080069149988
 10
-21.7772819845427
 20
1.397446998961279
 10
-21.78481179521797
 20
1.37401030896111
 10
-21.79223274266566
 20
1.350490946200512
 10
-21.79954355378592
 20
1.326889298631254
 10
-21.80674295423516
 20
1.303205816312792
 10
-21.8138296697843
 20
1.279441010273518
 10
-21.82080242765532
 20
1.255595451375571
 10
-21.82765995783578
 20
1.231669769182655
 10
-21.83440099437083
 20
1.20766465083036
 10
-21.84102427663258
 20
1.183580839898476
 10
-21.84752855056641
 20
1.159419135284836
 10
-21.85391256991415
 20
1.135180390080273
 10
-21.86017509741359
 20
1.110865510444241
 10
-21.86631490597437
 20
1.086475454480779
 10
-21.87233077982995
 20
1.062011231114415
 10
-21.87822151566529
 20
1.037473898965709
 10
-21.88398592372045
 20
1.012864565226122
 10
-21.88962282886944
 20
0.988184384531946
 10
-21.89513107167452
 20
0.9634345578370158
 10
-21.90050950941571
 20
0.9386163312840043
 10
-21.90575701709528
 20
0.9137309950740476
 10
-21.91087248841709
 20
0.8887798823345576
 10
-21.91585483674088
 20
0.8637643679849732
 10
-21.92070299601093
 20
0.8386858676004479
 10
-21.92541592165955
 20
0.8135458362731437
 10
-21.92999259148478
 20
0.7883457674711769
 10
-21.93443200650249
 20
0.7630871918950368
 10
-21.93873319177278
 20
0.737771676331435
 10
-21.94289519720033
 20
0.7124008225044845
 10
-21.946917098309
 20
0.6869762659241907
 10
-21.95079799699028
 20
0.6614996747322008
 10
-21.95453702222567
 20
0.6359727485448016
 10
-21.95813333078287
 20
0.6103972172931332
 10
-21.96158610788572
 20
0.5847748400606598
 10
-21.96489456785784
 20
0.5591074039178792
 10
-21.96805795473983
 20
0.5333967227543242
 10
-21.97107554288014
 20
0.5076446361078708
 10
-21.97394663749934
 20
0.4818530079914274
 10
-21.97667057522793
 20
0.4560237257170446
 10
-21.97924672461743
 20
0.4301586987175258
 10
-21.98167448662502
 20
0.4042598573656037
 10
-21.98395329507133
 20
0.3783291517907814
 10
-21.98608261707157
 20
0.3523685506939226
 10
-21.98806195343989
 20
0.3263800401596969
 10
-21.98989083906699
 20
0.3003656224669761
 10
-21.99156884327072
 20
0.2743273148973128
 10
-21.99309557012008
 20
0.2482671485416049
 10
-21.99447065873215
 20
0.2221871671050845
 10
-21.99569378354211
 20
0.1960894257107433
 10
-21.99676465454639
 20
0.1699759897013493
 10
-21.99768301751882
 20
0.1438489334401787
 10
-21.99844865419982
 20
0.1177103391106145
 10
-21.99906138245855
 20
0.0915622955147447
 10
-21.99952105642809
 20
0.0654068968711233
 10
-21.99982756661365
 20
0.0392462416118338
 10
-21.9999808399736
 20
0.013082431179015
 10
-21.9999808399736
 20
-0.0130824311790099
 10
-21.99982756661365
 20
-0.0392462416118286
 10
-21.99952105642809
 20
-0.0654068968711182
 10
-21.99906138245855
 20
-0.0915622955147396
 10
-21.99844865419982
 20
-0.1177103391106094
 10
-21.99768301751882
 20
-0.1438489334401735
 10
-21.99676465454639
 20
-0.1699759897013443
 10
-21.99569378354211
 20
-0.1960894257107383
 10
-21.99447065873215
 20
-0.2221871671050795
 10
-21.99309557012008
 20
-0.2482671485415997
 10
-21.99156884327072
 20
-0.2743273148973077
 10
-21.98989083906699
 20
-0.3003656224669711
 10
-21.98806195343989
 20
-0.3263800401596918
 10
-21.98608261707157
 20
-0.3523685506939175
 10
-21.98395329507133
 20
-0.3783291517907764
 10
-21.98167448662502
 20
-0.4042598573655985
 10
-21.97924672461743
 20
-0.4301586987175207
 10
-21.97667057522793
 20
-0.4560237257170395
 10
-21.97394663749935
 20
-0.4818530079914226
 10
-21.97107554288014
 20
-0.5076446361078658
 10
-21.96805795473983
 20
-0.5333967227543192
 10
-21.96489456785784
 20
-0.5591074039178743
 10
-21.96158610788572
 20
-0.5847748400606551
 10
-21.95813333078286
 20
-0.6103972172931279
 10
-21.95453702222567
 20
-0.6359727485447964
 10
-21.95079799699028
 20
-0.6614996747321961
 10
-21.946917098309
 20
-0.6869762659241855
 10
-21.94289519720033
 20
-0.7124008225044796
 10
-21.93873319177278
 20
-0.7377716763314216
 10
-21.9344320065025
 20
-0.763087191895023
 10
-21.92999259148478
 20
-0.7883457674711631
 10
-21.92541592165955
 20
-0.8135458362731304
 10
-21.92070299601093
 20
-0.838685867600434
 10
-21.91585483674088
 20
-0.8637643679849597
 10
-21.91087248841709
 20
-0.8887798823345425
 10
-21.90575701709528
 20
-0.913730995074043
 10
-21.90050950941571
 20
-0.9386163312839991
 10
-21.89513107167452
 20
-0.9634345578370108
 10
-21.88962282886944
 20
-0.9881843845319416
 10
-21.88398592372046
 20
-1.012864565226118
 10
-21.87822151566529
 20
-1.037473898965704
 10
-21.87233077982995
 20
-1.062011231114411
 10
-21.86631490597437
 20
-1.086475454480774
 10
-21.86017509741359
 20
-1.110865510444237
 10
-21.85391256991415
 20
-1.135180390080268
 10
-21.84752855056641
 20
-1.159419135284831
 10
-21.84102427663258
 20
-1.183580839898471
 10
-21.83440099437083
 20
-1.207664650830356
 10
-21.82765995783578
 20
-1.23166976918265
 10
-21.82080242765533
 20
-1.255595451375566
 10
-21.81382966978429
 20
-1.279441010273513
 10
-21.80674295423516
 20
-1.303205816312787
 10
-21.79954355378592
 20
-1.326889298631249
 10
-21.79223274266566
 20
-1.350490946200507
 10
-21.78481179521798
 20
-1.374010308961105
 10
-21.7772819845427
 20
-1.397446998961274
 10
-21.76964458111621
 20
-1.420800691499876
 10
-21.76190085139079
 20
-1.444071126274098
 10
-21.75405205637346
 20
-1.467258108532601
 10
-21.7460994501848
 20
-1.49036151023481
 10
-21.73804427859804
 20
-1.51338127121703
 10
-21.72988777755936
 20
-1.536317400366234
 10
-21.72163117168954
 20
-1.559169976802226
 10
-21.71327567276795
 20
-1.581939151069085
 10
-21.7048224781993
 20
-1.604625146336762
 10
-21.69627276946409
 20
-1.627228259613703
 10
-21.68762771055341
 20
-1.649748862971496
 10
-21.67888844638896
 20
-1.672187404782523
 10
-21.67005610122931
 20
-1.694544410971625
 10
-21.66113177706328
 20
-1.716820486282913
 10
-21.6521165519916
 20
-1.73901631556277
 10
-21.64301147859795
 20
-1.761132665060221
 10
-21.63381758231063
 20
-1.783170383745899
 10
-21.62453585975637
 20
-1.805130404650768
 10
-21.61516727710745
 20
-1.827013746225906
 10
-21.60571276842401
 20
-1.848821513724652
 10
-21.59617323399299
 20
-1.87055490060841
 10
-21.58654953866578
 20
-1.892215189977536
 10
-21.57684251019645
 20
-1.913803756028635
 10
-21.56705293758252
 20
-1.935322065539708
 10
-21.55718156941094
 20
-1.956771679384631
 10
-21.54722911221155
 20
-1.978154254078339
 10
-21.53719622882061
 20
-1.999471543354261
 10
-21.52708353675753
 20
-2.020725399775436
 10
-21.51689160661772
 20
-2.041917776380799
 10
-21.50662096048499
 20
-2.063050728368128
 10
-21.49627207036713
 20
-2.084126414815059
 10
-21.48584535665841
 20
-2.10514710043964
 10
-21.47534118663351
 20
-2.126115157401808
 10
-21.46475987297679
 20
-2.147033067147108
 10
-21.45410167235244
 20
-2.167903422293968
 10
-21.44336678402009
 20
-2.188728928565723
 10
-21.43255534850176
 20
-2.209512406768469
 10
-21.4216674463061
 20
-2.230256794815817
 10
-21.41070309671621
 20
-2.250965149801323
 10
-21.39966225664803
 20
-2.271640650119319
 10
-21.38854481958657
 20
-2.292286597634685
 10
-21.37735061460797
 20
-2.31290641990185
 10
-21.36607940549573
 20
-2.333503672433034
 10
-21.35473088996013
 20
-2.354082041015534
 10
-21.34330469897056
 20
-2.374645344077455
 10
-21.33180039621098
 20
-2.395197535101013
 10
-21.32021747766953
 20
-2.415742705081994
 10
-21.30855537137389
 20
-2.43628508503359
 10
-21.2968134372851
 20
-2.456829048532253
 10
-21.28499096736273
 20
-2.477379114302652
 10
-21.27308718581584
 20
-2.497939948838103
 10
-21.26110124955451
 20
-2.518516369052154
 10
-21.24903224885775
 20
-2.539113344956175
 10
-21.23687920827483
 20
-2.5597360023569
 10
-21.22464108777743
 20
-2.58038962556683
 10
-21.21231678418177
 20
-2.601079660119367
 10
-21.19990513286012
 20
-2.621811715479231
 10
-21.18740490976285
 20
-2.64259156773749
 10
-21.17481483377265
 20
-2.66342516227894
 10
-21.1621335694139
 20
-2.684318616408025
 10
-21.14935972994133
 20
-2.705278221917732
 10
-21.13649188083286
 20
-2.726310447583947
 10
-21.12352854371276
 20
-2.747421941565661
 10
-21.11046820073231
 20
-2.768619533689206
 10
-21.09730929943571
 20
-2.789910237592151
 10
-21.08405025814063
 20
-2.811301252699975
 10
-21.07068947186263
 20
-2.832799966005632
 10
-21.0572253188141
 20
-2.854413953619173
 10
-21.0436561675087
 20
-2.87615098205124
 10
-21.02998038450259
 20
-2.898019009190832
 10
-21.01619634280385
 20
-2.920026184933878
 10
-21.00230243098197
 20
-2.942180851415373
 10
-20.98829706300806
 20
-2.964491542793511
 10
-20.97417868885695
 20
-2.986966984530018
 10
-20.95994580590026
 20
-3.009616092106176
 10
-20.94559697111886
 20
-3.032447969109353
 10
-20.93113081416098
 20
-3.055471904619904
 10
-20.91654605126983
 20
-3.078697369823264
 10
-20.90184150010161
 20
-3.102134013766885
 10
-20.8870160954511
 20
-3.125791658176484
 10
-20.87206890589753
 20
-3.149680291240911
 10
-20.85699915137851
 20
-3.173810060269813
 10
-20.84180622169313
 20
-3.198191263123306
 10
-20.82648969592884
 20
-3.222834338308248
 10
-20.81104936279817
 20
-3.247749853631296
 10
-20.79548524186241
 20
-3.272948493295152
 10
-20.77979760560864
 20
-3.298441043321151
 10
-20.76398700233527
 20
-3.324238375178998
 10
-20.74805427978773
 20
-3.350351427502937
 10
-20.73200060947245
 20
-3.376791185773446
 10
-20.71582751156061
 20
-3.403568659844593
 10
-20.69953688027732
 20
-3.430694859199988
 10
-20.68313100965271
 20
-3.458180765824803
 10
-20.66661261949226
 20
-3.486037304588087
 10
-20.64998488140302
 20
-3.51427531103872
 10
-20.63325144469055
 20
-3.542905496530148
 10
-20.6164164619187
 20
-3.571938410603781
 10
-20.59948461390175
 20
-3.601384400578913
 10
-20.58246113387415
 20
-3.631253568318502
 10
-20.56535183056054
 20
-3.661555724165249
 10
-20.54816310984504
 20
-3.692300338071538
 10
-20.53090199471769
 20
-3.723496487979879
 10
-20.51357614315467
 20
-3.755152805547641
 10
-20.49619386357121
 20
-3.787277419351399
 10
-20.47876412747079
 20
-3.819877895751438
 10
-20.4612965789018
 20
-3.852961177646196
 10
-20.44380154032628
 20
-3.886533521399201
 10
-20.42629001450224
 20
-3.920600432276731
 10
-20.40877368198564
 20
-3.955166598792517
 10
-20.39126489386804
 20
-3.990235826415597
 10
-20.37377665938477
 20
-4.025810971157628
 10
-20.35632262805441
 20
-4.06189387361592
 10
-20.33891706604605
 20
-4.098485294106289
 10
-20.32157482651564
 20
-4.135584849574533
 10
-20.30431131370679
 20
-4.173190953025066
 10
-20.28714244067532
 20
-4.211300756248276
 10
-20.27008458057071
 20
-4.249910096662793
 10
-20.25315451148914
 20
-4.289013449113231
 10
-20.23636935500409
 20
-4.328603883476159
 10
-20.21974650857689
 20
-4.368673028925699
 10
-20.20330357215334
 20
-4.409211045693333
 10
-20.18705826935824
 20
-4.450206605123114
 10
-20.17102836380777
 20
-4.491646878772868
 10
-20.15523157116695
 20
-4.533517537242882
 10
-20.13968546768214
 20
-4.575802759326554
 10
-20.12440739601619
 20
-4.618485251972721
 10
-20.10941436930099
 20
-4.661546281427521
 10
-20.09472297439829
 20
-4.704965715787059
 10
-20.08034927542015
 20
-4.74872207904192
 10
-20.06630871860417
 20
-4.792792616534146
 10
-20.05261603966285
 20
-4.837153371579943
 10
-20.03928517472953
 20
-4.881779272839834
 10
-20.02632917600481
 20
-4.92664423184732
 10
-20.0137601331655
 20
-4.971721249940725
 10
-20.00158910153474
 20
-5.01698253368518
 10
-19.98982603792648
 20
-5.062399617727148
 10
-19.97847974497224
 20
-5.107943493895733
 10
-19.96755782461573
 20
-5.153584745257172
 10
-19.95706664132268
 20
-5.199293683744632
 10
-19.94701129540488
 20
-5.245040489926051
 10
-19.93739560669981
 20
-5.290795353441055
 10
-19.9282221086873
 20
-5.33652861263378
 10
-19.91949205296343
 20
-5.382210891932074
 10
-19.91120542383578
 20
-5.427813235574411
 10
-19.90336096265599
 20
-5.473307236361533
 10
-19.8959562013676
 20
-5.518665158208587
 10
-19.88898750462528
 20
-5.5638600513925
 10
-19.88245011973505
 20
-5.608865859524238
 10
-19.876338233578
 20
-5.653657517423638
 10
-19.87064503561246
 20
-5.698211039231182
 10
-19.86536278600282
 20
-5.742503596252308
 10
-19.86048288789634
 20
-5.786513584192224
 10
-19.85599596286274
 20
-5.830220679598467
 10
-19.8518919285229
 20
-5.873605885481328
 10
-19.84816007742191
 20
-5.91665156622657
 10
-19.84478915624553
 20
-5.95934147204673
 10
-19.84176744453572
 20
-6.001660753336186
 10
-19.83908283212844
 20
-6.043595965398738
 10
-19.83672289461186
 20
-6.085135064104104
 10
-19.83467496618462
 20
-6.126267393101247
 10
-19.83292620937823
 20
-6.166983663271551
 10
-19.83146368119332
 20
-6.207275925144016
 10
-19.83027439528506
 20
-6.247137535019349
 10
-19.82934537991586
 20
-6.286563115559873
 10
-19.82866373147239
 20
-6.32554851160022
 10
-19.82821666341859
 20
-6.364090741920281
 10
-19.82799155062451
 20
-6.402187947698914
 10
-19.82797596907287
 20
-6.439839338335553
 10
-19.8281577310001
 20
-6.47704513528955
 10
-19.82852491557695
 20
-6.513806514543824
 10
-19.82906589527438
 20
-6.550125548253157
 10
-19.82976935809437
 20
-6.586005146088582
 10
-19.83062432587301
 20
-6.621448996739068
 10
-19.83162016888383
 20
-6.656461509981434
 10
-19.83274661698497
 20
-6.691047759679608
 10
-19.83399376756384
 20
-6.725213428026138
 10
-19.83535209053803
 20
-6.758964751292372
 10
-19.83681243067283
 20
-6.792308467309914
 10
-19.83836600747291
 20
-6.825251764864715
 10
-19.84000441290088
 20
-6.857802235147266
 10
-19.84171960716705
 20
-6.889967825367263
 10
-19.84350391282519
 20
-6.921756794609617
 10
-19.84535000739738
 20
-6.953177671980161
 10
-19.84725091473854
 20
-6.98423921706434
 10
-19.84919999533775
 20
-7.014950382699837
 10
-19.85119093573943
 20
-7.045320280045086
 10
-19.85321773725345
 20
-7.075358145909002
 10
-19.855274704109
 20
-7.105073312293499
 10
-19.85735643119304
 20
-7.134475178088852
 10
-19.85945779150089
 20
-7.163573182852576
 10
-19.86157392341298
 20
-7.192376782595188
 10
-19.86370021789965
 20
-7.220895427490615
 10
-19.86583230574401
 20
-7.249138541424869
 10
-19.86796604486173
 20
-7.277115503294107
 10
-19.87009750778601
 20
-7.304835629961532
 10
-19.87222296937697
 20
-7.33230816078233
 10
-19.87433889480515
 20
-7.359542243606142
 10
-19.87644192785126
 20
-7.386546922167851
 10
-19.87852887955657
 20
-7.413331124779235
 10
-19.88059671725183
 20
-7.439903654236339
 10
-19.88264255398653
 20
-7.466273178860145
 10
-19.88466363837506
 20
-7.492448224591134
 10
-19.8866573448712
 20
-7.518437168061606
 10
-19.88862116447854
 20
-7.544248230573012
 10
-19.89055269590052
 20
-7.569889472909132
 10
-19.89244963713049
 20
-7.595368790919465
 10
-19.89430977747945
 20
-7.620693911810812
 10
-19.89613099003677
 20
-7.645872391088621
 10
-19.89791122455707
 20
-7.670911610093147
 10
-19.89964850076464
 20
-7.695818774078956
 10
-19.90134090206564
 20
-7.720600910789574
 10
-19.90298656965676
 20
-7.745264869482403
 10
-19.90458369701847
 20
-7.769817320362071
 10
-19.90613052477993
 20
-7.794264754383331
 10
-19.90762533594243
 20
-7.818613483387527
 10
-19.90906645144753
 20
-7.842869640539267
 10
-19.91045222607609
 20
-7.867039181032545
 10
-19.91178104466407
 20
-7.891127883037902
 10
-19.91305131862115
 20
-7.915141348864543
 10
-19.91426148273813
 20
-7.939085006313398
 10
-19.91540999226933
 20
-7.962964110199162
 10
-19.91649532027646
 20
-7.986783744021124
 10
-19.91751595522055
 20
-8.010548821764482
 10
-19.91847039878898
 20
-8.034264089815263
 10
-19.91935716394505
 20
-8.057934128973659
 10
-19.92017477318764
 20
-8.08156335655185
 10
-19.92092175700928
 20
-8.105156028543744
 10
-19.92159665254104
 20
-8.128716241855242
 10
-19.92219800237327
 20
-8.152247936584736
 10
-19.9227243535415
 20
-8.175754898344573
 10
-19.92317425666756
 20
-8.199240760615081
 10
-19.92354626524576
 20
-8.22270900712381
 10
-19.92383893506526
 20
-8.246162974243139
 10
-19.92405082375939
 20
-8.269605853400422
 10
-19.92418049047361
 20
-8.29304069349525
 10
-19.924226495644
 20
-8.316470403319161
 10
-19.92418740087842
 20
-8.339897753973716
 10
-19.92406176893335
 20
-8.363325381283155
 10
-19.92384816377913
 20
-8.386755788198557
 10
-19.92354515074717
 20
-8.410191347190652
 10
-19.92315129675284
 20
-8.433634302628906
 10
-19.92266517058818
 20
-8.457086773144812
 10
-19.92208534327869
 20
-8.480550753977629
 10
-19.92141038849904
 20
-8.504028119301095
 10
-19.92063888304256
 20
-8.527520624529852
 10
-19.91976940733983
 20
-8.551029908604629
 10
-19.91880054602187
 20
-8.574557496255307
 10
-19.91773088852376
 20
-8.59810480024134
 10
-19.91655902972452
 20
-8.621673123568932
 10
-19.91528357061977
 20
-8.645263661684769
 10
-19.91390311902332
 20
-8.668877504646031
 10
-19.91241629029449
 20
-8.692515639266598
 10
-19.91082170808813
 20
-8.716178951239536
 10
-19.90911800512402
 20
-8.739868227235811
 10
-19.90730382397321
 20
-8.763584156979561
 10
-19.90537781785844
 20
-8.787327335300034
 10
-19.90333865146625
 20
-8.811098264160531
 10
-19.90118500176847
 20
-8.834897354664686
 10
-19.89891555885071
 20
-8.858724929040429
 10
-19.89652902674609
 20
-8.882581222602064
 10
-19.894024124272
 20
-8.906466385690855
 10
-19.89139958586809
 20
-8.930380485594602
 10
-19.88865416243405
 20
-8.954323508446663
 10
-19.88578662216507
 20
-8.978295361104862
 10
-19.88279575138402
 20
-9.00229587301084
 10
-19.87968035536838
 20
-9.026324798030238
 10
-19.87643925917105
 20
-9.050381816274301
 10
-19.87307130843348
 20
-9.074466535903296
 10
-19.86957537018999
 20
-9.098578494912311
 10
-19.86595033366229
 20
-9.122717162899814
 10
-19.86219511104305
 20
-9.146881942819527
 10
-19.85830863826745
 20
-9.17107217271603
 10
-19.85428987577209
 20
-9.195287127444522
 10
-19.8501378092401
 20
-9.219526020375194
 10
-19.84585145033164
 20
-9.243788005082656
 10
-19.84142983739941
 20
-9.268072177020748
 10
-19.83687203618791
 20
-9.292377575183213
 10
-19.83217714051622
 20
-9.316703183750533
 10
-19.82734427294346
 20
-9.341047933723325
 10
-19.82237258541636
 20
-9.365410704542627
 10
-19.81726125989849
 20
-9.389790325697372
 10
-19.81200950898053
 20
-9.414185578319424
 10
-19.80661657647116
 20
-9.438595196766382
 10
-19.80108173796802
 20
-9.46301787019246
 10
-19.79540430140853
 20
-9.487452244107766
 10
-19.78958360759994
 20
-9.511896921926064
 10
-19.78361903072841
 20
-9.536350466501403
 10
-19.77750997884665
 20
-9.560811401653724
 10
-19.77125589433997
 20
-9.585278213683658
 10
-19.76485625437027
 20
-9.609749352876679
 10
-19.75831057129773
 20
-9.63422323499682
 10
-19.75161839308014
 20
-9.658698242770004
 10
-19.74477930364929
 20
-9.683172727357211
 10
-19.73779292326451
 20
-9.707645009817525
 10
-19.73065890884305
 20
-9.732113382561216
 10
-19.72337695426698
 20
-9.756576110792869
 10
-19.71594679066668
 20
-9.781031433944709
 10
-19.70836818668062
 20
-9.805477567100144
 10
-19.70064094869124
 20
-9.829912702407563
 10
-19.692764921037
 20
-9.854335010484444
 10
-19.68473998620021
 20
-9.878742641811749
 10
-19.67656606497084
 20
-9.903133728118726
 10
-19.66824311658585
 20
-9.927506383757954
 10
-19.65977113884442
 20
-9.951858707070762
 10
-19.65115016819849
 20
-9.976188781742933
 10
-19.64238027981897
 20
-10.00049467815067
 10
-19.63346158763736
 20
-10.02477445469679
 10
-19.6243942443627
 20
-10.04902615913713
 10
-19.61517844147403
 20
-10.07324782989698
 10
-19.60581440918799
 20
-10.09743749737772
 10
-19.5963024164019
 20
-10.12159318525329
 10
-19.58664277061205
 20
-10.14571291175665
 10
-19.57683581780725
 20
-10.16979469095606
 10
-19.56688194233779
 20
-10.19383653402106
 10
-19.55678156675949
 20
-10.21783645047802
 10
-19.54653515165321
 20
-10.24179244945537
 10
-19.53614319541964
 20
-10.26570254091807
 10
-19.52560623404935
 20
-10.28956473689147
 10
-19.51492484086825
 20
-10.31337705267437
 10
-19.50409962625844
 20
-10.33713750804108
 10
-19.49313123735451
 20
-10.36084412843241
 10
-19.48202035771523
 20
-10.38449494613559
 10
-19.47076770697077
 20
-10.40808800145265
 10
-19.45937404044557
 20
-10.43162134385759
 10
-19.44784014875668
 20
-10.45509303314175
 10
-19.43616685738781
 20
-10.47850114054754
 10
-19.42435502623917
 20
-10.50184374989033
 10
-19.41240554915297
 20
-10.5251189586683
 10
-19.40031935341487
 20
-10.54832487916008
 10
-19.38809739923126
 20
-10.57145963951024
 10
-19.37574067918259
 20
-10.59452138480224
 10
-19.36325021765268
 20
-10.61750827811888
 10
-19.35062707023423
 20
-10.64041850159001
 10
-19.33787232311047
 20
-10.66325025742746
 10
-19.32498709241308
 20
-10.68600176894692
 10
-19.31197252355658
 20
-10.70867128157679
 10
-19.29882979054893
 20
-10.73125706385377
 10
-19.28556009527891
 20
-10.75375740840511
 10
-19.27216466677986
 20
-10.7761706329173
 10
-19.2586447604703
 20
-10.79849508109131
 10
-19.24500165737114
 20
-10.82072912358396
 10
-19.23123666329981
 20
-10.84287115893559
 10
-19.21735110804137
 20
-10.86491961448368
 10
-19.2033463444965
 20
-10.88687294726254
 10
-19.18922374780672
 20
-10.90872964488883
 10
-19.17498471445664
 20
-10.93048822643282
 10
-19.16063066135365
 20
-10.95214724327546
 10
-19.14616302488473
 20
-10.97370527995097
 10
-19.13158325995086
 20
-10.99516095497503
 10
-19.11689283897888
 20
-11.0165129216585
 10
-19.10209325091079
 20
-11.03775986890652
 10
-19.08718600017092
 20
-11.05890052200308
 10
-19.07217260561067
 20
-11.07993364338092
 10
-19.05705459943109
 20
-11.1008580333768
 10
-19.04183352608335
 20
-11.12167253097211
 10
-19.02651094114712
 20
-11.14237601451876
 10
-19.01108841018695
 20
-11.1629674024505
 10
-18.99556750758675
 20
-11.18344565397959
 10
-18.9799498153624
 20
-11.20380976977876
 10
-18.96423692195252
 20
-11.22405879264873
 10
-18.9484304209875
 20
-11.24419180817127
 10
-18.93253191003685
 20
-11.26420794534771
 10
-18.91654298933486
 20
-11.28410637722325
 10
-18.90046526048477
 20
-11.30388632149696
 10
-18.88430032514123
 20
-11.32354704111781
 10
-18.86804978367139
 20
-11.34308784486661
 10
-18.85171523379446
 20
-11.36250808792426
 10
-18.83529826919987
 20
-11.38180717242638
 10
-18.818800478144
 20
-11.40098454800447
 10
-18.80222344202561
 20
-11.42003971231396
 10
-18.78556873393986
 20
-11.43897221154928
 10
-18.76883791721117
 20
-11.45778164094619
 10
-18.75203254390466
 20
-11.47646764527185
 10
-18.73515415331639
 20
-11.49502991930269
 10
-18.7182042704425
 20
-11.5134682082906
 10
-18.70118440442696
 20
-11.53178230841771
 10
-18.68409604698832
 20
-11.54997206724027
 10
-18.66694067082524
 20
-11.56803738412186
 10
-18.64971972800085
 20
-11.58597821065667
 10
-18.63243464830618
 20
-11.60379455108298
 10
-18.61508683760234
 20
-11.62148646268772
 10
-18.59767767614187
 20
-11.63905405620245
 10
-18.58020851686891
 20
-11.65649749619134
 10
-18.5626806836986
 20
-11.67381700143198
 10
-18.54509546977546
 20
-11.69101284528944
 10
-18.52745413571107
 20
-11.70808535608457
 10
-18.50975790780088
 20
-11.72503491745693
 10
-18.49200797622047
 20
-11.74186196872361
 10
-18.47420549320109
 20
-11.75856700523438
 10
-18.45635157118491
 20
-11.77515057872432
 10
-18.43844728095983
 20
-11.7916132976648
 10
-18.42049364977414
 20
-11.80795582761376
 10
-18.4024916594313
 20
-11.82417889156653
 10
-18.38444224436473
 20
-11.84028327030807
 10
-18.36634628969332
 20
-11.85626980276798
 10
-18.34820462925745
 20
-11.87213938637952
 10
-18.33001804363617
 20
-11.8878929774438
 10
-18.31178725814581
 20
-11.90353159150067
 10
-18.29351294082026
 20
-11.91905630370774
 10
-18.27519570037373
 20
-11.93446824922895
 10
-18.25683608414613
 20
-11.94976862363434
 10
-18.23843457603191
 20
-11.96495868331277
 10
-18.21999159439294
 20
-11.98003974589917
 10
-18.20150748995621
 20
-11.99501319071836
 10
-18.18298254369709
 20
-12.00988045924719
 10
-18.16441696470924
 20
-12.02464305559706
 10
-18.14581088806208
 20
-12.03930254701909
 10
-18.12716437264702
 20
-12.0538605644338
 10
-18.10847739901386
 20
-12.06831880298791
 10
-18.08974986719858
 20
-12.08267902264053
 10
-18.07098159454432
 20
-12.09694304878112
 10
-18.05217231351724
 20
-12.11111277288209
 10
-18.03332166951921
 20
-12.12519015318841
 10
-18.01442921869958
 20
-12.1391772154473
 10
-17.99549442576818
 20
-12.15307605368074
 10
-17.97651666181256
 20
-12.16688883100388
 10
-17.95749520212209
 20
-12.18061778049251
 10
-17.93842922402211
 20
-12.19426520610267
 10
-17.91931780472178
 20
-12.20783348364587
 10
-17.90015991917937
 20
-12.22132506182332
 10
-17.88095443798922
 20
-12.23474246332253
 10
-17.86170012529488
 20
-12.2480882859802
 10
-17.84239563673367
 20
-12.26136520401475
 10
-17.8230395174179
 20
-12.27457596933246
 10
-17.80363019995901
 20
-12.28772341291114
 10
-17.78416600254083
 20
-12.30081044626499
 10
-17.76464512704946
 20
-12.3138400629948
 10
-17.74506565726722
 20
-12.32681534042729
 10
-17.72542555713919
 20
-12.33973944134786
 10
-17.7057226691215
 20
-12.35261561583029
 10
-17.68595471262121
 20
-12.3654472031678
 10
-17.66611928253862
 20
-12.37823763390894
 10
-17.64621384792345
 20
-12.39099043200241
 10
-17.6262357507577
 20
-12.40370921705419
 10
-17.6061822048786
 20
-12.41639770670069
 10
-17.58605029505627
 20
-12.42905971910101
 10
-17.56583697624209
 20
-12.44169917555135
 10
-17.54553907300459
 20
-12.45432010322423
 10
-17.52515327917117
 20
-12.46692663803477
 10
-17.50467615769549
 20
-12.4795230276357
 10
-17.48410414077128
 20
-12.49211363454254
 10
-17.46343353021551
 20
-12.50470293938922
 10
-17.44266049814472
 20
-12.51729554431419
 10
-17.42178108797073
 20
-12.52989617647584
 10
-17.40079121574286
 20
-12.54250969169518
 10
-17.37968667186627
 20
-12.55514107822264
 10
-17.35846312322744
 20
-12.56779546062449
 10
-17.33711611576007
 20
-12.58047810378293
 10
-17.31564107748615
 20
-12.59319441700243
 10
-17.2940333220696
 20
-12.60594995821282
 10
-17.27228805292124
 20
-12.61875043825775
 10
-17.25040036789639
 20
-12.63160172525497
 10
-17.22836526462821
 20
-12.64450984901213
 10
-17.20617764654176
 20
-12.65748100547918
 10
-17.18383232959608
 20
-12.67052156121553
 10
-17.16132404980306
 20
-12.68363805784632
 10
-17.13864747157381
 20
-12.69683721647922
 10
-17.11579719694485
 20
-12.71012594204836
 10
-17.09276777573767
 20
-12.72351132754845
 10
-17.06955371670646
 20
-12.73700065811679
 10
-17.04614949972966
 20
-12.75060141491648
 10
-17.02254958910128
 20
-12.76432127876801
 10
-16.99874844797799
 20
-12.77816813347157
 10
-16.9747405540376
 20
-12.79215006875516
 10
-16.95052041640319
 20
-12.80627538277831
 10
-16.92608259388543
 20
-12.82055258411349
 10
-16.90142171459307
 20
-12.83499039312069
 10
-16.87653249695774
 20
-12.84959774262319
 10
-16.85140977221509
 20
-12.86438377778507
 10
-16.82604850837795
 20
-12.87935785508327
 10
-16.80044383573087
 20
-12.89452954025927
 10
-16.77459107386645
 20
-12.90990860512805
 10
-16.74848576027427
 20
-12.92550502311435
 10
-16.72212368048152
 20
-12.94132896337911
 10
-16.69550089973114
 20
-12.95739078339244
 10
-16.66861379616801
 20
-12.97370101980357
 10
-16.64145909548651
 20
-12.9902703774531
 10
-16.61403390697349
 20
-13.00710971636905
 10
-16.58633576085939
 20
-13.02423003658587
 10
-16.55836264686629
 20
-13.04164246062463
 10
-16.53011305381673
 20
-13.05935821347432
 10
-16.50158601013833
 20
-13.07738859991752
 10
-16.47278112507061
 20
-13.0957449790503
 10
-16.44369863034788
 20
-13.11443873585607
 10
-16.41433942209972
 20
-13.13348124970563
 10
-16.38470510267573
 20
-13.15288385967301
 10
-16.35479802206658
 20
-13.17265782657756
 10
-16.32462131855745
 20
-13.19281429168844
 10
-16.29417895821506
 20
-13.213364232058
 10
-16.26347577277556
 20
-13.23431841248577
 10
-16.23251749546748
 20
-13.25568733415558
 10
-16.20131079427492
 20
-13.27748118003343
 10
-16.16986330211975
 20
-13.29970975716471
 10
-16.13818364342018
 20
-13.32238243606461
 10
-16.1062814564679
 20
-13.34550808745527
 10
-16.07416741105698
 20
-13.36909501666693
 10
-16.04185322079759
 20
-13.3931508960866
 10
-16.00935164955641
 20
-13.41768269610667
 10
-15.97667651148453
 20
-13.44269661509503
 10
-15.94384266412365
 20
-13.4681980089772
 10
-15.91086599412452
 20
-13.49419132108751
 10
-15.87776339516497
 20
-13.52068001300926
 10
-15.84455273772356
 20
-13.54766649718046
 10
-15.81125283044419
 20
-13.5751520720907
 10
-15.77788337292
 20
-13.60313686093431
 10
-15.74446489982877
 20
-13.63161975461129
 10
-15.71101871646605
 20
-13.66059835998185
 10
-15.67756682584557
 20
-13.6900689542772
 10
-15.64413184766575
 20
-13.72002644655061
 10
-15.61073692957446
 20
-13.75046434701467
 10
-15.57740565129942
 20
-13.78137474505431
 10
-15.54416192234425
 20
-13.81274829662932
 10
-15.511029874078
 20
-13.84457422168533
 10
-15.47803374716554
 20
-13.87684031207953
 10
-15.44519777539262
 20
-13.90953295039845
 10
-15.41254606703219
 20
-13.94263713990138
 10
-15.38010248497165
 20
-13.97613654566799
 10
-15.34789052687367
 20
-14.01001354686545
 10
-15.31593320667294
 20
-14.0442492998817
 10
-15.28425293871675
 20
-14.07882381190268
 10
-15.25287142583685
 20
-14.11371602434562
 10
-15.22180955259563
 20
-14.148903905402
 10
-15.19108728487881
 20
-14.18436455079751
 10
-15.16072357691465
 20
-14.22007429174488
 10
-15.13073628668552
 20
-14.25600880895265
 10
-15.10114210056543
 20
-14.29214325146278
 10
-15.07195646787076
 20
-14.32845235902201
 10
-15.04319354585331
 20
-14.36491058665092
 10
-15.01486615550031
 20
-14.40149223005809
 10
-14.98698574833844
 20
-14.43817155055731
 10
-14.9595623842726
 20
-14.47492289818094
 10
-14.93260472032921
 20
-14.51172083174086
 10
-14.90612001002192
 20
-14.54854023466876
 10
-14.88011411291709
 20
-14.58535642556616
 10
-14.85459151385123
 20
-14.62214526250827
 10
-14.82955535114401
 20
-14.65888324027265
 10
-14.80500745305993
 20
-14.69554757979772
 10
-14.78094838170085
 20
-14.73211630931647
 10
-14.75737748345938
 20
-14.76856833675169
 10
-14.73429294513107
 20
-14.80488351309898
 10
-14.71169185476841
 20
-14.84104268665838
 10
-14.68957026636302
 20
-14.87702774810383
 10
-14.66792326746018
 20
-14.9128216664975
 10
-14.64674504884261
 20
-14.94840851646401
 10
-14.62602897546343
 20
-14.98377349683431
 10
-14.60576765786237
 20
-15.01890294115102
 10
-14.58595302335979
 20
-15.05378432049573
 10
-14.56657638638974
 20
-15.0884062391534
 10
-14.54762851740315
 20
-15.12275842367086
 10
-14.52909970984414
 20
-15.1568317058956
 10
-14.51097984477395
 20
-15.19061800059832
 10
-14.49325845278792
 20
-15.22411027828893
 10
-14.47592477293853
 20
-15.2573025338333
 10
-14.4589678084426
 20
-15.29018975146576
 10
-14.44237637901062
 20
-15.32276786677401
 10
-14.42613916969201
 20
-15.35503372620812
 10
-14.41024477618047
 20
-15.38698504463598
 10
-14.39468174656843
 20
-15.41862036143388
 10
-14.37943861957949
 20
-15.44993899556551
 10
-14.36450395934143
 20
-15.48094100006467
 10
-14.34986638679207
 20
-15.5116271162989
 10
-14.33551460783363
 20
-15.54199872835242
 10
-14.32143743837094
 20
-15.57205781782895
 10
-14.30762382638413
 20
-15.60180691933804
 10
-14.29406287119704
 20
-15.63124907689298
 10
-14.28074384011105
 20
-15.66038780141447
 10
-14.26765618257769
 20
-15.68922702950306
 10
-14.25478954208601
 20
-15.71777108361344
 10
-14.2421337659398
 20
-15.74602463373684
 10
-14.22967891309712
 20
-15.77399266067284
 10
-14.2174152602409
 20
-15.80168042094967
 10
-14.20533330624348
 20
-15.82909341343191
 10
-14.19342377518166
 20
-15.85623734763667
 10
-14.18167761805139
 20
-15.88311811376362
 10
-14.17008601332334
 20
-15.90974175443076
 10
-14.15864036647239
 20
-15.93611443809584
 10
-14.14733230860519
 20
-15.96224243413368
 10
-14.13615369430192
 20
-15.98813208953083
 10
-14.12509659877914
 20
-16.01378980715273
 10
-14.11415331447281
 20
-16.03922202553265
 10
-14.10331634713195
 20
-16.06443520012726
 10
-14.09257841150571
 20
-16.08943578598082
 10
-14.08193242669894
 20
-16.11423022173749
 10
-14.07137151126423
 20
-16.13882491493963
 10
-14.06088897809157
 20
-16.16322622854956
 10
-14.05047832915029
 20
-16.18744046863188
 10
-14.04013325013209
 20
-16.21147387313387
 10
-14.02984760503833
 20
-16.23533260170261
 10
-14.01961543074969
 20
-16.25902272647818
 10
-14.00943093161133
 20
-16.28255022380448
 10
-13.99928847406268
 20
-16.30592096680029
 10
-13.98918258133667
 20
-16.32914071873577
 10
-13.97910792824986
 20
-16.35221512716124
 10
-13.96905933610127
 20
-16.3751497187376
 10
-13.95903176769514
 20
-16.39794989471967
 10
-13.94902032250004
 20
-16.42062092704664
 10
-13.93902023195406
 20
-16.44316795499531
 10
-13.92902685492404
 20
-16.46559598235485
 10
-13.91903567332477
 20
-16.48790987508375
 10
-13.90904228790225
 20
-16.51011435941177
 10
-13.89904241418383
 20
-16.5322140203522
 10
-13.88903187859653
 20
-16.55421330059149
 10
-13.87900661475391
 20
-16.57611649972573
 10
-13.86896265991062
 20
-16.59792777381506
 10
-13.85889615158317
 20
-16.61965113522921
 10
-13.84880332433449
 20
-16.64129045275913
 10
-13.83868050671934
 20
-16.66284945197129
 10
-13.82852411838726
 20
-16.6843317157829
 10
-13.81833066733888
 20
-16.70574068523801
 10
-13.80809674733156
 20
-16.72707966046549
 10
-13.79781903542981
 20
-16.74835180180178
 10
-13.78749428969552
 20
-16.76956013106211
 10
-13.77711934701342
 20
-16.79070753294556
 10
-13.76669112104643
 20
-16.81179675656004
 10
-13.75620660031593
 20
-16.83283041705459
 10
-13.74566284640182
 20
-16.85381099734735
 10
-13.73505699225713
 20
-16.87474084993855
 10
-13.7243862406322
 20
-16.8956221987985
 10
-13.71364786260308
 20
-16.91645714132159
 10
-13.70283919619945
 20
-16.93724765033797
 10
-13.69195764512694
 20
-16.95799557617553
 10
-13.68100067757896
 20
-16.97870264876469
 10
-13.66996582513354
 20
-16.99937047978023
 10
-13.65885068173025
 20
-17.02000056481402
 10
-13.64765290272308
 20
-17.04059428557329
 10
-13.63637020400452
 20
-17.06115291209993
 10
-13.62500036119699
 20
-17.08167760500612
 10
-13.61354120890727
 20
-17.10216941772256
 10
-13.60199064004011
 20
-17.12262929875544
 10
-13.5903466051672
 20
-17.14305809394912
 10
-13.57860711194776
 20
-17.1634565487514
 10
-13.56677022459731
 20
-17.18382531047884
 10
-13.55483406340125
 20
-17.20416493057956
 10
-13.54279680426983
 20
-17.22447586689155
 10
-13.53065667833154
 20
-17.24475848589444
 10
-13.51841197156191
 20
-17.26501306495299
 10
-13.50606102444484
 20
-17.28523979455079
 10
-13.49360223166363
 20
-17.30543878051277
 10
-13.48103404181922
 20
-17.32561004621529
 10
-13.46835495717312
 20
-17.34575353478271
 10
-13.4555635334125
 20
-17.36586911126951
 10
-13.44265837943538
 20
-17.38595656482705
 10
-13.42963815715354
 20
-17.40601561085429
 10
-13.41650158131123
 20
-17.42604589313176
 10
-13.40324741931763
 20
-17.44604698593824
 10
-13.38987449109118
 20
-17.46601839614974
 10
-13.37638166891403
 20
-17.48595956532017
 10
-13.36276787729488
 20
-17.50586987174351
 10
-13.34903209283871
 20
-17.52574863249709
 10
-13.33517334412157
 20
-17.54559510546575
 10
-13.32119071156939
 20
-17.56540849134672
 10
-13.30708332733904
 20
-17.58518793563485
 10
-13.2928503752007
 20
-17.60493253058837
 10
-13.27849109041984
 20
-17.6246413171747
 10
-13.2640047596382
 20
-17.64431328699654
 10
-13.24939072075209
 20
-17.66394738419802
 10
-13.23464836278744
 20
-17.68354250735083
 10
-13.21977712577025
 20
-17.70309751132045
 10
-13.20477650059168
 20
-17.72261120911232
 10
-13.1896460288669
 20
-17.7420823736981
 10
-13.17438530278676
 20
-17.76150973982177
 10
-13.15899396496154
 20
-17.78089200578598
 10
-13.1434717082561
 20
-17.80022783521826
 10
-13.12781827561562
 20
-17.8195158588174
 10
-13.11203345988135
 20
-17.83875467607994
 10
-13.09611710359569
 20
-17.85794285700673
 10
-13.0800690987961
 20
-17.87707894378973
 10
-13.06388938679724
 20
-17.896161452479
 10
-13.04757795796079
 20
-17.91518887462987
 10
-13.03113485145259
 20
-17.93415967893042
 10
-13.01456015498655
 20
-17.95307231280929
 10
-12.99785400455503
 20
-17.97192520402372
 10
-12.98101658414506
 20
-17.99071676222801
 10
-12.96404812544045
 20
-18.00944538052225
 10
-12.94694890750906
 20
-18.02810943698154
 10
-12.92971925647509
 20
-18.0467072961655
 10
-12.91235954517622
 20
-18.06523731060818
 10
-12.89487019280514
 20
-18.08369782228841
 10
-12.87725166453535
 20
-18.10208716408049
 10
-12.85950447113098
 20
-18.12040366118525
 10
-12.84162916854047
 20
-18.13864563254155
 10
-12.82362635747387
 20
-18.15681139221797
 10
-12.80549668296371
 20
-18.17489925078505
 10
-12.78724083390913
 20
-18.19290751666759
 10
-12.76885954260336
 20
-18.21083449747736
 10
-12.75035358424426
 20
-18.22867850132599
 10
-12.73172377642795
 20
-18.24643783811807
 10
-12.7129709786253
 20
-18.26411082082427
 10
-12.69409609164154
 20
-18.28169576673474
 10
-12.67510005705846
 20
-18.29919099869236
 10
-12.65598385665963
 20
-18.31659484630604
 10
-12.63674851183828
 20
-18.33390564714395
 10
-12.61739508298808
 20
-18.35112174790653
 10
-12.59792466887653
 20
-18.3682415055793
 10
-12.57833840600135
 20
-18.3852632885654
 10
-12.55863746792941
 20
-18.40218547779764
 10
-12.5388230646188
 20
-18.41900646783027
 10
-12.51889644172347
 20
-18.43572466791002
 10
-12.49885887988091
 20
-18.45233850302667
 10
-12.47871169398288
 20
-18.4688464149428
 10
-12.45845623242902
 20
-18.48524686320283
 10
-12.4380938763636
 20
-18.50153832612103
 10
-12.41762603889543
 20
-18.51771930174878
 10
-12.39705416430107
 20
-18.53378830882052
 10
-12.37637972721132
 20
-18.54974388767868
 10
-12.3556042317811
 20
-18.56558460117724
 10
-12.33472921084297
 20
-18.5813090355641
 10
-12.31375622504413
 20
-18.5969158013418
 10
-12.29268686196726
 20
-18.61240353410676
 10
-12.27152273523511
 20
-18.62777089536702
 10
-12.25026548359916
 20
-18.64301657333796
 10
-12.22891677001223
 20
-18.65813928371643
 10
-12.20747828068535
 20
-18.67313777043284
 10
-12.18595172412893
 20
-18.68801080638121
 10
-12.16433883017832
 20
-18.70275719412717
 10
-12.14264134900402
 20
-18.71737576659372
 10
-12.12086105010653
 20
-18.73186538772466
 10
-12.098999721296
 20
-18.74622495312575
 10
-12.07705916765688
 20
-18.76045339068326
 10
-12.05504121049763
 20
-18.77454966116009
 10
-12.03294768628561
 20
-18.7885127587692
 10
-12.01078044556738
 20
-18.80234171172437
 10
-11.98854135187443
 20
-18.81603558276817
 10
-11.96623228061447
 20
-18.82959346967707
 10
-11.94385511794857
 20
-18.84301450574368
 10
-11.92141175965399
 20
-18.85629786023602
 10
-11.89890410997315
 20
-18.86944273883367
 10
-11.87633408044857
 20
-18.88244838404095
 10
-11.85370358874411
 20
-18.89531407557691
 10
-11.83101455745253
 20
-18.90803913074216
 10
-11.80826891288945
 20
-18.92062290476246
 10
-11.7854685838739
 20
-18.93306479110916
 10
-11.76261550049559
 20
-18.94536422179619
 10
-11.73971159286883
 20
-18.95752066765401
 10
-11.71675878987335
 20
-18.96953363857996
 10
-11.69375901788211
 20
-18.98140268376561
 10
-11.67071419947611
 20
-18.99312739190053
 10
-11.64762625214627
 20
-19.00470739135295
 10
-11.62449708698254
 20
-19.01614235032705
 10
-11.6013286073503
 20
-19.02743197699701
 10
-11.57812270755393
 20
-19.03857601961785
 10
-11.55488127148787
 20
-19.04957426661305
 10
-11.53160617127505
 20
-19.06042654663914
 10
-11.5082992658927
 20
-19.07113272862712
 10
-11.48496239978567
 20
-19.08169272180098
 10
-11.46159740146724
 20
-19.09210647567322
 10
-11.43820608210743
 20
-19.10237398001775
 10
-11.41479023410868
 20
-19.11249526481991
 10
-11.39135162966921
 20
-19.122470400204
 10
-11.36789201933363
 20
-19.13229949633845
 10
-11.34441313053114
 20
-19.14198270331861
 10
-11.32091666610098
 20
-19.15152021102751
 10
-11.2974043028053
 20
-19.16091224897465
 10
-11.27387768982924
 20
-19.17015908611308
 10
-11.25033844726817
 20
-19.17926103063508
 10
-11.2267881646021
 20
-19.18821842974636
 10
-11.20322839915699
 20
-19.19703166941948
 10
-11.17966067455298
 20
-19.20570117412642
 10
-11.15608647913937
 20
-19.21422740655077
 10
-11.13250726441614
 20
-19.22261086727977
 10
-11.10892444344196
 20
-19.23085209447665
 10
-11.08533938922853
 20
-19.23895166353358
 10
-11.06175343312089
 20
-19.2469101867056
 10
-11.03816786316374
 20
-19.25472831272605
 10
-11.01458392245341
 20
-19.26240672640387
 10
-10.99100280747527
 20
-19.26994614820337
 10
-10.96742566642645
 20
-19.27734733380681
 10
-10.94385359752351
 20
-19.28461107366061
 10
-10.92028764729478
 20
-19.29173819250554
 10
-10.89672880885731
 20
-19.29872954889167
 10
-10.87317802017783
 20
-19.30558603467877
 10
-10.84963616231769
 20
-19.31230857452279
 10
-10.82610405766134
 20
-19.31889812534926
 10
-10.80258246812815
 20
-19.32535567581442
 10
-10.779072093367
 20
-19.331682245755
 10
-10.75557356893373
 20
-19.33787888562746
 10
-10.73208746445065
 20
-19.34394667593782
 10
-10.70861428174819
 20
-19.349886726663
 10
-10.68515445298802
 20
-19.35570017666496
 10
-10.66170833876751
 20
-19.36138819309861
 10
-10.63827622620516
 20
-19.36695197081495
 10
-10.61485832700665
 20
-19.37239273176068
 10
-10.59145477551108
 20
-19.37771172437565
 10
-10.56806562671738
 20
-19.38291022298987
 10
-10.54469085429027
 20
-19.38798952722141
 10
-10.5213303485458
 20
-19.39295096137713
 10
-10.49798391441594
 20
-19.39779587385777
 10
-10.47465126939227
 20
-19.40252563656971
 10
-10.45133204144841
 20
-19.40714164434506
 10
-10.42802576694115
 20
-19.4116453143723
 10
-10.40473188849018
 20
-19.41603808563995
 10
-10.38144975283638
 20
-19.42032141839549
 10
-10.35817860867869
 20
-19.42449679362209
 10
-10.33491760448976
 20
-19.42856571253597
 10
-10.31166578631052
 20
-19.43252969610705
 10
-10.28842209552397
 20
-19.4363902846063
 10
-10.26518536660866
 20
-19.44014903718244
 10
-10.24195432487238
 20
-19.44380753147184
 10
-10.21872758416669
 20
-19.44736736324506
 10
-10.19550364458316
 20
-19.45083014609364
 10
-10.17228089013251
 20
-19.45419751116141
 10
-10.14905758640742
 20
-19.45747110692425
 10
-10.12583187823101
 20
-19.46065259902306
 10
-10.10260178729215
 20
-19.46374367015425
 10
-10.07936520976981
 20
-19.46674602002297
 10
-10.05611991394871
 20
-19.46966136536416
 10
-10.0328635378285
 20
-19.47249144003693
 10
-10.00959358672986
 20
-19.47523799519786
 10
-9.986307430900293
 20
-19.47790279955949
 10
-9.963002303123813
 20
-19.48048763974016
 10
-9.939675296338357
 20
-19.48299432071176
 10
-9.916323361265842
 20
-19.48542466635267
 10
-9.892943304060068
 20
-19.48778052011273
 10
-9.869531783978372
 20
-19.49006374579811
 10
-9.846085311083584
 20
-19.49227622848391
 10
-9.822600243983552
 20
-19.49441987556271
 10
-9.799072787616372
 20
-19.49649661793775
 10
-9.775498991090213
 20
-19.49850841136935
 10
-9.751874745587622
 20
-19.50045723798432
 10
-9.728195782345212
 20
-19.50234510795725
 10
-9.704457670720668
 20
-19.504174061374
 10
-9.680655816360303
 20
-19.50594617028729
 10
-9.656785459481488
 20
-19.50766354097472
 10
-9.632841673285854
 20
-19.50932831640996
 10
-9.608819362520433
 20
-19.5109426789577
 10
-9.584713262205667
 20
-19.51250885330355
 10
-9.560517936550748
 20
-19.51402910962953
 10
-9.536227778078664
 20
-19.51550576704669
 10
-9.511837006985148
 20
-19.51694119729557
 10
-9.48733967075791
 20
-19.51833782872538
 10
-9.462729644084523
 20
-19.5196981505629
 10
-9.438000629079803
 20
-19.52102471748114
 10
-9.413146155865804
 20
-19.52232015447785
 10
-9.388159583540213
 20
-19.52358716207323
 10
-9.363034101571516
 20
-19.52482852183514
 10
-9.337762731662122
 20
-19.5260471022398
 10
-9.312338330123633
 20
-19.52724586487404
 10
-9.28675359081121
 20
-19.52842787098443
 10
-9.261001048667315
 20
-19.52959628837649
 10
-9.235073083928369
 20
-19.53075439866573
 10
-9.208961927050568
 20
-19.53190560487934
 10
-9.182659664414998
 20
-19.53305343940565
 10
-9.156158244875037
 20
-19.53420157228459
 10
-9.12944948721233
 20
-19.53535381982966
 10
-9.102525088570835
 20
-19.53651415356794
 10
-9.075376633941306
 20
-19.53768670948
 10
-9.047995606771507
 20
-19.53887579751732
 10
-9.020373400779892
 20
-19.54008591136906
 10
-8.992501333052807
 20
-19.54132173844435
 10
-8.964370658506947
 20
-19.54258817002935
 10
-8.935972585800211
 20
-19.54389031157176
 10
-8.907298294774577
 20
-19.54523349303711
 10
-8.878338955514733
 20
-19.54662327927312
 10
-8.849085749104979
 20
-19.54806548030899
 10
-8.819529890165107
 20
-19.54956616150696
 10
-8.789662651242712
 20
-19.55113165347324
 10
-8.759475389134818
 20
-19.5527685616242
 10
-8.72895957320571
 20
-19.55448377529224
 10
-8.698106815760118
 20
-19.55628447624443
 10
-8.666908904521232
 20
-19.5581781464742
 10
-8.635357837251309
 20
-19.56017257511416
 10
-8.603445858538677
 20
-19.5622758643057
 10
-8.571165498758466
 20
-19.56449643384904
 10
-8.538509615195378
 20
-19.56684302444478
 10
-8.505471435294921
 20
-19.56932469932752
 10
-8.472044601984899
 20
-19.57195084408134
 10
-8.438223220981099
 20
-19.57473116441837
 10
-8.404001909960523
 20
-19.57767568169384
 10
-8.369375849451673
 20
-19.58079472592667
 10
-8.334340835254623
 20
-19.58409892609124
 10
-8.298893332164228
 20
-19.58759919744701
 10
-8.263030528727753
 20
-19.59130672567673
 10
-8.226750392723857
 20
-19.5952329476117
 10
-8.19005172700398
 20
-19.59938952833565
 10
-8.152934225290076
 20
-19.60378833447664
 10
-8.115398527474869
 20
-19.60844140351948
 10
-8.077446273923861
 20
-19.61336090900076
 10
-8.039080158232239
 20
-19.61855912148426
 10
-8.000303977846643
 20
-19.62404836525626
 10
-7.961122681922152
 20
-19.62984097072957
 10
-7.921542415750017
 20
-19.63594922259998
 10
-7.881570561063753
 20
-19.64238530386058
 10
-7.841215771510871
 20
-19.64916123584677
 10
-7.800488002566589
 20
-19.65628881455739
 10
-7.75939853516611
 20
-19.66377954357431
 10
-7.717959992343926
 20
-19.6716445639824
 10
-7.676186348194529
 20
-19.67989458177373
 10
-7.63409292850895
 20
-19.68853979330103
 10
-7.591696402496704
 20
-19.69758980942476
 10
-7.549014765073951
 20
-19.70705357907428
 10
-7.506067309285137
 20
-19.71693931301217
 10
-7.462874588527418
 20
-19.7272544086517
 10
-7.419458368363707
 20
-19.73800537682753
 10
-7.375841567839337
 20
-19.74919777145574
 10
-7.332048190358174
 20
-19.76083612304176
 10
-7.288103244323484
 20
-19.77292387699808
 10
-7.244032653903758
 20
-19.78546333772081
 10
-7.199863160442091
 20
-19.79845561933941
 10
-7.155622215184485
 20
-19.81190060400113
 10
-7.111337864154642
 20
-19.8257969084775
 10
-7.067038626146651
 20
-19.84014185978689
 10
-7.022753364937677
 20
-19.85493148041648
 10
-6.97851115693769
 20
-19.87016048359898
 10
-6.9343411555885
 20
-19.88582227895857
 10
-6.890272453896594
 20
-19.90190898868892
 10
-6.846333946532173
 20
-19.91841147426691
 10
-6.802554192947703
 20
-19.93531937354406
 10
-6.758961282962795
 20
-19.95262114789559
 10
-6.715582706228476
 20
-19.97030413895065
 10
-6.672445226922786
 20
-19.98835463427922
 10
-6.629574764943774
 20
-20.00675794127515
 10
-6.586996284756995
 20
-20.02549846835516
 10
-6.544733692925134
 20
-20.04455981249202
 10
-6.502809745202116
 20
-20.06392485201931
 10
-6.46124596391541
 20
-20.0835758435867
 10
-6.420062566193328
 20
-20.10349452210947
 10
-6.379278403422982
 20
-20.12366220254345
 10
-6.338910912152817
 20
-20.14405988232745
 10
-6.298976076486171
 20
-20.1646683433668
 10
-6.259488401852174
 20
-20.18546825248345
 10
-6.220460899890448
 20
-20.20644025932704
 10
-6.181905084050339
 20
-20.22756509082515
 10
-6.143830975384552
 20
-20.24882364134686
 10
-6.10624711791373
 20
-20.27019705785861
 10
-6.069160602853224
 20
-20.29166681946207
 10
-6.032577100926217
 20
-20.31321481081811
 10
-5.996500901939164
 20
-20.33482338907449
 10
-5.960934960764627
 20
-20.356475444028
 10
-5.925880948862707
 20
-20.37815445135862
 10
-5.891339310473807
 20
-20.39984451887529
 10
-5.857309322630912
 20
-20.42153042580624
 10
-5.823789158166997
 20
-20.44319765525177
 10
-5.790775950931153
 20
-20.46483241999206
 10
-5.758265862473071
 20
-20.48642168190755
 10
-5.726254149508372
 20
-20.50795316532353
 10
-5.694735231534833
 20
-20.5294153646346
 10
-5.663702758030128
 20
-20.55079754659886
 10
-5.63314967472401
 20
-20.57208974771601
 10
-5.603068288500401
 20
-20.59328276711961
 10
-5.573450330546358
 20
-20.61436815542137
 10
-5.54428701742476
 20
-20.63533819994622
 10
-5.515569109804429
 20
-20.65618590679118
 10
-5.487286968635197
 20
-20.67690498013049
 10
-5.459430608605351
 20
-20.69748979917361
 10
-5.431989748764689
 20
-20.71793539316431
 10
-5.404953860237942
 20
-20.738237414787
 10
-5.378312210990511
 20
-20.75839211232272
 10
-5.352053907641335
 20
-20.77839630087207
 10
-5.32616793434621
 20
-20.79824733293611
 10
-5.300643188799552
 20
-20.81794306862041
 10
-5.275468515423221
 20
-20.83748184570075
 10
-5.250632735828169
 20
-20.85686244976368
 10
-5.226124676648487
 20
-20.87608408461029
 10
-5.201933194858238
 20
-20.89514634308777
 10
-5.178047200689513
 20
-20.91404917849065
 10
-5.154455678275856
 20
-20.93279287665315
 10
-5.131147704148703
 20
-20.95137802883341
 10
-5.108112463716159
 20
-20.96980550547343
 10
-5.085339265853566
 20
-20.98807643090088
 10
-5.062817555733934
 20
-21.0061921590247
 10
-5.040536926024065
 20
-21.02415425006239
 10
-5.018487126568733
 20
-21.0419644483248
 10
-4.996658072681297
 20
-21.05962466107371
 10
-4.975039852154493
 20
-21.07713693845774
 10
-4.953622731100002
 20
-21.09450345452401
 10
-4.932397158720051
 20
-21.11172648929587
 10
-4.911353771108898
 20
-21.12880841190096
 10
-4.890483394175978
 20
-21.14575166472858
 10
-4.86977704577719
 20
-21.16255874859128
 10
-4.849225937134976
 20
-21.17923220886214
 10
-4.828821473622254
 20
-21.19577462255615
 10
-4.808555254979947
 20
-21.21218858632233
 10
-4.788419075032538
 20
-21.22847670531148
 10
-4.768404920961101
 20
-21.24464158288321
 10
-4.748504972188416
 20
-21.26068581111565
 10
-4.728711598926241
 20
-21.27661196208039
 10
-4.709017360430409
 20
-21.29242257984588
 10
-4.689415003005467
 20
-21.308120173172
 10
-4.669897457796624
 20
-21.32370720885996
 10
-4.650457838403277
 20
-21.33918610572159
 10
-4.631089438345016
 20
-21.3545592291334
 10
-4.611785728407884
 20
-21.36982888614165
 10
-4.592540353895901
 20
-21.38499732108582
 10
-4.573347131810063
 20
-21.40006671170886
 10
-4.55420004797467
 20
-21.41503916572403
 10
-4.535093254128629
 20
-21.42991671780924
 10
-4.516021064997183
 20
-21.44470132700115
 10
-4.496977955357811
 20
-21.45939487446254
 10
-4.477958557112148
 20
-21.47399916159775
 10
-4.458957656374351
 20
-21.48851590849212
 10
-4.439970190584862
 20
-21.50294675265297
 10
-4.420991245657224
 20
-21.51729324803033
 10
-4.402016053164449
 20
-21.53155686429732
 10
-4.383039987570426
 20
-21.54573898637087
 10
-4.364058563510873
 20
-21.55984091415484
 10
-4.345067433127522
 20
-21.57386386248843
 10
-4.326062383458437
 20
-21.58780896128397
 10
-4.307039333886732
 20
-21.60167725583903
 10
-4.287994333649337
 20
-21.61546970730884
 10
-4.268923559406957
 20
-21.62918719332584
 10
-4.249823312875804
 20
-21.64283050875397
 10
-4.230690018521451
 20
-21.65640036656621
 10
-4.211520221314585
 20
-21.66989739883456
 10
-4.192310584548308
 20
-21.68332215782251
 10
-4.173057887716244
 20
-21.69667511717043
 10
-4.153759024450509
 20
-21.70995667316539
 10
-4.134411000518427
 20
-21.72316714608692
 10
-4.115010931876698
 20
-21.73630678162159
 10
-4.095556042781506
 20
-21.74937575233891
 10
-4.076043663953105
 20
-21.7623741592223
 10
-4.05647123079311
 20
-21.77530203324894
 10
-4.03683628165286
 20
-21.78815933701285
 10
-4.017136456150998
 20
-21.80094596638602
 10
-3.997369493538436
 20
-21.81366175221258
 10
-3.977533231108875
 20
-21.82630646203179
 10
-3.957625602652981
 20
-21.83887980182532
 10
-3.937644636954302
 20
-21.85138141778527
 10
-3.9175884563251
 20
-21.86381089809922
 10
-3.897455275180171
 20
-21.8761677747489
 10
-3.877243398646846
 20
-21.88845152531973
 10
-3.85695122120928
 20
-21.90066157481811
 10
-3.836577225385295
 20
-21.91279729749391
 10
-3.816119980433967
 20
-21.92485801866589
 10
-3.795578141092242
 20
-21.93684301654779
 10
-3.774950446338876
 20
-21.94875152407279
 10
-3.754235718184069
 20
-21.96058273071484
 10
-3.733432860483187
 20
-21.97233578430481
 10
-3.712540857772996
 20
-21.98400979284005
 10
-3.691558774128929
 20
-21.99560382628571
 10
-3.670485752041897
 20
-22.0071169183665
 10
-3.649321011313245
 20
-22.01854806834782
 10
-3.628063847966513
 20
-22.02989624280483
 10
-3.606713633174625
 20
-22.04116037737848
 10
-3.585269812201331
 20
-22.05233937851766
 10
-3.563731903355595
 20
-22.06343212520637
 10
-3.54209949695784
 20
-22.07443747067521
 10
-3.520372254316886
 20
-22.08535424409627
 10
-3.498549906716502
 20
-22.09618125226102
 10
-3.476632254410602
 20
-22.10691728124009
 10
-3.454619165626048
 20
-22.11756109802482
 10
-3.432510575572136
 20
-22.12811145214975
 10
-3.41030648545591
 20
-22.13856707729545
 10
-3.3880069615024
 20
-22.14892669287158
 10
-3.365612133979026
 20
-22.15918900557945
 10
-3.343122196223376
 20
-22.16935271095378
 10
-3.320537403673616
 20
-22.17941649488321
 10
-3.297858072900885
 20
-22.18937903510944
 10
-3.275084580642989
 20
-22.19923900270442
 10
-3.252217362838779
 20
-22.20899506352543
 10
-3.229256913662658
 20
-22.21864587964787
 10
-3.206203784558646
 20
-22.22819011077524
 10
-3.183058583273481
 20
-22.23762641562636
 10
-3.159821972888325
 20
-22.24695345329952
 10
-3.136494670848541
 20
-22.25616988461323
 10
-3.113077447991206
 20
-22.26527437342353
 10
-3.089571127569905
 20
-22.27426558791771
 10
-3.065976584276462
 20
-22.2831422018841
 10
-3.042294743259273
 20
-22.29190289595795
 10
-3.018526579137936
 20
-22.30054635884315
 10
-2.994673115013847
 20
-22.30907128850975
 10
-2.970735421476571
 20
-22.31747639336698
 10
-2.946714615605671
 20
-22.32576039341189
 10
-2.922611859967814
 20
-22.33392202135321
 10
-2.898428361608984
 20
-22.34196002371063
 10
-2.874165371041555
 20
-22.34987316188911
 10
-2.849824181226124
 20
-22.35766021322834
 10
-2.825406126547952
 20
-22.36531997202703
 10
-2.800912581787878
 20
-22.37285125054224
 10
-2.776344961087632
 20
-22.38025287996334
 10
-2.751704716909407
 20
-22.38752371136074
 10
-2.726993338989704
 20
-22.39466261660924
 10
-2.702212353287316
 20
-22.40166848928585
 10
-2.677363320925448
 20
-22.40854024554218
 10
-2.652447837127957
 20
-22.41527682495105
 10
-2.627467530149674
 20
-22.42187719132761
 10
-2.602424060200822
 20
-22.42834033352456
 10
-2.577319118365548
 20
-22.43466526620161
 10
-2.552154425514572
 20
-22.44085103056905
 10
-2.526931731212028
 20
-22.44689669510542
 10
-2.501652812616493
 20
-22.45280135624902
 10
-2.476319473376302
 20
-22.45856413906361
 10
-2.450933542519189
 20
-22.46418419787771
 10
-2.42549687333634
 20
-22.46966071689793
 10
-2.400011342260945
 20
-22.474992910796
 10
-2.37447884774131
 20
-22.4801800252695
 10
-2.348901309108688
 20
-22.4852213375763
 10
-2.323280665439848
 20
-22.49011615704261
 10
-2.29761887441457
 20
-22.49486382554457
 10
-2.271917911168155
 20
-22.49946371796347
 10
-2.246179767139054
 20
-22.50391524261433
 10
-2.22040644891177
 20
-22.50821784164809
 10
-2.194599977055161
 20
-22.51237099142699
 10
-2.168762384956264
 20
-22.51637420287365
 10
-2.142895717649817
 20
-22.52022702179312
 10
-2.117002030643514
 20
-22.52392902916853
 10
-2.091083388739382
 20
-22.5274798414299
 10
-2.065141864851114
 20
-22.53087911069616
 10
-2.039179538817736
 20
-22.53412652499046
 10
-2.013198496213677
 20
-22.5372218084287
 10
-1.987200827155415
 20
-22.54016472138115
 10
-1.961188625104832
 20
-22.54295506060729
 10
-1.935163985669446
 20
-22.54559265936375
 10
-1.909129005399694
 20
-22.54807738748541
 10
-1.88308578058338
 20
-22.5504091514396
 10
-1.857036406037465
 20
-22.55258789435334
 10
-1.830982973897351
 20
-22.55461359601375
 10
-1.804927572403814
 20
-22.55648627284152
 10
-1.778872284687702
 20
-22.55820597783742
 10
-1.752819187552591
 20
-22.55977280050197
 10
-1.726770350255494
 20
-22.56118686672808
 10
-1.700727833285809
 20
-22.5624483386669
 10
-1.674693687142584
 20
-22.56355741456666
 10
-1.648669951110288
 20
-22.56451432858474
 10
-1.622658652033169
 20
-22.56531935057268
 10
-1.596661803088349
 20
-22.56597278583453
 10
-1.570681402557746
 20
-22.5664749748582
 10
-1.54471943259895
 20
-22.56682629302008
 10
-1.51877785801515
 20
-22.56702715026284
 10
-1.492858625024198
 20
-22.5670779907465
 10
-1.466963660026909
 20
-22.56697929247265
 10
-1.441094868374669
 20
-22.5667315668822
 10
-1.415254133136418
 20
-22.56633535842629
 10
-1.389443313865083
 20
-22.56579124411072
 10
-1.363664245363503
 20
-22.56509983301373
 10
-1.337918736449876
 20
-22.56426176577742
 10
-1.312208568722785
 20
-22.56327771407256
 10
-1.28653549532581
 20
-22.56214838003729
 10
-1.260901239711714
 20
-22.56087449568922
 10
-1.235307494406236
 20
-22.55945682231152
 10
-1.209755919771454
 20
-22.55789614981284
 10
-1.184248142768675
 20
-22.55619329606109
 10
-1.158785755720832
 20
-22.55434910619134
 10
-1.133370315074313
 20
-22.55236445188787
 10
-1.10800334016015
 20
-22.55024023064041
 10
-1.082686311954478
 20
-22.5479773649748
 10
-1.057420671838165
 20
-22.54557680165812
 10
-1.03220782035546
 20
-22.54303951087845
 10
-1.007049115971561
 20
-22.54036648539939
 10
-0.9819458738289007
 20
-22.53755873968952
 10
-0.9568993645019927
 20
-22.53461730902693
 10
-0.9319108127506371
 20
-22.53154324857893
 10
-0.906981396271249
 20
-22.52833763245743
 10
-0.8821122444461002
 20
-22.52500155274959
 10
-0.8573044370901564
 20
-22.5215361185247
 10
-0.8325590031952899
 20
-22.51794245481695
 10
-0.8078769196715047
 20
-22.51422170158448
 10
-0.7832591100848677
 20
-22.51037501264514
 10
-0.7587064433917786
 20
-22.50640355458904
 10
-0.7342197326691919
 20
-22.50230850566832
 10
-0.7097997338403893
 20
-22.49809105466429
 10
-0.6854471443958531
 20
-22.49375239973257
 10
-0.6611626021088016
 20
-22.48929374722625
 10
-0.6369466837448396
 20
-22.48471631049779
 10
-0.612799903765274
 20
-22.4800213086798
 10
-0.5887227130234886
 20
-22.4752099654454
 10
-0.5647154974538204
 20
-22.47028350774849
 10
-0.5407785767523216
 20
-22.46524316454445
 10
-0.5169122030487615
 20
-22.46009016549197
 10
-0.4931165595692183
 20
-22.45482573963648
 10
-0.4693917592884979
 20
-22.44945111407582
 10
-0.4457378435717204
 20
-22.44396751260901
 10
-0.4221547808042472
 20
-22.43837615436863
 10
-0.398642465009171
 20
-22.4326782524378
 10
-0.3752007144515343
 20
-22.42687501245253
 10
-0.3518292702284073
 20
-22.42096763119047
 10
-0.328527794843937
 20
-22.41495729514679
 10
-0.3052958707684258
 20
-22.40884517909867
 10
-0.2821329989805229
 20
-22.40263244465918
 10
-0.2590385974914654
 20
-22.39632023882196
 10
-0.2360119998504487
 20
-22.38990969249806
 10
-0.2130524536300203
 20
-22.38340191904622
 10
-0.1901591188904597
 20
-22.37679801279827
 10
-0.1673310666220509
 20
-22.37009904758123
 10
-0.144567277164138
 20
-22.36330607523784
 10
-0.1218666385998703
 20
-22.35642012414756
 10
-0.0992279451254276
 20
-22.34944219774993
 10
-0.0766498953926745
 20
-22.3423732730726
 10
-0.054131090824027
 20
-22.33521429926623
 10
-0.0316700338984031
 20
-22.32796619614907
 10
-0.009265126407114
 20
-22.32062985276362
 10
0.0130853323214295
 20
-22.31320612594851
 10
0.0353831472293113
 20
-22.30569583892862
 10
0.0576302293700856
 20
-22.29809977992684
 10
0.0798285977841359
 20
-22.29041870080102
 10
0.1019803814094874
 20
-22.28265331571011
 10
0.1240878210288976
 20
-22.27480429981333
 10
0.1461532712541365
 20
-22.26687228800722
 10
0.1681792025482018
 20
-22.25885787370485
 10
0.1901682032861041
 20
-22.25076160766261
 10
0.2121229818547502
 20
-22.24258399685995
 10
0.2340463687922735
 20
-22.23432550343767
 10
0.2559413189670741
 20
-22.22598654370124
 10
0.2778109137964761
 20
-22.21756748719562
 10
0.2996583635048516
 20
-22.20906865585871
 10
0.3214870094206964
 20
-22.20049032326094
 10
0.3433003263118985
 20
-22.19183271393917
 10
0.3651019247580877
 20
-22.18309600283333
 10
0.3868955535586082
 20
-22.17428031483509
 10
0.4086851021742217
 20
-22.16538572445816
 10
0.4304746032001697
 20
-22.1564122556407
 10
0.4522682348678057
 20
-22.14735988169069
 10
0.4740703235712362
 20
-22.13822852538597
 10
0.4958853464149846
 20
-22.12901805924144
 10
0.5177179337778277
 20
-22.11972830595624
 10
0.5395728718872498
 20
-22.11035903905501
 10
0.5614551053980543
 20
-22.10090998373778
 10
0.5833697399677073
 20
-22.0913808179538
 10
0.6053220448200306
 20
-22.08177117371583
 10
0.6273174552875302
 20
-22.07208063867176
 10
0.6493615753215693
 20
-22.06230875795167
 10
0.6714601799580963
 20
-22.05245503630908
 10
0.6936192177251687
 20
-22.04251894057617
 10
0.7158448129768741
 20
-22.03249990245356
 10
0.7381432681364499
 20
-22.02239732165591
 10
0.7605210658294896
 20
-22.01221056943589
 10
0.7829848708859756
 20
-22.00193899250925
 10
0.8055415321877338
 20
-21.99158191740518
 10
0.8281980843352869
 20
-21.98113865526606
 10
0.8509617491056314
 20
-21.9706085071221
 10
0.873839936669565
 20
-21.95999076966627
 10
0.8968402465341943
 20
-21.94928474155567
 10
0.9199704681731548
 20
-21.93848973026556
 10
0.9432385813033663
 20
-21.92760505952259
 10
0.9666527557640785
 20
-21.91663007734329
 10
0.9902213509495975
 20
-21.90556416470389
 10
1.013952914743525
 20
-21.89440674486669
 10
1.037856181897901
 20
-21.88315729338738
 10
1.061940071796485
 20
-21.87181534882637
 10
1.086213685536838
 20
-21.86038052418545
 10
1.110686302261302
 20
-21.84885251908907
 10
1.135367374662261
 20
-21.83723113272683
 10
1.160266523582347
 20
-21.82551627757032
 10
1.185393531625515
 20
-21.81370799387408
 10
1.210758335690211
 20
-21.80180646496538
 10
1.236371018331293
 20
-21.7898120333224
 10
1.262241797853083
 20
-21.77772521743456
 10
1.288381017031782
 20
-21.76554672943116
 10
1.31479913036195
 20
-21.75327749345704
 10
1.341506689718586
 20
-21.74091866476466
 10
1.368514328323971
 20
-21.72847164948208
 10
1.395832742906822
 20
-21.71593812500516
 10
1.423472673940735
 20
-21.70332006095009
 10
1.451444883849521
 20
-21.69061974058851
 10
1.479760133069031
 20
-21.67783978267332
 10
1.508429153858729
 20
-21.66498316354709
 10
1.537462621761761
 20
-21.65205323940831
 10
1.566871124619871
 20
-21.63905376859235
 10
1.596665129059509
 20
-21.62598893370555
 10
1.626854944378005
 20
-21.6128633634308
 10
1.657450683774233
 20
-21.59968215380265
 10
1.688462222886719
 20
-21.58645088872925
 10
1.719899155624106
 20
-21.57317565951796
 10
1.751770747298436
 20
-21.55986308314016
 10
1.784085885100926
 20
-21.54652031895187
 10
1.816853025993028
 20
-21.53315508356708
 10
1.850080142122579
 20
-21.51977566356444
 10
1.883774663915763
 20
-21.50639092569236
 10
1.917943421040219
 20
-21.49301032422661
 10
1.95259258148301
 20
-21.47964390512485
 10
1.98772758903849
 20
-21.46630230661985
 10
2.023353099555394
 20
-21.45299675589315
 10
2.059472916348761
 20
-21.4397390614783
 10
2.096089925239924
 20
-21.42654160105593
 10
2.133206029745918
 20
-21.41341730432352
 10
2.170822086996649
 20
-21.40037963065143
 10
2.208937845013805
 20
-21.38744254127299
 10
2.247551882036844
 20
-21.37462046580251
 10
2.28666154862841
 20
-21.36192826292925
 10
2.326262913331412
 20
-21.34938117519863
 10
2.366350712681631
 20
-21.33699477786407
 10
2.406918306401126
 20
-21.32478492187291
 10
2.447957638607086
 20
-21.31276767113691
 10
2.48945920586684
 20
-21.30095923433166
 10
2.531412032910261
 20
-21.28937589156694
 10
2.573803656775859
 20
-21.27803391637109
 10
2.616620120113864
 20
-21.26694949353416
 10
2.65984597429952
 20
-21.25613863345455
 10
2.703464292921619
 20
-21.24561708373013
 10
2.74745669610579
 20
-21.23540023882356
 10
2.791803386010235
 20
-21.22550304871156
 10
2.836483193694423
 20
-21.21593992749517
 10
2.881473637412129
 20
-21.20672466300049
 10
2.926750992219936
 20
-21.19787032843509
 10
2.972290370625798
 20
-21.18938919718161
 10
3.018065813832007
 20
-21.18129266180563
 10
3.064050392957206
 20
-21.17359115832954
 10
3.110216319457053
 20
-21.16629409677589
 10
3.156535063806846
 20
-21.15940979891458
 10
3.202977481366198
 20
-21.15294544405795
 10
3.249513944219022
 20
-21.14690702363881
 10
3.296114477676423
 20
-21.14129930518031
 10
3.342748900046611
 20
-21.13612580612686
 10
3.38938696421904
 20
-21.13138877785489
 10
3.435998499579821
 20
-21.12708920002467
 10
3.48255355277346
 20
-21.12322678527464
 10
3.529022525852149
 20
-21.11979999410021
 10
3.575376310406633
 20
-21.11680605960492
 10
3.621586416351955
 20
-21.11424102166659
 10
3.667625094142606
 20
-21.11209976992779
 10
3.713465449313903
 20
-21.11037609490191
 10
3.759081548384908
 20
-21.10906274638548
 10
3.804448515309681
 20
-21.10815149828622
 10
3.849542617823896
 20
-21.10763321891518
 10
3.894341343198807
 20
-21.10749794575147
 10
3.938823463080321
 20
-21.10773496366891
 10
3.982969087253212
 20
-21.10833288561451
 10
4.026759706327211
 20
-21.10927973474808
 10
4.070178223487586
 20
-21.11056302708899
 10
4.113208975587788
 20
-21.11216985376724
 10
4.155837743981879
 20
-21.11408696204005
 10
4.198051755599378
 20
-21.1163008343097
 10
4.239839674853568
 20
-21.11879776445981
 10
4.281191587045562
 20
-21.12156393091479
 10
4.322098973981461
 20
-21.12458546591676
 10
4.362554682557958
 20
-21.12784852060515
 10
4.402552887094752
 20
-21.13133932557324
 10
4.442089046200619
 20
-21.13504424666208
 10
4.481159854955578
 20
-21.13894983583413
 10
4.519763193175494
 20
-21.14304287704463
 10
4.557898070499761
 20
-21.14731042709866
 10
4.595564569008545
 20
-21.15173985154376
 10
4.632763784035141
 20
-21.15631885570294
 10
4.669497763793494
 20
-21.16103551100029
 10
4.70576944839106
 20
-21.1658782767706
 10
4.741582608745534
 20
-21.17083601777686
 10
4.77694178587109
 20
-21.1758980176847
 10
4.811852230946675
 20
-21.18105398876118
 10
4.846319846526925
 20
-21.18629407807841
 10
4.880351129205601
 20
-21.19160887050925
 10
4.913953113993382
 20
-21.196989388805
 10
4.947133320626075
 20
-21.20242709104308
 10
4.979899701976818
 20
-21.20791386572731
 10
5.012260594706691
 20
-21.213442024815
 10
5.044224672252186
 20
-21.21900429493452
 10
5.075800900215734
 20
-21.22459380704383
 10
5.106998494196516
 20
-21.23020408476674
 10
5.137826880073344
 20
-21.23582903162849
 10
5.168295656728997
 20
-21.24146291739604
 10
5.198414561186331
 20
-21.24710036371282
 10
5.228193436110132
 20
-21.25273632920146
 10
5.257642199615031
 20
-21.25836609419172
 10
5.286770817308733
 20
-21.26398524521582
 10
5.315589276490885
 20
-21.26958965939804
 10
5.344107562421013
 20
-21.27517548885125
 10
5.372335636563912
 20
-21.2807391451794
 10
5.400283416717416
 20
-21.2862772841723
 10
5.42796075892536
 20
-21.29178679076724
 10
5.455377441077718
 20
-21.29726476434067
 10
5.482543148100019
 20
-21.30270850438342
 10
5.509467458635236
 20
-21.30811549660336
 10
5.536159833123176
 20
-21.31348339949123
 10
5.562629603184444
 20
-21.31881003137744
 10
5.588885962219498
 20
-21.32409335800147
 10
5.614937957135949
 20
-21.32933148060838
 10
5.640794481121151
 20
-21.33452262458282
 10
5.666464267380662
 20
-21.33966512862504
 10
5.691955883767125
 20
-21.34475743447008
 10
5.717277728227969
 20
-21.34979807714724
 10
5.742438025004326
 20
-21.3547856757742
 10
5.767444821517468
 20
-21.35971892487724
 10
5.792305985883
 20
-21.36459658622704
 10
5.817029204996752
 20
-21.36941748117763
 10
5.841621983140147
 20
-21.37418048349455
 10
5.866091641056221
 20
-21.37888451265721
 10
5.890445315451084
 20
-21.38352852761927
 10
5.914689958878737
 20
-21.38811152101055
 10
5.938832339970407
 20
-21.3926325137633
 10
5.962879043972487
 20
-21.39709055014517
 10
5.986836473559965
 20
-21.40148469318156
 10
6.010710849894951
 20
-21.40581402044957
 10
6.03450821390232
 20
-21.41007762022625
 10
6.058234427736867
 20
-21.41427458797371
 10
6.081895176418637
 20
-21.4184040231443
 10
6.105495969614973
 20
-21.42246502628914
 10
6.129042143549922
 20
-21.42645669645379
 10
6.152538863023242
 20
-21.43037812884548
 10
6.175991123523007
 20
-21.43422841275649
 10
6.199403753417303
 20
-21.43800662972905
 10
6.22278141621189
 20
-21.44171185194754
 10
6.246128612861991
 20
-21.44534314084431
 10
6.269449684127657
 20
-21.44889954590621
 10
6.292748812963125
 20
-21.45238010366901
 10
6.316030026931697
 20
-21.45578383688796
 10
6.339297200638553
 20
-21.45910975387295
 10
6.362554058174744
 20
-21.46235684797744
 10
6.385804175566425
 20
-21.4655240972306
 10
6.409050983224073
 20
-21.46861046410309
 10
6.432297768387043
 20
-21.47161489539685
 10
6.45554767755946
 20
-21.4745363222501
 10
6.478803718933974
 20
-21.47737366024925
 10
6.50206876480029
 20
-21.48012580963954
 10
6.525345553935972
 20
-21.48279165562702
 10
6.548636693977271
 20
-21.48537006876469
 10
6.571944663768171
 20
-21.4878599054161
 10
6.59527181568616
 20
-21.49026000828996
 10
6.61862037794342
 20
-21.49256920703997
 10
6.641992456862568
 20
-21.49478631892387
 10
6.665390039126102
 20
-21.49691014951691
 10
6.688814993999092
 20
-21.49893949347411
 10
6.712269075524687
 20
-21.50087313533716
 10
6.735753924692281
 20
-21.50270985038108
 10
6.759271071578281
 20
-21.50444840549675
 10
6.782821937459512
 20
-21.50608756010525
 10
6.806407836899405
 20
-21.50762606710037
 10
6.830029979807333
 20
-21.50906267381576
 10
6.853689473471328
 20
-21.51039612301363
 10
6.877387324564651
 20
-21.51162515389164
 10
6.901124441126672
 20
-21.5127485031055
 10
6.924901634518596
 20
-21.51376490580425
 10
6.948719621354568
 20
-21.51467309667587
 10
6.972579025408776
 20
-21.51547181100078
 10
6.996480379499161
 20
-21.51615978571113
 10
7.020424127348362
 20
-21.51673576045353
 10
7.04441062542259
 20
-21.51719847865365
 10
7.068440144749034
 20
-21.51754668858043
 10
7.092512872712517
 20
-21.51777914440852
 10
7.116628914832038
 20
-21.51789460727723
 10
7.140788296517881
 20
-21.51789184634436
 10
7.164990964809963
 20
-21.51776963983367
 10
7.189236790098017
 20
-21.51752677607463
 10
7.213525567824337
 20
-21.51716205453308
 10
7.237857020169624
 20
-21.51667428683178
 10
7.262230797722624
 20
-21.51606229775975
 10
7.286646481134102
 20
-21.51532492626925
 10
7.311103582755761
 20
-21.51446102645966
 10
7.335601548264657
 20
-21.51346946854708
 10
7.360139758273663
 20
-21.51234913981908
 10
7.384717529928513
 20
-21.51109894557372
 10
7.409334118491897
 20
-21.50971781004202
 10
7.433988718915137
 20
-21.50820467729327
 10
7.458680467397888
 20
-21.50655851212259
 10
7.483408442936286
 20
-21.50477830092002
 10
7.508171668859996
 20
-21.50286305252067
 10
7.532969114358544
 20
-21.50081179903529
 10
7.557799695997324
 20
-21.49862359666093
 10
7.582662279223617
 20
-21.49629752647113
 10
7.607555679862972
 20
-21.4938326951851
 10
7.632478665606289
 20
-21.49122823591581
 10
7.657429957487844
 20
-21.48848330889618
 10
7.682408231354593
 20
-21.48559710218343
 10
7.707412119326983
 20
-21.48256883234099
 10
7.732440211251487
 20
-21.47939774509775
 10
7.757491056145147
 20
-21.47608311598445
 10
7.782563163632253
 20
-21.47262425094669
 10
7.807655005373391
 20
-21.46902048693472
 10
7.832765016486995
 20
-21.46527119246933
 10
7.857891596963579
 20
-21.46137576818401
 10
7.883033113072762
 20
-21.45733364734287
 10
7.908187898763203
 20
-21.45314429633443
 10
7.933354257055556
 20
-21.44880721514083
 10
7.958530461428527
 20
-21.44432193778254
 10
7.983714757198108
 20
-21.43968803273825
 10
8.008905362890015
 20
-21.43490510333995
 10
8.034100471605437
 20
-21.42997278814299
 10
8.059298252380063
 20
-21.42489076127093
 10
8.084496851536435
 20
-21.41965873273545
 10
8.109694394029641
 20
-21.4142764487306
 10
8.134888984786309
 20
-21.40874369190202
 10
8.160078710036932
 20
-21.40306028159041
 10
8.18526163864146
 20
-21.39722607404977
 10
8.210435823408129
 20
-21.39124096263979
 10
8.235599302405502
 20
-21.38510487799285
 10
8.260750100267639
 20
-21.37881778815518
 10
8.285886229492346
 20
-21.37237969870245
 10
8.311005691732425
 20
-21.36579065282955
 10
8.336106479079861
 20
-21.35905073141466
 10
8.36118657534282
 20
-21.35216005305755
 10
8.386243957315429
 20
-21.34511877409201
 10
8.411276596040147
 20
-21.33792708857271
 10
8.436282458062718
 20
-21.33058522823603
 10
8.4612595066795
 20
-21.32309346243523
 10
8.486205703177155
 20
-21.31545209804985
 10
8.511119008064474
 20
-21.30766147936934
 10
8.535997382296272
 20
-21.2997219879509
 10
8.560838788489244
 20
-21.29163404245165
 10
8.585641192129552
 20
-21.2833980984351
 10
8.61040256277211
 20
-21.27501464815193
 10
8.635120875231445
 20
-21.26648422029511
 10
8.659794110763774
 20
-21.25780737972952
 10
8.684420258240466
 20
-21.24898472719591
 10
8.708997315312547
 20
-21.24001689898937
 10
8.733523289566123
 20
-21.23090456661236
 10
8.757996199668633
 20
-21.22164843640227
 10
8.782414076505739
 20
-21.21224924913363
 10
8.806774964308722
 20
-21.20270777959501
 10
8.831076921772242
 20
-21.19302483614063
 10
8.855318023162311
 20
-21.18320126021675
 10
8.87949635941435
 20
-21.17323792586292
 10
8.903610039221126
 20
-21.1631357391882
 10
8.92765719011057
 20
-21.15289563782225
 10
8.951635959513154
 20
-21.14251859034147
 10
8.975544515818853
 20
-21.13200559567035
 10
8.999381049423464
 20
-21.12135768245785
 10
9.023143773764187
 20
-21.11057590842913
 10
9.046830926344391
 20
-21.09966135971244
 10
9.070440769747305
 20
-21.08861515014157
 10
9.093971592638732
 20
-21.07743842053353
 10
9.117421710758476
 20
-21.06613233794199
 10
9.140789467900495
 20
-21.05469809488603
 10
9.164073236881694
 20
-21.0431369085548
 10
9.187271420499156
 20
-21.03145001998769
 10
9.210382452475869
 20
-21.01963869323047
 10
9.233404798394797
 20
-21.00770421446719
 10
9.25633695662122
 20
-20.99564789112804
 10
9.279177459213343
 20
-20.9834710509733
 10
9.301924872821061
 20
-20.97117504115323
 10
9.3245777995729
 20
-20.95876122724422
 10
9.347134877951074
 20
-20.94623099226115
 10
9.369594783654644
 20
-20.93358573564596
 10
9.391956230450759
 20
-20.92082687223273
 10
9.414217971014052
 20
-20.90795583118895
 10
9.436378797754091
 20
-20.89497405493355
 10
9.458437543631061
 20
-20.88188299803131
 10
9.480393082959583
 20
-20.86868412606389
 10
9.502244332200833
 20
-20.85537891447763
 10
9.523990250742992
 20
-20.84196884740808
 10
9.545629841670113
 20
-20.82845541648131
 10
9.567162152519534
 20
-20.81484011959203
 10
9.588586276027937
 20
-20.8011244596588
 10
9.609901350866232
 20
-20.78730994335613
 10
9.631106562363394
 20
-20.77339807982359
 10
9.652201143219413
 20
-20.7593903793521
 10
9.67318437420765
 20
-20.74528835204747
 10
9.694055584866745
 20
-20.73109350647096
 10
9.714814154182297
 20
-20.71680734825732
 10
9.735459511258671
 20
-20.70243137871008
 10
9.755991135981187
 20
-20.68796709337436
 10
9.776408559668981
 20
-20.67341598058697
 10
9.7967113657189
 20
-20.65877952000433
 10
9.816899190240858
 20
-20.64405918110773
 10
9.836971722684939
 20
-20.62925642168648
 10
9.8569287064608
 20
-20.61437268629878
 10
9.876769939549749
 20
-20.59940940471033
 10
9.896495275110043
 20
-20.58436799031106
 10
9.916104622075907
 20
-20.5692498385098
 10
9.935597945750828
 20
-20.55405632510706
 10
9.954975268395767
 20
-20.53878880464617
 10
9.974236669812887
 20
-20.52344860874274
 10
9.993382287925498
 20
-20.50803704439257
 10
10.01241231935491
 20
-20.49255539225849
 10
10.03132701999499
 20
-20.47700490493568
 10
10.05012670558515
 20
-20.46138680519633
 10
10.06881175228278
 20
-20.4457022842134
 10
10.08738259723585
 20
-20.42995249976388
 10
10.10583973915668
 20
-20.41413857441176
 10
10.12418373889794
 20
-20.39826159367106
 10
10.14241522003189
 20
-20.38232260414915
 10
10.16053486943393
 20
-20.3663226116708
 10
10.17854343787169
 20
-20.35026257938332
 10
10.19644174060085
 20
-20.33414342584315
 10
10.21423065796896
 20
-20.3179660230846
 10
10.23191113602864
 20
-20.30173119467104
 10
10.24948418716157
 20
-20.28543971372923
 10
10.26695089071465
 20
-20.26909230096761
 10
10.2843123936501
 20
-20.25268962267905
 10
10.3015699112109
 20
-20.23623228872895
 10
10.31872472760324
 20
-20.21972085052973
 10
10.33577819669805
 20
-20.20315579900257
 10
10.35273174275304
 20
-20.18653756252748
 10
10.36958686115745
 20
-20.16986650488306
 10
10.38634511920143
 20
-20.15314292317716
 10
10.40300815687203
 20
-20.13636704576995
 10
10.41957768767804
 20
-20.11953903019107
 10
10.436055499506
 20
-20.10265896105257
 10
10.45244345550939
 20
-20.08572684795968
 10
10.46874349503379
 20
-20.06874262342146
 10
10.48495763458012
 20
-20.0517061407637
 10
10.50108796880879
 20
-20.03461717204685
 10
10.51713667158715
 20
-20.01747540599135
 10
10.53310599708314
 20
-20.00028044591398
 10
10.54899828090785
 20
-19.98303180767819
 10
10.5648159413097
 20
-19.9657289176622
 10
10.58056148042336
 20
-19.94837111074901
 10
10.59623748557618
 20
-19.93095762834249
 10
10.61184663065525
 20
-19.91348761641437
 10
10.62739167753808
 20
-19.89596012358735
 10
10.64287547759003
 20
-19.87837409925989
 10
10.65830097323143
 20
-19.86072839177874
 10
10.67367119957769
 20
-19.84302174666599
 10
10.68898928615537
 20
-19.82525280490757
 10
10.70425845869713
 20
-19.80742010131123
 10
10.71948204101887
 20
-19.78952206294218
 10
10.7346634569816
 20
-19.77155700764571
 10
10.74980623254106
 20
-19.75352314266648
 10
10.76491399788777
 20
-19.73541856337511
 10
10.77999048967975
 20
-19.71724125211357
 10
10.79503955337054
 20
-19.69898907717171
 10
10.81006514563416
 20
-19.68065979190826
 10
10.82507133688889
 20
-19.66225103403035
 10
10.84006231392122
 20
-19.64376032504728
 10
10.8550423826107
 20
-19.62518506991474
 10
10.87001597075614
 20
-19.60652255688722
 10
10.88498763100304
 20
-19.5877699575976
 10
10.89996204387121
 20
-19.56892432738399
 10
10.914944020881
 20
-19.54998260588561
 10
10.92993850777576
 20
-19.53094161793067
 10
10.94495058783677
 20
-19.51179807474073
 10
10.95998548528628
 20
-19.49254857547776
 10
10.97504856877266
 20
-19.47318960916156
 10
10.99014535493046
 20
-19.45371755698695
 10
11.00528151200657
 20
-19.43412869507165
 10
11.02046286354184
 20
-19.41441919766791
 10
11.03569539209587
 20
-19.39458514087228
 10
11.05098524300021
 20
-19.37462250686987
 10
11.06633872812299
 20
-19.35452718875119
 10
11.08176232962556
 20
-19.33429499594147
 10
11.09726270368876
 20
-19.31392166028378
 10
11.11284668418318
 20
-19.29340284281941
 10
11.12852128625486
 20
-19.27273414130974
 10
11.14429370979364
 20
-19.25191109854606
 10
11.16017134274796
 20
-19.23092921149417
 10
11.17616176424528
 20
-19.2097839413225
 10
11.19227274747276
 20
-19.18847072436226
 10
11.20851226226813
 20
-19.16698498404948
 10
11.22488847736527
 20
-19.14532214389805
 10
11.24140976223354
 20
-19.12347764155324
 10
11.25808468844404
 20
-19.10144694397349
 10
11.27492203048998
 20
-19.07922556378753
 10
11.29193076598181
 20
-19.05680907687105
 10
11.3091200751312
 20
-19.03419314118465
 10
11.32649933943133
 20
-19.01137351691085
 10
11.34407813943378
 20
-18.98834608792287
 10
11.3618662515158
 20
-18.9651068846125
 10
11.37987364352424
 20
-18.94165210809685
 10
11.39811046917654
 20
-18.91797815581569
 10
11.41658706109183
 20
-18.89408164852102
 10
11.43531392231987
 20
-18.86995945864941
 10
11.4543017162298
 20
-18.84560874005446
 10
11.47356125461611
 20
-18.82102695906208
 10
11.4931034838755
 20
-18.79621192679478
 10
11.51293946910623
 20
-18.77116183269264
 10
11.53308037598016
 20
-18.74587527913838
 10
11.55353745023903
 20
-18.72035131707151
 10
11.5743219946692
 20
-18.69458948245251
 10
11.59544534341471
 20
-18.66858983341185
 10
11.61691883349631
 20
-18.64235298789082
 10
11.63875377341581
 20
-18.61588016155198
 10
11.66096140873937
 20
-18.5891732057063
 10
11.68355288457196
 20
-18.56223464497249
 10
11.70653920485774
 20
-18.53506771435175
 10
11.72993118846794
 20
-18.50767639536902
 10
11.75373942206941
 20
-18.48006545089987
 10
11.77797420980295
 20
-18.45224045827108
 10
11.80264551984204
 20
-18.42420784019523
 10
11.8277629279481
 20
-18.39597489307172
 10
11.85333555818931
 20
-18.36754981216607
 10
11.87937202104478
 20
-18.33894171315998
 10
11.90588034917529
 20
-18.31016064955325
 10
11.93286793120365
 20
-18.28121762539276
 10
11.96034144391335
 20
-18.25212460280641
 10
11.98830678334029
 20
-18.22289450383045
 10
12.01676899529972
 20
-18.19354120603995
 10
12.0457322059562
 20
-18.16407953152356
 10
12.07519955310836
 20
-18.13452522878607
 10
12.10517311891896
 20
-18.10489494721741
 10
12.13565386487416
 20
-18.07520620383257
 10
12.16664156980062
 20
-18.04547734206589
 10
12.1981347718042
 20
-18.01572748249246
 10
12.23013071501652
 20
-17.98597646545034
 10
12.26262530204478
 20
-17.95624478564697
 10
12.2956130530135
 20
-17.92655351895132
 10
12.32908707206285
 20
-17.89692424169665
 10
12.36303902212672
 20
-17.86737894294641
 10
12.39745910875251
 20
-17.83793993030355
 10
12.43233607364534
 20
-17.80862972996932
 10
12.46765719852069
 20
-17.77947098187805
 10
12.50340831973346
 20
-17.75048633084618
 10
12.53957385401948
 20
-17.72169831477341
 10
12.5761368355388
 20
-17.69312925101876
 10
12.61307896425323
 20
-17.66480112214063
 10
12.65038066550441
 20
-17.63673546223694
 10
12.68802116048935
 20
-17.6089532451445
 10
12.72597854715974
 20
-17.58147477575729
 10
12.76422989090491
 20
-17.55431958569857
 10
12.80275132421981
 20
-17.52750633453244
 10
12.84151815441262
 20
-17.50105271762777
 10
12.88050497827641
 20
-17.47497538169149
 10
12.91968580253755
 20
-17.44928984887335
 10
12.95903416880458
 20
-17.42401045021052
 10
12.99852328167663
 20
-17.39915026903427
 10
13.03812613863157
 20
-17.37472109480281
 10
13.0778156603017
 20
-17.35073338766148
 10
13.11756481975945
 20
-17.32719625386543
 10
13.15734676947505
 20
-17.30411743203581
 10
13.19713496467231
 20
-17.28150329006297
 10
13.23690328189446
 20
-17.25935883232073
 10
13.27662613169638
 20
-17.2376877167202
 10
13.3162785645004
 20
-17.21649228100994
 10
13.35583636878509
 20
-17.19577357762569
 10
13.39527616091805
 20
-17.17553141630761
 10
13.43457546608975
 20
-17.15576441363659
 10
13.4737127899526
 20
-17.13647004859561
 10
13.5126676807153
 20
-17.11764472323453
 10
13.55142078158229
 20
-17.09928382750835
 10
13.58995387356091
 20
-17.0813818073673
 10
13.62824990878098
 20
-17.06393223520132
 10
13.66629303458271
 20
-17.0469278817784
 10
13.70406860872587
 20
-17.03036078886585
 10
13.74156320615735
 20
-17.01422234178138
 10
13.7787646178434
 20
-16.99850334118644
 10
13.81566184222813
 20
-16.98319407350479
 10
13.8522450699209
 20
-16.96828437942284
 10
13.88850566224361
 20
-16.95376372000269
 10
13.92443612428397
 20
-16.93962124001393
 10
13.96003007310569
 20
-16.92584582816188
 10
13.99528220176042
 20
-16.91242617396014
 10
14.03018823973207
 20
-16.89935082106065
 10
14.06474491042175
 20
-16.88660821691511
 10
14.09894988625404
 20
-16.87418675869751
 10
14.13280174195169
 20
-16.86207483546726
 10
14.16629990648944
 20
-16.8502608665966
 10
14.19944461419832
 20
-16.83873333652478
 10
14.23223685545083
 20
-16.82748082593381
 10
14.26467832731582
 20
-16.8164920394684
 10
14.29677138453044
 20
-16.8057558301446
 10
14.3285189910956
 20
-16.79526122060922
 10
14.35992467276198
 20
-16.7849974214251
 10
14.39099247063583
 20
-16.77495384656638
 10
14.42172689609794
 20
-16.7651201263134
 10
14.45213288719579
 20
-16.75548611773921
 10
14.48221576663777
 20
-16.7460419129796
 10
14.51198120149004
 20
-16.73677784547568
 10
14.54143516465062
 20
-16.72768449437394
 10
14.57058389815206
 20
-16.71875268726229
 10
14.59943387832324
 20
-16.70997350141377
 10
14.62799178282246
 20
-16.70133826370116
 10
14.65626445953814
 20
-16.69283854933681
 10
14.68425889733925
 20
-16.68446617958294
 10
14.71198219864619
 20
-16.67621321856788
 10
14.73944155378238
 20
-16.66807196933398
 10
14.76664421705925
 20
-16.66003496923355
 10
14.79359748453996
 20
-16.65209498477939
 10
14.82030867342238
 20
-16.6442450060475
 10
14.84678510297794
 20
-16.63647824072062
 10
14.8730340769794
 20
-16.62878810785252
 10
14.89906286754969
 20
-16.62116823142537
 10
14.92487870036209
 20
-16.61361243376431
 10
14.95048874112201
 20
-16.60611472886672
 10
14.97590008326111
 20
-16.5986693156967
 10
15.00111973677501
 20
-16.59127057148923
 10
15.02615461813736
 20
-16.5839130451028
 10
15.05101154122465
 20
-16.57659145045383
 10
15.07569720918803
 20
-16.56930066006187
 10
15.10021820721054
 20
-16.56203569872959
 10
15.12458099609077
 20
-16.55479173737818
 10
15.14879190659584
 20
-16.54756408705488
 10
15.17285713453001
 20
-16.54034819312608
 10
15.19678273646697
 20
-16.53313962966707
 10
15.22057462609695
 20
-16.52593409405604
 10
15.24423857114248
 20
-16.51872740177869
 10
15.26778019079875
 20
-16.51151548144702
 10
15.29120495365757
 20
-16.50429437003458
 10
15.31451817607601
 20
-16.49706020832843
 10
15.33772502095342
 20
-16.4898092365974
 10
15.36083049688271
 20
-16.48253779047455
 10
15.38383945764407
 20
-16.47524229705074
 10
15.40675660201151
 20
-16.4679192711759
 10
15.42958647384428
 20
-16.46056531196326
 10
15.45233346243771
 20
-16.45317709949166
 10
15.47500180310943
 20
-16.44575139170039
 10
15.4975955779987
 20
-16.43828502147071
 10
15.52011871705849
 20
-16.43077489388784
 10
15.54257499922121
 20
-16.42321798367711
 10
15.56496805372049
 20
-16.41561133280764
 10
15.58730136155303
 20
-16.40795204825701
 10
15.60957825706538
 20
-16.40023729993022
 10
15.63180192965206
 20
-16.39246431872627
 10
15.65397542555249
 20
-16.38463039474568
 10
15.67610164973499
 20
-16.37673287563248
 10
15.69818336785739
 20
-16.36876916504411
 10
15.72022320829454
 20
-16.36073672124281
 10
15.7422236642238
 20
-16.35263305580257
 10
15.76418709576049
 20
-16.34445573242505
 10
15.78611573213588
 20
-16.3362023658591
 10
15.80801167391099
 20
-16.3278706209177
 10
15.82987689522025
 20
-16.31945821158705
 10
15.85171324603921
 20
-16.31096290022216
 10
15.87352245447159
 20
-16.30238249682397
 10
15.89530612905087
 20
-16.29371485839279
 10
15.91706576105257
 20
-16.28495788835335
 10
15.93880272681328
 20
-16.27610953604668
 10
15.96051829005329
 20
-16.26716779628457
 10
15.98221360419984
 20
-16.25813070896205
 10
16.00388971470817
 20
-16.24899635872402
 10
16.02554756137821
 20
-16.23976287468194
 10
16.04718798066452
 20
-16.23042843017699
 10
16.06881170797786
 20
-16.22099124258586
 10
16.09041937997655
 20
-16.21144957316599
 10
16.11201153684614
 20
-16.20180172693684
 10
16.13358862456623
 20
-16.19204605259415
 10
16.15515099716315
 20
-16.18218094245406
 10
16.17669891894757
 20
-16.17220483242453
 10
16.19823256673631
 20
-16.16211620200106
 10
16.2197520320573
 20
-16.15191357428436
 10
16.24125732333743
 20
-16.14159551601738
 10
16.26274836807252
 20
-16.13116063763962
 10
16.28422501497897
 20
-16.12060759335613
 10
16.30568703612692
 20
-16.10993508121945
 10
16.32713412905431
 20
-16.0991418432224
 10
16.34856591886194
 20
-16.08822666539975
 10
16.36998196028904
 20
-16.07718837793711
 10
16.39138173976946
 20
-16.06602585528523
 10
16.41276467746818
 20
-16.05473801627822
 10
16.4341301292983
 20
-16.04332382425404
 10
16.45547738891827
 20
-16.031782287176
 10
16.47680568970949
 20
-16.02011245775369
 10
16.49811420673436
 20
-16.0083134335622
 10
16.51940205867453
 20
-15.99638435715843
 10
16.54066830974992
 20
-15.98432441619319
 10
16.56191197161805
 20
-15.97213284351817
 10
16.58313200525411
 20
-15.95980891728661
 10
16.60432732281181
 20
-15.94735196104687
 10
16.62549678946495
 20
-15.93476134382774
 10
16.64663922523005
 20
-15.92203648021493
 10
16.66775340677001
 20
-15.90917683041763
 10
16.68883806917888
 20
-15.89618190032464
 10
16.70989190774797
 20
-15.88305124154913
 10
16.73091357971335
 20
-15.86978445146152
 10
16.75190170598482
 20
-15.85638117320975
 10
16.77285487285651
 20
-15.84284109572634
 10
16.79377163369916
 20
-15.82916395372184
 10
16.81465051063423
 20
-15.81534952766385
 10
16.83548999618985
 20
-15.80139764374139
 10
16.85628855493883
 20
-15.78730817381411
 10
16.87704462511866
 20
-15.77308103534577
 10
16.89775662023365
 20
-15.75871619132174
 10
16.91842293063927
 20
-15.74421365015015
 10
16.93904192510874
 20
-15.72957346554623
 10
16.95961195238195
 20
-15.71479573639965
 10
16.98013134269668
 20
-15.69988060662446
 10
17.00059840930222
 20
-15.68482826499148
 10
17.02101144995547
 20
-15.6696389449428
 10
17.04136874839932
 20
-15.65431292438818
 10
17.06166857582366
 20
-15.63885052548315
 10
17.08190919230873
 20
-15.62325211438864
 10
17.10208884825098
 20
-15.60751810101196
 10
17.12220578577133
 20
-15.59164893872901
 10
17.14225824010594
 20
-15.5756451240874
 10
17.16224444097932
 20
-15.55950719649072
 10
17.18216261395991
 20
-15.54323573786352
 10
17.20201098179791
 20
-15.52683137229698
 10
17.22178776574558
 20
-15.51029476567543
 10
17.24149118685962
 20
-15.4936266252833
 10
17.26111946728599
 20
-15.47682769939268
 10
17.28067083152663
 20
-15.45989877683145
 10
17.3001435076886
 20
-15.44284068653181
 10
17.31953572871498
 20
-15.42565429705931
 10
17.33884573359786
 20
-15.40834051612237
 10
17.35807176857324
 20
-15.39090029006225
 10
17.37721208829771
 20
-15.37333460332343
 10
17.39626495700681
 20
-15.3556444779046
 10
17.41522864965513
 20
-15.3378309727901
 10
17.43410145303788
 20
-15.31989518336196
 10
17.45288166689396
 20
-15.3018382407925
 10
17.47156760499037
 20
-15.28366131141767
 10
17.49015759618791
 20
-15.26536559609102
 10
17.508649985488
 20
-15.24695232951855
 10
17.52704313506058
 20
-15.22842277957434
 10
17.54533542525299
 20
-15.20977824659713
 10
17.56352525557971
 20
-15.19102006266793
 10
17.58161104569269
 20
-15.17214959086877
 10
17.59959123633258
 20
-15.15316822452251
 10
17.61746429026028
 20
-15.13407738641408
 10
17.63522869316895
 20
-15.11487852799307
 10
17.65288295457637
 20
-15.09557312855772
 10
17.6704256086975
 20
-15.07616269442066
 10
17.68785521529709
 20
-15.05664875805621
 10
17.70517036052234
 20
-15.03703287722957
 10
17.72236965771537
 20
-15.01731663410794
 10
17.7394517482055
 20
-14.99750163435365
 10
17.75641530208125
 20
-14.97758950619948
 10
17.77325901894185
 20
-14.95758189950623
 10
17.78998162862822
 20
-14.93748048480275
 10
17.80658189193342
 20
-14.91728695230839
 10
17.82305860129223
 20
-14.89700301093819
 10
17.83941058145012
 20
-14.87663038729076
 10
17.85563669011115
 20
-14.85617082461908
 10
17.87173581856503
 20
-14.83562608178425
 10
17.88770689229302
 20
-14.8149979321924
 10
17.90354887155278
 20
-14.79428816271485
 10
17.919260751942
 20
-14.77349857259152
 10
17.93484156494075
 20
-14.75263097231793
 10
17.95029037843252
 20
-14.73168718251567
 10
17.96560629720389
 20
-14.71066903278662
 10
17.98078846342269
 20
-14.68957836055095
 10
17.99583605709489
 20
-14.66841700986893
 10
18.01074829649975
 20
-14.64718683024687
 10
18.02552443860359
 20
-14.62588967542703
 10
18.04016377945193
 20
-14.60452740216173
 10
18.05466565454007
 20
-14.58310186897183
 10
18.06902943916216
 20
-14.56161493488936
 10
18.08325454873862
 20
-14.5400684581848
 10
18.097340439122
 20
-14.51846429507865
 10
18.11128660688133
 20
-14.4968042984377
 10
18.12509258956499
 20
-14.47509031645589
 10
18.13875796594203
 20
-14.45332419131981
 10
18.15228235622216
 20
-14.43150775785896
 10
18.1656654222543
 20
-14.40964284218075
 10
18.17890686770396
 20
-14.38773126029035
 10
18.19200643820934
 20
-14.36577481669523
 10
18.20496392151641
 20
-14.34377530299475
 10
18.21777914759297
 20
-14.32173449645434
 10
18.23045198872193
 20
-14.29965415856477
 10
18.2429823595738
 20
-14.2775360335861
 10
18.25537021725883
 20
-14.2553818470765
 10
18.26761556135856
 20
-14.23319330440588
 10
18.27971843393744
 20
-14.21097208925429
 10
18.29167891953432
 20
-14.18871986209495
 10
18.30349714513438
 20
-14.1664382586621
 10
18.31517328012156
 20
-14.14412888840325
 10
18.32670753621174
 20
-14.12179333291611
 10
18.33810016736722
 20
-14.09943314436989
 10
18.34935146969242
 20
-14.07704984391091
 10
18.3604617813116
 20
-14.05464492005251
 10
18.37143148222859
 20
-14.032219827049
 10
18.38226099416917
 20
-14.0097759832537
 10
18.39295078040648
 20
-13.98731476946074
 10
18.40350134556976
 20
-13.96483752723062
 10
18.41391323543724
 20
-13.94234555719933
 10
18.42418703671338
 20
-13.91984011737084
 10
18.43432337679121
 20
-13.8973224213928
 10
18.44432292350033
 20
-13.87479363681534
 10
18.45418638484122
 20
-13.85225488333263
 10
18.46391450870645
 20
-13.82970723100715
 10
18.47350808258977
 20
-13.80715169847646
 10
18.48296793328343
 20
-13.78458925114207
 10
18.49229492656506
 20
-13.76202079934053
 10
18.50148996687455
 20
-13.73944719649621
 10
18.51055399698213
 20
-13.71686923725573
 10
18.51948799764852
 20
-13.6942876556039
 10
18.52829298727818
 20
-13.67170312296065
 10
18.53697002156687
 20
-13.64911624625912
 10
18.54552019314459
 20
-13.62652756600452
 10
18.55394463121527
 20
-13.6039375543135
 10
18.56224450119433
 20
-13.58134661293407
 10
18.57042100434578
 20
-13.55875507124574
 10
18.57847537742009
 20
-13.53616318423979
 10
18.58640889229453
 20
-13.51357113047968
 10
18.59422285561771
 20
-13.49097901004122
 10
18.60191860845988
 20
-13.46838684243282
 10
18.60949752597102
 20
-13.44579456449558
 10
18.61696101704855
 20
-13.42320202828322
 10
18.62431052401696
 20
-13.4006089989222
 10
18.63154752232123
 20
-13.37801515245188
 10
18.63867352023662
 20
-13.35542007364513
 10
18.64569005859727
 20
-13.33282325380962
 10
18.6525987105459
 20
-13.31022408857021
 10
18.65940108130774
 20
-13.28762187563289
 10
18.66609880799128
 20
-13.26501581253086
 10
18.67269355941903
 20
-13.24240499435346
 10
18.6791870359913
 20
-13.21978841145896
 10
18.68558096958655
 20
-13.19716494717189
 10
18.6918771235018
 20
-13.17453337546645
 10
18.69807729243669
 20
-13.15189235863705
 10
18.70418330252524
 20
-13.12924044495783
 10
18.71019701141952
 20
-13.10657606633273
 10
18.71612030842914
 20
-13.08389753593828
 10
18.72195511472159
 20
-13.06120304586142
 10
18.72770338358785
 20
-13.03849066473497
 10
18.73336710077837
 20
-13.01575833537376
 10
18.73894828491453
 20
-12.99300387241463
 10
18.74444898798117
 20
-12.9702249599642
 10
18.74987129590569
 20
-12.94741914925849
 10
18.75521732922985
 20
-12.92458385633903
 10
18.76048924388015
 20
-12.90171635975066
 10
18.76568923204368
 20
-12.87881379826675
 10
18.77081952315549
 20
-12.85587316864823
 10
18.77588238500501
 20
-12.83289132344332
 10
18.78088012496821
 20
-12.80986496883597
 10
18.78581509137319
 20
-12.78679066255121
 10
18.79068967500671
 20
-12.76366481182712
 10
18.79550631076942
 20
-12.7404836714635
 10
18.80026747948803
 20
-12.71724334195869
 10
18.80497570989241
 20
-12.6939397677468
 10
18.80963358076613
 20
-12.670568735549
 10
18.81424372327897
 20
-12.64712587285349
 10
18.81880882350972
 20
-12.62360664654039
 10
18.82333162516824
 20
-12.60000636166898
 10
18.82781493252509
 20
-12.57632016044631
 10
18.83226161355759
 20
-12.55254302139783
 10
18.83667460332024
 20
-12.5286697587626
 10
18.84105690754837
 20
-12.50469502213706
 10
18.84541160650235
 20
-12.48061329639359
 10
18.84974185905999
 20
-12.45641890190219
 10
18.85405090706441
 20
-12.43210599508566
 10
18.85834207993325
 20
-12.40766856934075
 10
18.86261879953502
 20
-12.38310045636064
 10
18.86688458533709
 20
-12.35839532789615
 10
18.8711430598286
 20
-12.33354669799584
 10
18.87539795422048
 20
-12.30854792576786
 10
18.87965311442285
 20
-12.28339221870943
 10
18.88391250729862
 20
-12.25807263665189
 10
18.8881802271895
 20
-12.23258209637329
 10
18.89246050270872
 20
-12.20691337693229
 10
18.89675770379169
 20
-12.18105912578103
 10
18.90107634899269
 20
-12.15501186571663
 10
18.9054211130126
 20
-12.12876400273475
 10
18.90979683443808
 20
-12.10230783485048
 10
18.91420852366898
 20
-12.07563556195511
 10
18.91866137100556
 20
-12.04873929677923
 10
18.92316075486168
 20
-12.02161107703506
 10
18.9277122500646
 20
-11.99424287881228
 10
18.93232163619558
 20
-11.96662663130329
 10
18.93699490591834
 20
-11.93875423293437
 10
18.94173827323528
 20
-11.91061756897945
 10
18.94655818160308
 20
-11.88220853073256
 10
18.95146131183089
 20
-11.85351903631371
 10
18.95645458967516
 20
-11.82454105318019
 10
18.96154519303536
 20
-11.79526662241189
 10
18.96674055864522
 20
-11.76568788483439
 10
18.97204838814332
 20
-11.7357971090368
 10
18.97747665339612
 20
-11.70558672133368
 10
18.98303360093591
 20
-11.67504933771034
 10
18.98872775536502
 20
-11.64417779777916
 10
18.9945679215666
 20
-11.61296520076015
 10
19.00056318555233
 20
-11.5814049434835
 10
19.00672291376672
 20
-11.5494907603921
 10
19.01305675065904
 20
-11.51721676550151
 10
19.01957461432577
 20
-11.48457749625025
 10
19.02628669001952
 20
-11.45156795914663
 10
19.0332034213159
 20
-11.41818367708863
 10
19.04033549872713
 20
-11.38442073820086
 10
19.04769384555117
 20
-11.35027584599755
 10
19.05528960074807
 20
-11.31574637064259
 10
19.06313409864246
 20
-11.28083040103799
 10
19.07123884526111
 20
-11.24552679742982
 10
19.07961549113026
 20
-11.20983524417741
 10
19.08827580037725
 20
-11.17375630228734
 10
19.09723161600648
 20
-11.13729146126859
 10
19.1064948212511
 20
-11.10044318982179
 10
19.11607729693877
 20
-11.06321498483227
 10
19.12599087485304
 20
-11.02561141809693
 10
19.13624728712171
 20
-10.98763818017831
 10
19.1468581117185
 20
-10.94930212074807
 10
19.15783471422591
 20
-10.91061128475673
 10
19.16918818607361
 20
-10.87157494374933
 10
19.18092927953753
 20
-10.83220362163829
 10
19.1930683398596
 20
-10.79250911424683
 10
19.20561523492513
 20
-10.75250450195046
 10
19.21857928301278
 20
-10.71220415477065
 10
19.23196917920936
 20
-10.67162372931561
 10
19.24579292115661
 20
-10.63078015701851
 10
19.26005773486753
 20
-10.5896916231935
 10
19.2747700014129
 20
-10.54837753651557
 10
19.28993518533369
 20
-10.50685848862985
 10
19.30555776567828
 20
-10.46515620370991
 10
19.32164117059328
 20
-10.42329347791055
 10
19.33818771641174
 20
-10.38129410879776
 10
19.35519855217991
 20
-10.33918281498297
 10
19.37267361054313
 20
-10.29698514633989
 10
19.39061156587128
 20
-10.25472738533486
 10
19.40900980044366
 20
-10.21243644015382
 10
19.42786437943421
 20
-10.17013973045581
 10
19.44717003533869
 20
-10.12786506672154
 10
19.46692016236898
 20
-10.08564052429193
 10
19.48710682120838
 20
-10.04349431330086
 10
19.50772075437594
 20
-10.00145464579808
 10
19.52875141229347
 20
-9.959549601426047
 10
19.55018698998704
 20
-9.917806993058931
 10
19.5720144741914
 20
-9.876254233829817
 10
19.59421970046264
 20
-9.834918206962923
 10
19.61678741974777
 20
-9.793825139791712
 10
19.63970137371292
 20
-9.753000483280597
 10
19.66294437799666
 20
-9.712468798281099
 10
19.68649841243852
 20
-9.672253649642343
 10
19.71034471723385
 20
-9.632377509166415
 10
19.73446389388955
 20
-9.592861668252648
 10
19.7588360098019
 20
-9.553726160916184
 10
19.78344070524773
 20
-9.514989697699409
 10
19.80825730157427
 20
-9.476669610823346
 10
19.83326490939059
 20
-9.438781810755797
 10
19.85844253560272
 20
-9.401340754205193
 10
19.88376918819383
 20
-9.364359423390702
 10
19.90922397772808
 20
-9.327849316290386
 10
19.93478621464842
 20
-9.291820447434867
 10
19.96043550154263
 20
-9.256281358695142
 10
19.9861518196648
 20
-9.221239139411997
 10
20.01191560911732
 20
-9.186699455131453
 10
20.0377078422201
 20
-9.15266658414659
 10
20.06351008971389
 20
-9.119143461000643
 10
20.0893045795629
 20
-9.086131726078528
 10
20.11507424823473
 20
-9.053631780403609
 10
20.14080278444085
 20
-9.021642844761279
 10
20.16647466541853
 20
-8.990163022290001
 10
20.1920751859218
 20
-8.959189363711324
 10
20.21759048016618
 20
-8.928717934411743
 10
20.24300753703672
 20
-8.898743882638836
 10
20.26831420892433
 20
-8.869261508129801
 10
20.29349921459755
 20
-8.840264330551311
 10
20.31855213655033
 20
-8.811745157192648
 10
20.34346341328912
 20
-8.783696149418856
 10
20.36822432703557
 20
-8.756108887455287
 10
20.3928269873265
 20
-8.728974433138111
 10
20.41726431099041
 20
-8.702283390326716
 10
20.44152999897083
 20
-8.676025962731877
 10
20.46561851045225
 20
-8.650192008968133
 10
20.48952503472602
 20
-8.624771094689183
 10
20.51324546121037
 20
-8.599752541711126
 10
20.53677634801408
 20
-8.575125474069766
 10
20.56011488940548
 20
-8.550878860995085
 10
20.58325888252045
 20
-8.527001556818291
 10
20.60620669361365
 20
-8.503482337854675
 10
20.62895722412781
 20
-8.480309936329236
 10
20.65150987682757
 20
-8.457473071431708
 10
20.67386452221564
 20
-8.434960477603665
 10
20.69602146542233
 20
-8.412760930172977
 10
20.71798141373362
 20
-8.390863268460574
 10
20.73974544489875
 20
-8.369256416491193
 10
20.76131497633557
 20
-8.347929401444281
 10
20.78269173533076
 20
-8.326871369983534
 10
20.80387773031338
 20
-8.306071602603978
 10
20.82487522326163
 20
-8.285519526134372
 10
20.84568670328811
 20
-8.265204724530544
 10
20.86631486143373
 20
-8.245116948091421
 10
20.88676256668827
 20
-8.225246121225588
 10
20.90703284324453
 20
-8.205582348890967
 10
20.92712884898309
 20
-8.186115921824759
 10
20.94705385517685
 20
-8.166837320674986
 10
20.96681122739661
 20
-8.147737219138608
 10
20.98640440759393
 20
-8.128806486205576
 10
21.00583689733155
 20
-8.110036187600963
 10
21.02511224212859
 20
-8.091417586511999
 10
21.04423401688344
 20
-8.072942143680213
 10
21.06320581233579
 20
-8.054601516932955
 10
21.08203122252673
 20
-8.036387560223031
 10
21.1007138332148
 20
-8.018292322239402
 10
21.11925721120536
 20
-8.000308044646727
 10
21.13766489454977
 20
-7.982427160006471
 10
21.15594038357161
 20
-7.964642289427588
 10
21.17408713267701
 20
-7.946946239990308
 10
21.19210854290701
 20
-7.929332001982338
 10
21.21000795519079
 20
-7.9117927459829
 10
21.22778864425951
 20
-7.894321819826468
 10
21.24545381318185
 20
-7.876912745474588
 10
21.26300658848339
 20
-7.859559215821103
 10
21.2804500158137
 20
-7.842255091453318
 10
21.2977870561262
 20
-7.82499439738883
 10
21.31502058233722
 20
-7.807771319805516
 10
21.33215337643285
 20
-7.790580202779918
 10
21.3491881269926
 20
-7.773415545047178
 10
21.36612742710157
 20
-7.756271996793941
 10
21.38297377262336
 20
-7.739144356494014
 10
21.39972956080809
 20
-7.72202756779499
 10
21.41639708921084
 20
-7.704916716462718
 10
21.43297855489748
 20
-7.687807027389415
 10
21.44947605391623
 20
-7.670693861669978
 10
21.46589158101439
 20
-7.653572713750127
 10
21.48222702958094
 20
-7.636439208649233
 10
21.49848419179726
 20
-7.619289099259811
 10
21.51466475897874
 20
-7.602118263725054
 10
21.53077032209173
 20
-7.584922702895132
 10
21.54680237243105
 20
-7.567698537862572
 10
21.5627623024439
 20
-7.550442007576326
 10
21.57865140668799
 20
-7.533149466534116
 10
21.59447088291117
 20
-7.515817382551928
 10
21.61022183324186
 20
-7.498442334609486
 10
21.62590526547977
 20
-7.481021010770152
 10
21.64152209447718
 20
-7.463550206173567
 10
21.65707314360193
 20
-7.446026821099139
 10
21.6725591462736
 20
-7.428447859098308
 10
21.68798074756557
 20
-7.410810425193459
 10
21.70333850586525
 20
-7.393111724141279
 10
21.71863289458633
 20
-7.375349058758177
 10
21.7338643039267
 20
-7.357519828305454
 10
21.74903304266643
 20
-7.339621526931821
 10
21.76413934000047
 20
-7.321651742170857
 10
21.77918334740153
 20
-7.303608153490995
 10
21.79416514050829
 20
-7.285488530895655
 10
21.80908472103508
 20
-7.267290733571059
 10
21.8239420186992
 20
-7.249012708579501
 10
21.83873689316237
 20
-7.230652489595638
 10
21.853469135983
 20
-7.212208195683549
 10
21.86813847257651
 20
-7.193678030112343
 10
21.8827445641808
 20
-7.175060279208099
 10
21.89728700982451
 20
-7.156353311240053
 10
21.91176534829564
 20
-7.13755557533882
 10
21.9261790601086
 20
-7.118665600444806
 10
21.94052756946752
 20
-7.099681994284735
 10
21.95481024622427
 20
-7.080603442374389
 10
21.96902640782948
 20
-7.061428707045776
 10
21.98317532127502
 20
-7.042156626496898
 10
21.99725620502663
 20
-7.022786113862432
 10
22.01126823094549
 20
-7.003316156303668
 10
22.02521052619753
 20
-6.983745814116115
 10
22.03908217514943
 20
-6.964074219853192
 10
22.05288222125041
 20
-6.944300577464642
 10
22.06660966889895
 20
-6.924424161448169
 10
22.08026348529348
 20
-6.90444431601298
 10
22.09384260226666
 20
-6.884360454253942
 10
22.10734591810217
 20
-6.864172057335097
 10
22.12077229933369
 20
-6.843878673681398
 10
22.13412058252544
 20
-6.823479918177456
 10
22.14738957603382
 20
-6.802975471372334
 10
22.16057806174946
 20
-6.782365078689233
 10
22.17368479681972
 20
-6.761648549639237
 10
22.18670851535074
 20
-6.740825757038047
 10
22.19964793008902
 20
-6.719896636224928
 10
22.21250173408213
 20
-6.698861184282979
 10
22.22526860231829
 20
-6.677719459259944
 10
22.23794719334436
 20
-6.656471579388862
 10
22.25053615086229
 20
-6.635117722307704
 10
22.2630341053036
 20
-6.61365812427754
 10
22.27543967538169
 20
-6.592093079398403
 10
22.28775146962195
 20
-6.570422938822387
 10
22.29996808786921
 20
-6.548648109963347
 10
22.31208812277276
 20
-6.526769055702712
 10
22.32411016124826
 20
-6.504786293590933
 10
22.33603278591708
 20
-6.482700395044018
 10
22.34785457652213
 20
-6.460511984534846
 10
22.35957411132085
 20
-6.438221738778773
 10
22.37118996845467
 20
-6.415830385913201
 10
22.38270072729508
 20
-6.39333870467073
 10
22.39410496976618
 20
-6.370747523545611
 10
22.40540128164357
 20
-6.348057719953184
 10
22.41658825382952
 20
-6.32527021938205
 10
22.42766448360431
 20
-6.302385994538712
 10
22.43862857585362
 20
-6.279406064484472
 10
22.44947914427203
 20
-6.256331493764375
 10
22.46021481254229
 20
-6.233163391528068
 10
22.47083421549052
 20
-6.209902910642309
 10
22.48133600021721
 20
-6.186551246795105
 10
22.49171882720381
 20
-6.163109637591268
 10
22.501981371395
 20
-6.139579361639337
 10
22.51212232325643
 20
-6.11596173762972
 10
22.52214038980805
 20
-6.092258123404052
 10
22.53203429563269
 20
-6.068469915015666
 10
22.54180278386013
 20
-6.044598545781139
 10
22.5514446171262
 20
-6.020645485322898
 10
22.56095857850731
 20
-5.996612238602855
 10
22.57034347242996
 20
-5.972500344947081
 10
22.57959812555533
 20
-5.948311377061526
 10
22.58872138763888
 20
-5.924046940038808
 10
22.59771213236484
 20
-5.899708670356069
 10
22.60656925815557
 20
-5.875298234864004
 10
22.61529168895576
 20
-5.850817329767069
 10
22.62387837499123
 20
-5.826267679594936
 10
22.63232829350257
 20
-5.801651036165272
 10
22.64064044945323
 20
-5.776969177537924
 10
22.64881387621225
 20
-5.752223906960601
 10
22.65684763621139
 20
-5.727417051806105
 10
22.6647408215768
 20
-5.70255046250129
 10
22.67249255473489
 20
-5.677626011447781
 10
22.68010198899272
 20
-5.652645591934598
 10
22.68756830909236
 20
-5.627611117042826
 10
22.69489073173973
 20
-5.602524518542417
 10
22.70206850610743
 20
-5.577387745781204
 10
22.70910091431161
 20
-5.55220276456649
 10
22.71598727186305
 20
-5.526971556039002
 10
22.72272692809205
 20
-5.501696115539617
 10
22.72931926654737
 20
-5.4763784514689
 10
22.73576370536905
 20
-5.451020584139611
 10
22.74205969763505
 20
-5.425624544622341
 10
22.74820673168171
 20
-5.400192373584392
 10
22.75420433139803
 20
-5.374726120122099
 10
22.76005205649354
 20
-5.349227840586708
 10
22.76574950274012
 20
-5.323699597403976
 10
22.77129630218717
 20
-5.298143457887648
 10
22.77669212335066
 20
-5.272561493046948
 10
22.78193667137569
 20
-5.246955776388242
 10
22.78702968817264
 20
-5.221328382711041
 10
22.7919709525268
 20
-5.195681386898452
 10
22.79676028018171
 20
-5.170016862702251
 10
22.80139752389585
 20
-5.144336881522721
 10
22.80588257347294
 20
-5.118643511183383
 10
22.81021535576567
 20
-5.092938814700755
 10
22.81439583465294
 20
-5.067224849049289
 10
22.81842401099066
 20
-5.041503663921607
 10
22.82229992253589
 20
-5.015777300484146
 10
22.82602364384461
 20
-4.990047790128355
 10
22.82959528614286
 20
-4.964317153217544
 10
22.83301499717153
 20
-4.938587397829498
 10
22.83628296100455
 20
-4.912860518494947
 10
22.83939939784069
 20
-4.887138494932014
 10
22.84236456376891
 20
-4.86142329077669
 10
22.84517875050735
 20
-4.835716852309456
 10
22.84784228511592
 20
-4.810021107178078
 10
22.85035552968256
 20
-4.784337963116702
 10
22.85271888098328
 20
-4.758669306661226
 10
22.85493277011591
 20
-4.733017001861065
 10
22.85699766210773
 20
-4.707382888987286
 10
22.858914055497
 20
-4.681768783237171
 10
22.86068248188846
 20
-4.65617647343521
 10
22.86230350548285
 20
-4.630607720730521
 10
22.86377772258059
 20
-4.605064257290683
 10
22.8651057610597
 20
-4.579547784991972
 10
22.86628827982809
 20
-4.554059974105943
 10
22.86732596825013
 20
-4.528602461982306
 10
22.86821954554805
 20
-4.503176851728056
 10
22.86896976017775
 20
-4.477784710882744
 10
22.86957738917965
 20
-4.452427570089787
 10
22.87004323750448
 20
-4.427106921763755
 10
22.87036813731412
 20
-4.401824218753438
 10
22.87055294725788
 20
-4.376580873000584
 10
22.87059855172421
 20
-4.351378254194136
 10
22.87050586006824
 20
-4.326217688419772
 10
22.87027580581505
 20
-4.301100456804571
 10
22.86990934583933
 20
-4.276027794156525
 10
22.86940745952129
 20
-4.251000887598736
 10
22.86877114787931
 20
-4.226020875197946
 10
22.86800143267959
 20
-4.201088844587182
 10
22.86709935552296
 20
-4.176205831582171
 10
22.86606597690946
 20
-4.151372818791192
 10
22.86490237528076
 20
-4.126590734218042
 10
22.86360964604089
 20
-4.101860449857698
 10
22.86218890055584
 20
-4.077182780284315
 10
22.86064126513217
 20
-4.052558481231076
 10
22.85896787997542
 20
-4.027988248161521
 10
22.85716989812848
 20
-4.0034727148318
 10
22.85524848439073
 20
-3.979012451843403
 10
22.85320481421845
 20
-3.95460796518582
 10
22.85104007260689
 20
-3.930259694768558
 10
22.84875545295498
 20
-3.905968012941985
 10
22.84635215591324
 20
-3.881733223006332
 10
22.84383138821548
 20
-3.857555557708272
 10
22.84119436149541
 20
-3.833435177724402
 10
22.83844229108864
 20
-3.809372170130936
 10
22.83557639482141
 20
-3.78536654685891
 10
22.83259789178663
 20
-3.761418243134167
 10
22.82950800110849
 20
-3.737527115901368
 10
22.82630794069687
 20
-3.713692942231236
 10
22.82299892599239
 20
-3.689915417710283
 10
22.81958216870383
 20
-3.666194154812107
 10
22.81605887553896
 20
-3.642528681249538
 10
22.81243024693041
 20
-3.618918438306699
 10
22.80869747575823
 20
-3.595362779150136
 10
22.80486174607057
 20
-3.571860967118175
 10
22.8009242318047
 20
-3.548412173987564
 10
22.79688609550983
 20
-3.525015478216591
 10
22.79274848707427
 20
-3.5016698631637
 10
22.78851254245882
 20
-3.478374215280813
 10
22.78417938243897
 20
-3.455127322280444
 10
22.77975011135825
 20
-3.431927871275762
 10
22.77522581589572
 20
-3.40877444689278
 10
22.77060756385024
 20
-3.385665529353879
 10
22.76589640294492
 20
-3.362599492531912
 10
22.76109335965461
 20
-3.339574601974172
 10
22.75619943806062
 20
-3.316589012895636
 10
22.75121561873588
 20
-3.293640768140819
 10
22.74614285766488
 20
-3.270727796113864
 10
22.74098208520276
 20
-3.247847908676437
 10
22.73573420507791
 20
-3.224998799013145
 10
22.73040009344323
 20
-3.202178039464417
 10
22.72498059798123
 20
-3.179383079326808
 10
22.7194765370685
 20
-3.156611242621016
 10
22.71388869900555
 20
-3.133859725827918
 10
22.70821784131839
 20
-3.1111255955934
 10
22.70246469013848
 20
-3.088405786402763
 10
22.69662993966841
 20
-3.065697098225972
 10
22.69071425174064
 20
-3.042996194135236
 10
22.68471825547775
 20
-3.020299597896798
 10
22.67864254706241
 20
-2.997603691539257
 10
22.67248768962654
 20
-2.974904712901105
 10
22.66625421326891
 20
-2.952198753160804
 10
22.6599426152118
 20
-2.929481754353096
 10
22.65355336010708
 20
-2.906749506876075
 10
22.64708688050355
 20
-2.883997646994032
 10
22.64054357748713
 20
-2.861221654341948
 10
22.63392382150692
 20
-2.838416849438299
 10
22.62722795340023
 20
-2.815578391213721
 10
22.62045628563067
 20
-2.792701274564139
 10
22.61360910375413
 20
-2.769780327937917
 10
22.60668666812773
 20
-2.746810210967943
 10
22.59968921587819
 20
-2.723785412160696
 10
22.59261696314613
 20
-2.700700246655832
 10
22.58547010762396
 20
-2.677548854071326
 10
22.57824883140552
 20
-2.654325196450852
 10
22.57095330416609
 20
-2.631023056331881
 10
22.56358368669257
 20
-2.607636034954908
 10
22.55614013478336
 20
-2.584157550636301
 10
22.54862280353897
 20
-2.560580837329471
 10
22.541031852064
 20
-2.536898943401535
 10
22.53336744860187
 20
-2.513104730655133
 10
22.52562977612399
 20
-2.489190873627856
 10
22.51781903839507
 20
-2.465149859204654
 10
22.50993546653608
 20
-2.440973986581584
 10
22.50197932610661
 20
-2.416655367622878
 10
22.49395092472745
 20
-2.392185927656184
 10
22.48585062026397
 20
-2.367557406755041
 10
22.47767882958974
 20
-2.342761361561069
 10
22.4694360379488
 20
-2.317789167702449
 10
22.46112280893306
 20
-2.292632022869272
 10
22.45273979508991
 20
-2.267280950610568
 10
22.44428774917215
 20
-2.241726804922055
 10
22.43576753603988
 20
-2.215960275698033
 10
22.42718014522025
 20
-2.1899718951251
 10
22.41852670412747
 20
-2.163752045099728
 10
22.40980849193993
 20
-2.137290965755924
 10
22.40102695412707
 20
-2.110578765193172
 10
22.39218371761143
 20
-2.083605430498714
 10
22.38328060654514
 20
-2.056360840161582
 10
22.37431965867207
 20
-2.028834777978821
 10
22.36530314223789
 20
-2.001016948556725
 10
22.35623357340118
 20
-1.972896994511632
 10
22.34711373408752
 20
-1.944464515475633
 10
22.33794669021731
 20
-1.915709089012399
 10
22.32873581022492
 20
-1.886620293546905
 10
22.31948478377359
 20
-1.857187733410037
 10
22.31019764055522
 20
-1.827401066094683
 10
22.30087876904927
 20
-1.797250031813605
 10
22.29153293509781
 20
-1.766724485441087
 10
22.28216530013713
 20
-1.735814430909728
 10
22.27278143890814
 20
-1.704510058120556
 10
22.2633873564498
 20
-1.672801782408632
 10
22.25398950416126
 20
-1.640680286587356
 10
22.24459479470032
 20
-1.608136565572471
 10
22.23521061546804
 20
-1.575161973561082
 10
22.22584484041199
 20
-1.541748273711882
 10
22.21650583986561
 20
-1.507887690239864
 10
22.20720248812665
 20
-1.473572962802322
 10
22.19794416846657
 20
-1.438797403012655
 10
22.18874077525404
 20
-1.403554952874925
 10
22.17960271287047
 20
-1.367840244884839
 10
22.17054089109526
 20
-1.331648663493086
 10
22.16156671664199
 20
-1.294976407574335
 10
22.15269208053717
 20
-1.257820553490971
 10
22.14392934104853
 20
-1.220179118285208
 10
22.1352913018936
 20
-1.182051122477639
 10
22.12679118548883
 20
-1.14343665189587
 10
22.11844260103828
 20
-1.104336917904116
 10
22.11025950730695
 20
-1.064754315356155
 10
22.10225616997851
 20
-1.024692477550054
 10
22.09444711355997
 20
-0.9841563274260934
 10
22.08684706786644
 20
-0.9431521242206391
 10
22.07947090919722
 20
-0.9016875047700926
 10
22.07233359639865
 20
-0.8597715186521776
 10
22.06545010209906
 20
-0.8174146563582008
 10
22.05883533949444
 20
-0.7746288697113098
 10
22.05250408515959
 20
-0.7314275837824072
 10
22.04647089845408
 20
-0.6878256996096615
 10
22.04075003818729
 20
-0.6438395870984321
 10
22.03535537729427
 20
-0.5994870675670346
 10
22.03030031635639
 20
-0.5547873855092615
 10
22.02559769687247
 20
-0.509761169265973
 10
22.02125971524512
 20
-0.4644303804344183
 10
22.01729783849154
 20
-0.4188182519918922
 10
22.01372272271544
 20
-0.3729492152692212
 10
22.01054413538536
 20
-0.3268488160743473
 10
22.00777088245272
 20
-0.2805436204347358
 10
22.00541074131006
 20
-0.2340611105950467
 10
22.0034704005357
 20
-0.18742957206956
 10
22.0019554072959
 20
-0.1406779727030844
 10
22.00087012317991
 20
-0.0938358348352609
 10
22.00021768913011
 20
-0.046933101788072
 10
22.0
 20
-0.0000000000000091
  0
CIRCLE
  5
43
330
17
100
AcDbEntity
  8
Eccentric
100
AcDbCircle
 10
0.7000000000000001
 20
0.0
 30
0.0
 40
7.5
  0
CIRCLE
  5
4B
330
17
100
AcDbEntity
  8
Cycloid
100
AcDbCircle
 10
14.7
 20
0.0
 30
0.0
 40
4.2
  0
CIRCLE
  5
4C
330
17
100
AcDbEntity
  8
Cycloid
100
AcDbCircle
 10
7.700000000000001
 20
12.12435565298214
 30
0.0
 40
4.2
  0
CIRCLE
  5
4D
330
17
100
AcDbEntity
  8
Cycloid
100
AcDbCircle
 10
-6.299999999999996
 20
12.12435565298214
 30
0.0
 40
4.2
  0
CIRCLE
  5
4E
330
17
100
AcDbEntity
  8
Cycloid
100
AcDbCircle
 10
-13.3
 20
0.0000000000000017
 30
0.0
 40
4.2
  0
CIRCLE
  5
4F
330
17
100
AcDbEntity
  8
Cycloid
100
AcDbCircle
 10
-6.300000000000006
 20
-12.12435565298214
 30
0.0
 40
4.2
  0
CIRCLE
  5
50
330
17
100
AcDbEntity
  8
Cycloid
100
AcDbCircle
 10
7.700000000000001
 20
-12.12435565298214
 30
0.0
 40
4.2
  0
ENDSEC
  0
SECTION
  2
OBJECTS
  0
DICTIONARY
  5
A
330
0
100
AcDbDictionary
281
     1
  3
ACAD_CIP_PREVIOUS_PRODUCT_INFO
350
86
  3
ACAD_COLOR
350
B
  3
ACAD_DETAILVIEWSTYLE
350
82
  3
ACAD_GROUP
350
C
  3
ACAD_LAYOUT
350
D
  3
ACAD_MATERIAL
350
E
  3
ACAD_MLEADERSTYLE
350
F
  3
ACAD_MLINESTYLE
350
10
  3
ACAD_PLOTSETTINGS
350
11
  3
ACAD_PLOTSTYLENAME
350
12
  3
ACAD_SCALELIST
350
14
  3
ACAD_SECTIONVIEWSTYLE
350
80
  3
ACAD_TABLESTYLE
350
15
  3
ACAD_VISUALSTYLE
350
16
  3
ACDB_RECOMPOSE_DATA
350
90
  3
AcDbVariableDictionary
350
87
  3
EZDXF_META
350
2D
  0
XRECORD
  5
86
102
{ACAD_REACTORS
330
A
102
}
330
A
100
AcDbXrecord
280
     1
300
ACD
300
2022
300

  0
DICTIONARY
  5
B
330
A
100
AcDbDictionary
281
     1
  0
DICTIONARY
  5
82
102
{ACAD_REACTORS
330
A
102
}
330
A
100
AcDbDictionary
281
     1
  3
Metric50
350
83
  0
DICTIONARY
  5
C
330
A
100
AcDbDictionary
281
     1
  0
DICTIONARY
  5
D
330
A
100
AcDbDictionary
281
     1
  3
Layout1
350
1E
  3
Model
350
1A
  0
DICTIONARY
  5
E
330
A
100
AcDbDictionary
281
     1
  3
ByBlock
350
1F
  3
ByLayer
350
20
  3
Global
350
21
  0
DICTIONARY
  5
F
330
A
100
AcDbDictionary
281
     1
  3
Standard
350
2C
  0
DICTIONARY
  5
10
330
A
100
AcDbDictionary
281
     1
  3
Standard
350
22
  0
DICTIONARY
  5
11
330
A
100
AcDbDictionary
281
     1
  0
ACDBDICTIONARYWDFLT
  5
12
330
A
100
AcDbDictionary
281
     1
  3
Normal
350
13
100
AcDbDictionaryWithDefault
340
13
  0
DICTIONARY
  5
14
330
A
100
AcDbDictionary
281
     1
  3
A0
350
6F
  3
A1
350
70
  3
A2
350
71
  3
A3
350
72
  3
A4
350
73
  3
A5
350
74
  3
A6
350
75
  3
A7
350
76
  3
A8
350
77
  3
A9
350
78
  3
B0
350
79
  3
B1
350
7A
  3
B2
350
7B
  3
B3
350
7C
  3
B4
350
7D
  3
B5
350
7E
  3
B6
350
7F
  0
DICTIONARY
  5
80
102
{ACAD_REACTORS
330
A
102
}
330
A
100
AcDbDictionary
281
     1
  3
Metric50
350
81
  0
DICTIONARY
  5
15
330
A
100
AcDbDictionary
281
     1
  3
Standard
350
6E
  0
DICTIONARY
  5
16
330
A
100
AcDbDictionary
281
     1
  3
2dWireframe
350
5B
  3
Basic
350
5A
  3
Brighten
350
61
  3
ColorChange
350
65
  3
Conceptual
350
5E
  3
Dim
350
60
  3
EdgeColorOff
350
6D
  3
Facepattern
350
64
  3
Flat
350
56
  3
FlatWithEdges
350
57
  3
Gouraud
350
58
  3
GouraudWithEdges
350
59
  3
Hidden
350
5D
  3
JitterOff
350
6B
  3
Linepattern
350
63
  3
OverhangOff
350
6C
  3
Realistic
350
5F
  3
Shaded
350
6A
  3
Shaded with edges
350
69
  3
Shades of Gray
350
66
  3
Sketchy
350
67
  3
Thicken
350
62
  3
Wireframe
350
5C
  3
X-Ray
350
68
  0
XRECORD
  5
90
102
{ACAD_REACTORS
330
A
102
}
330
A
100
AcDbXrecord
280
     1
 90
        1
330
6E
  0
DICTIONARY
  5
87
102
{ACAD_REACTORS
330
A
102
}
330
A
100
AcDbDictionary
281
     1
  3
CANNOSCALE
350
8C
  3
CMLEADERSTYLE
350
89
  3
CTABLESTYLE
350
88
  3
CVIEWDETAILSTYLE
350
8A
  3
CVIEWSECTIONSTYLE
350
8B
  0
DICTIONARY
  5
2D
330
A
100
AcDbDictionary
280
     1
281
     1
  3
CREATED_BY_EZDXF
360
2E
  3
WRITTEN_BY_EZDXF
360
53
  0
ACDBDETAILVIEWSTYLE
  5
83
102
{ACAD_REACTORS
330
82
102
}
330
82
100
AcDbModelDocViewStyle
 70
     0
  3
Metric50
290
     0
300
Metric50
 90
        0
100
AcDbDetailViewStyle
 70
     0
 71
     0
 90
        3
 71
     1
340
29
 62
   256
 40
5.0
340
0
 62
   256
 40
5.0
300

 40
0.0
280
     1
 71
     2
340
26
 90
       25
 62
   256
 71
     3
340
29
 62
   256
 40
5.0
 90
        0
 40
15.0
 90
        1
300
%<\AcVar ViewDetailId>% (%<\AcVar ViewScale \f "%sn">%)
 71
     4
340
26
 90
       25
 62
   256
340
26
 90
       25
 62
   256
280
     0
  0
LAYOUT
  5
1E
330
D
100
AcDbPlotSettings
  1

  2
Microsoft Print to PDF
  4
A3
  6

 40
7.5
 41
20.0
 42
7.5
 43
20.0
 44
420.0
 45
297.0
 46
0.0
 47
0.0
 48
0.0
 49
0.0
140
0.0
141
0.0
142
1.0
143
1.0
 70
     0
 72
     1
 73
     0
 74
     5
  7

 75
    16
147
1.0
 76
     0
 77
     2
 78
   300
148
0.0
149
0.0
100
AcDbLayout
  1
Layout1
 70
     1
 71
     1
 10
0.0
 20
0.0
 11
420.0
 21
297.0
 12
0.0
 22
0.0
 32
0.0
 14
1.000000000000000E+20
 24
1.000000000000000E+20
 34
1.000000000000000E+20
 15
-1.000000000000000E+20
 25
-1.000000000000000E+20
 35
-1.000000000000000E+20
146
0.0
 13
0.0
 23
0.0
 33
0.0
 16
1.0
 26
0.0
 36
0.0
 17
0.0
 27
1.0
 37
0.0
 76
     0
330
1B
  0
LAYOUT
  5
1A
330
D
100
AcDbPlotSettings
  1

  2
Microsoft Print to PDF
  4
A3
  6

 40
7.5
 41
20.0
 42
7.5
 43
20.0
 44
420.0
 45
297.0
 46
0.0
 47
0.0
 48
0.0
 49
0.0
140
0.0
141
0.0
142
1.0
143
1.0
 70
  1024
 72
     1
 73
     0
 74
     5
  7

 75
    16
147
1.0
 76
     0
 77
     2
 78
   300
148
0.0
149
0.0
100
AcDbLayout
  1
Model
 70
     1
 71
     0
 10
0.0
 20
0.0
 11
420.0
 21
297.0
 12
0.0
 22
0.0
 32
0.0
 14
1.000000000000000E+20
 24
1.000000000000000E+20
 34
1.000000000000000E+20
 15
-1.000000000000000E+20
 25
-1.000000000000000E+20
 35
-1.000000000000000E+20
146
0.0
 13
0.0
 23
0.0
 33
0.0
 16
1.0
 26
0.0
 36
0.0
 17
0.0
 27
1.0
 37
0.0
 76
     1
330
17
331
23
  0
MATERIAL
  5
1F
102
{ACAD_REACTORS
330
E
102
}
330
E
100
AcDbMaterial
  1
ByBlock
 71
     1
 91
-1023410177
 73
     1
 78
     1
172
     1
176
     1
270
     1
273
     1
274
     1
 94
       63
  0
MATERIAL
  5
20
102
{ACAD_REACTORS
330
E
102
}
330
E
100
AcDbMaterial
  1
ByLayer
 71
     1
 91
-1023410177
 73
     1
 78
     1
172
     1
176
     1
270
     1
273
     1
274
     1
 94
       63
  0
MATERIAL
  5
21
102
{ACAD_REACTORS
330
E
102
}
330
E
100
AcDbMaterial
  1
Global
 71
     1
 91
-1023410177
 73
     1
 78
     1
172
     1
176
     1
270
     1
273
     1
274
     1
 94
       63
  0
MLEADERSTYLE
  5
2C
102
{ACAD_REACTORS
330
F
102
}
330
F
100
AcDbMLeaderStyle
179
     2
170
     2
171
     1
172
     0
 90
        2
 40
0.0
 41
0.0
173
     1
 91
-1056964608
 92
       -2
290
     1
 42
2.0
291
     1
 43
8.0
  3
Standard
 44
4.0
300

342
29
174
     1
178
     1
175
     1
176
     0
 93
-1056964608
 45
4.0
292
     0
297
     0
 46
4.0
 94
-1056964608
 47
1.0
 49
1.0
140
1.0
293
     1
141
0.0
294
     1
177
     0
142
1.0
295
     0
296
     0
143
3.75
271
     0
272
     9
273
     9
298
     1
  0
MLINESTYLE
  5
22
102
{ACAD_REACTORS
330
10
102
}
330
10
100
AcDbMlineStyle
  2
STANDARD
 70
     0
  3

 62
   256
 51
90.0
 52
90.0
 71
     2
 49
0.5
 62
   256
  6
BYLAYER
 49
-0.5
 62
   256
  6
BYLAYER
  0
ACDBPLACEHOLDER
  5
13
330
12
  0
SCALE
  5
6F
102
{ACAD_REACTORS
330
14
102
}
330
14
100
AcDbScale
 70
     0
300
1:1
140
1.0
141
1.0
290
     1
  0
SCALE
  5
70
102
{ACAD_REACTORS
330
14
102
}
330
14
100
AcDbScale
 70
     0
300
1:2
140
1.0
141
2.0
290
     0
  0
SCALE
  5
71
102
{ACAD_REACTORS
330
14
102
}
330
14
100
AcDbScale
 70
     0
300
1:4
140
1.0
141
4.0
290
     0
  0
SCALE
  5
72
102
{ACAD_REACTORS
330
14
102
}
330
14
100
AcDbScale
 70
     0
300
1:5
140
1.0
141
5.0
290
     0
  0
SCALE
  5
73
102
{ACAD_REACTORS
330
14
102
}
330
14
100
AcDbScale
 70
     0
300
1:8
140
1.0
141
8.0
290
     0
  0
SCALE
  5
74
102
{ACAD_REACTORS
330
14
102
}
330
14
100
AcDbScale
 70
     0
300
1:10
140
1.0
141
10.0
290
     0
  0
SCALE
  5
75
102
{ACAD_REACTORS
330
14
102
}
330
14
100
AcDbScale
 70
     0
300
1:16
140
1.0
141
16.0
290
     0
  0
SCALE
  5
76
102
{ACAD_REACTORS
330
14
102
}
330
14
100
AcDbScale
 70
     0
300
1:20
140
1.0
141
20.0
290
     0
  0
SCALE
  5
77
102
{ACAD_REACTORS
330
14
102
}
330
14
100
AcDbScale
 70
     0
300
1:30
140
1.0
141
30.0
290
     0
  0
SCALE
  5
78
102
{ACAD_REACTORS
330
14
102
}
330
14
100
AcDbScale
 70
     0
300
1:40
140
1.0
141
40.0
290
     0
  0
SCALE
  5
79
102
{ACAD_REACTORS
330
14
102
}
330
14
100
AcDbScale
 70
     0
300
1:50
140
1.0
141
50.0
290
     0
  0
SCALE
  5
7A
102
{ACAD_REACTORS
330
14
102
}
330
14
100
AcDbScale
 70
     0
300
1:100
140
1.0
141
100.0
290
     0
  0
SCALE
  5
7B
102
{ACAD_REACTORS
330
14
102
}
330
14
100
AcDbScale
 70
     0
300
2:1
140
2.0
141
1.0
290
     0
  0
SCALE
  5
7C
102
{ACAD_REACTORS
330
14
102
}
330
14
100
AcDbScale
 70
     0
300
4:1
140
4.0
141
1.0
290
     0
  0
SCALE
  5
7D
102
{ACAD_REACTORS
330
14
102
}
330
14
100
AcDbScale
 70
     0
300
8:1
140
8.0
141
1.0
290
     0
  0
SCALE
  5
7E
102
{ACAD_REACTORS
330
14
102
}
330
14
100
AcDbScale
 70
     0
300
10:1
140
10.0
141
1.0
290
     0
  0
SCALE
  5
7F
102
{ACAD_REACTORS
330
14
102
}
330
14
100
AcDbScale
 70
     0
300
100:1
140
100.0
141
1.0
290
     0
  0
ACDBSECTIONVIEWSTYLE
  5
81
102
{ACAD_REACTORS
330
80
102
}
330
80
100
AcDbModelDocViewStyle
 70
     0
  3
Metric50
290
     0
300
Metric50
 90
        0
100
AcDbSectionViewStyle
 70
     0
 71
     0
 90
      102
 71
     1
340
29
 62
   256
 40
5.0
340
0
340
0
 62
   256
 40
5.0
300
I, O, Q, S, X, Z
 40
10.0
 90
        0
 40
2.5
 90
        0
 71
     2
340
26
 90
       25
 62
   256
340
26
 90
       50
 62
   256
 40
5.0
 40
2.5
 40
5.0
 71
     3
340
29
 62
   256
 40
5.0
 90
        0
 40
15.0
 90
        1
300
%<\AcVar ViewSectionStartId>%-%<\AcVar ViewSectionEndId>% (%<\AcVar ViewScale \f "%sn">%)
 71
     4
 62
   256
 62
   257
300
ANSI31
 40
1.0
 90
        0
290
     0
290
     0
 90
        6
 40
0.0
 40
1.570796326794896
 40
0.2617993877991494
 40
1.308996938995747
 40
-0.2617993877991494
 40
1.832595714594046
  0
TABLESTYLE
  5
6E
102
{ACAD_XDICTIONARY
360
8E
102
}
102
{ACAD_REACTORS
330
15
102
}
330
15
100
AcDbTableStyle
280
     0
  3
Standard
 70
     0
 71
     0
 40
1.5
 41
1.5
280
     0
281
     0
  7
Standard
140
4.5
170
     2
 62
     0
 63
     7
283
     0
 90
      512
 91
        0
  1

274
    -2
284
     1
 64
     0
275
    -2
285
     1
 65
     0
276
    -2
286
     1
 66
     0
277
    -2
287
     1
 67
     0
278
    -2
288
     1
 68
     0
279
    -2
289
     1
 69
     0
  7
Standard
140
6.0
170
     5
 62
     0
 63
     7
283
     0
 90
      512
 91
        0
  1

274
    -2
284
     1
 64
     0
275
    -2
285
     1
 65
     0
276
    -2
286
     1
 66
     0
277
    -2
287
     1
 67
     0
278
    -2
288
     1
 68
     0
279
    -2
289
     1
 69
     0
  7
Standard
140
4.5
170
     5
 62
     0
 63
     7
283
     0
 90
      512
 91
        0
  1

274
    -2
284
     1
 64
     0
275
    -2
285
     1
 65
     0
276
    -2
286
     1
 66
     0
277
    -2
287
     1
 67
     0
278
    -2
288
     1
 68
     0
279
    -2
289
     1
 69
     0
  0
VISUALSTYLE
  5
5B
102
{ACAD_REACTORS
330
16
102
}
330
16
100
AcDbVisualStyle
  2
2dWireframe
 70
     4
177
     3
291
     0
 70
    58
 90
        0
176
     1
 90
        2
176
     1
 90
        0
176
     1
 90
        0
176
     1
 40
0.6
176
     1
 40
30.0
176
     1
 62
     7
420
 16777215
176
     1
 90
        1
176
     1
 90
        4
176
     1
 62
     7
176
     1
 62
   257
176
     1
 90
        1
176
     1
 90
        1
176
     1
 40
1.0
176
     1
 90
        0
176
     1
 62
   257
176
     1
 40
1.0
176
     1
 90
        1
176
     1
 90
        6
176
     1
 90
        2
176
     1
 62
     7
176
     1
 90
        5
176
     1
 90
        0
176
     1
 90
        0
176
     1
290
     0
176
     1
 90
        1
176
     1
 40
0.0
176
     1
 90
        0
176
     1
290
     1
176
     1
290
     1
176
     1
290
     0
176
     1
290
     0
176
     1
290
     0
176
     1
290
     0
176
     1
290
     0
176
     1
290
     0
176
     1
290
     0
176
     1
 90
       50
176
     1
 40
0.0
176
     1
 40
1.0
176
     1
 90
        0
176
     1
 62
    18
420
        0
176
     1
 90
       50
176
     1
 90
        3
176
     1
 62
     5
420
      255
176
     1
290
     0
176
     1
 90
       50
176
     1
 90
       50
176
     1
 90
       50
176
     1
290
     0
176
     1
 90
       50
176
     1
 62
   256
176
     0
 40
1.0
176
     0
 90
        2
176
     1
  1
strokes_ogs.tif
176
     1
290
     0
176
     1
 40
1.0
176
     1
 40
1.0
176
     1
  0
VISUALSTYLE
  5
5A
102
{ACAD_REACTORS
330
16
102
}
330
16
100
AcDbVisualStyle
  2
Basic
 70
     7
177
     3
291
     1
 70
    58
 90
        1
176
     1
 90
        0
176
     1
 90
        1
176
     1
 90
        0
176
     1
 40
0.6
176
     1
 40
30.0
176
     1
 62
     7
420
 16777215
176
     1
 90
        0
176
     1
 90
        4
176
     1
 62
     7
176
     1
 62
   257
176
     1
 90
        1
176
     1
 90
        1
176
     1
 40
1.0
176
     1
 90
        8
176
     1
 62
     7
176
     1
 40
1.0
176
     1
 90
        1
176
     1
 90
        6
176
     1
 90
        2
176
     1
 62
     7
176
     1
 90
        5
176
     1
 90
        0
176
     1
 90
        0
176
     1
290
     0
176
     1
 90
        1
176
     1
 40
0.0
176
     1
 90
        0
176
     1
290
     0
176
     1
290
     1
176
     1
290
     1
176
     1
290
     0
176
     1
290
     0
176
     1
290
     0
176
     1
290
     0
176
     1
290
     0
176
     1
290
     0
176
     1
 90
       50
176
     1
 40
0.0
176
     1
 40
1.0
176
     1
 90
        0
176
     1
 62
    18
420
        0
176
     1
 90
       50
176
     1
 90
        3
176
     1
 62
     5
420
      255
176
     1
290
     0
176
     1
 90
       50
176
     1
 90
       50
176
     1
 90
       50
176
     1
290
     0
176
     1
 90
       50
176
     1
 62
   256
176
     0
 40
1.0
176
     0
 90
        2
176
     1
  1
strokes_ogs.tif
176
     1
290
     0
176
     1
 40
1.0
176
     1
 40
1.0
176
     1
  0
VISUALSTYLE
  5
61
102
{ACAD_REACTORS
330
16
102
}
330
16
100
AcDbVisualStyle
  2
Brighten
 70
    12
177
     3
291
     1
 70
    58
 90
        2
176
     1
 90
        2
176
     1
 90
        0
176
     1
 90
        0
176
     1
 40
0.6
176
     1
 40
30.0
176
     1
 62
     7
420
 16777215
176
     1
 90
        1
176
     1
 90
        4
176
     1
 62
     7
176
     1
 62
   257
176
     1
 90
        1
176
     1
 90
        1
176
     1
 40
1.0
176
     1
 90
        8
176
     1
 62
     7
176
     1
 40
1.0
176
     1
 90
        1
176
     1
 90
        6
176
     1
 90
        2
176
     1
 62
     7
176
     1
 90
        5
176
     1
 90
        0
176
     1
 90
        0
176
     1
290
     0
176
     1
 90
        1
176
     1
 40
50.0
176
     1
 90
        0
176
     1
290
     0
176
     1
290
     1
176
     1
290
     1
176
     1
290
     0
176
     1
290
     0
176
     1
290
     0
176
     1
290
     0
176
     1
290
     0
176
     1
290
     0
176
     1
 90
       50
176
     1
 40
0.0
176
     1
 40
1.0
176
     1
 90
        0
176
     1
 62
    18
420
        0
176
     1
 90
       50
176
     1
 90
        3
176
     1
 62
     5
420
      255
176
     1
290
     0
176
     1
 90
       50
176
     1
 90
       50
176
     1
 90
       50
176
     1
290
     0
176
     1
 90
       50
176
     1
 62
   256
176
     0
 40
1.0
176
     0
 90
        2
176
     1
  1
strokes_ogs.tif
176
     1
290
     0
176
     1
 40
1.0
176
     1
 40
1.0
176
     1
  0
VISUALSTYLE
  5
65
102
{ACAD_REACTORS
330
16
102
}
330
16
100
AcDbVisualStyle
  2
ColorChange
 70
    16
177
     3
291
     1
 70
    58
 90
        2
176
     1
 90
        2
176
     1
 90
        3
176
     1
 90
        0
176
     1
 40
0.6
176
     1
 40
30.0
176
     1
 62
     8
420
  8421504
176
     1
 90
        1
176
     1
 90
        4
176
     1
 62
     7
176
     1
 62
   257
176
     1
 90
        1
176
     1
 90
        1
176
     1
 40
1.0
176
     1
 90
        8
176
     1
 62
     8
420
  8421504
176
     1
 40
1.0
176
     1
 90
        1
176
     1
 90
        6
176
     1
 90
        2
176
     1
 62
     7
176
     1
 90
        5
176
     1
 90
        0
176
     1
 90
        0
176
     1
290
     0
176
     1
 90
        1
176
     1
 40
0.0
176
     1
 90
        0
176
     1
290
     0
176
     1
290
     1
176
     1
290
     1
176
     1
290
     0
176
     1
290
     0
176
     1
290
     0
176
     1
290
     0
176
     1
290
     0
176
     1
290
     0
176
     1
 90
       50
176
     1
 40
0.0
176
     1
 40
1.0
176
     1
 90
        0
176
     1
 62
    18
420
        0
176
     1
 90
       50
176
     1
 90
        3
176
     1
 62
     5
420
      255
176
     1
290
     0
176
     1
 90
       50
176
     1
 90
       50
176
     1
 90
       50
176
     1
290
     0
176
     1
 90
       50
176
     1
 62
   256
176
     0
 40
1.0
176
     0
 90
        2
176
     1
  1
strokes_ogs.tif
176
     1
290
     0
176
     1
 40
1.0
176
     1
 40
1.0
176
     1
  0
VISUALSTYLE
  5
5E
102
{ACAD_REACTORS
330
16
102
}
330
16
100
AcDbVisualStyle
  2
Conceptual
 70
     9
177
     3
291
     0
 70
    58
 90
        3
176
     1
 90
        2
176
     1
 90
        0
176
     1
 90
        0
176
     1
 40
0.6
176
     1
 40
30.0
176
     1
 62
     7
420
 16777215
176
     1
 90
        2
176
     1
 90
        2
176
     1
 62
     7
176
     1
 62
   257
176
     1
 90
        1
176
     1
 90
        1
176
     1
 40
179.0
176
     1
 90
        8
176
     1
 62
     7
176
     1
 40
1.0
176
     1
 90
        1
176
     1
 90
        6
176
     1
 90
        2
176
     1
 62
     7
176
     1
 90
        3
176
     1
 90
        0
176
     1
 90
        0
176
     1
290
     0
176
     1
 90
        1
176
     1
 40
0.0
176
     1
 90
        0
176
     1
290
     0
176
     1
290
     1
176
     1
290
     1
176
     1
290
     0
176
     1
290
     0
176
     1
290
     0
176
     1
290
     0
176
     1
290
     0
176
     1
290
     0
176
     1
 90
       50
176
     1
 40
0.0
176
     1
 40
1.0
176
     1
 90
        0
176
     1
 62
    18
420
        0
176
     1
 90
       50
176
     1
 90
        3
176
     1
 62
     5
420
      255
176
     1
290
     0
176
     1
 90
       50
176
     1
 90
       50
176
     1
 90
       50
176
     1
290
     0
176
     1
 90
       50
176
     1
 62
   256
176
     0
 40
1.0
176
     0
 90
        2
176
     1
  1
strokes_ogs.tif
176
     1
290
     0
176
     1
 40
1.0
176
     1
 40
1.0
176
     1
  0
VISUALSTYLE
  5
60
102
{ACAD_REACTORS
330
16
102
}
330
16
100
AcDbVisualStyle
  2
Dim
 70
    11
177
     3
291
     1
 70
    58
 90
        2
176
     1
 90
        2
176
     1
 90
        0
176
     1
 90
        0
176
     1
 40
0.6
176
     1
 40
30.0
176
     1
 62
     7
420
 16777215
176
     1
 90
        1
176
     1
 90
        4
176
     1
 62
     7
176
     1
 62
   257
176
     1
 90
        1
176
     1
 90
        1
176
     1
 40
1.0
176
     1
 90
        8
176
     1
 62
     7
176
     1
 40
1.0
176
     1
 90
        1
176
     1
 90
        6
176
     1
 90
        2
176
     1
 62
     7
176
     1
 90
        5
176
     1
 90
        0
176
     1
 90
        0
176
     1
290
     0
176
     1
 90
        1
176
     1
 40
-50.0
176
     1
 90
        0
176
     1
290
     0
176
     1
290
     1
176
     1
290
     1
176
     1
290
     0
176
     1
290
     0
176
     1
290
     0
176
     1
290
     0
176
     1
290
     0
176
     1
290
     0
176
     1
 90
       50
176
     1
 40
0.0
176
     1
 40
1.0
176
     1
 90
        0
176
     1
 62
    18
420
        0
176
     1
 90
       50
176
     1
 90
        3
176
     1
 62
     5
420
      255
176
     1
290
     0
176
     1
 90
       50
176
     1
 90
       50
176
     1
 90
       50
176
     1
290
     0
176
     1
 90
       50
176
     1
 62
   256
176
     0
 40
1.0
176
     0
 90
        2
176
     1
  1
strokes_ogs.tif
176
     1
290
     0
176
     1
 40
1.0
176
     1
 40
1.0
176
     1
  0
VISUALSTYLE
  5
6D
102
{ACAD_REACTORS
330
16
102
}
330
16
100
AcDbVisualStyle
  2
EdgeColorOff
 70
    22
177
     3
291
     1
 70
    58
 90
        2
176
     0
 90
        2
176
     0
 90
        0
176
     0
 90
        0
176
     0
 40
0.6
176
     0
 40
30.0
176
     0
 62
     7
420
 16777215
176
     0
 90
        1
176
     0
 90
        4
176
     0
 62
     7
176
     0
 62
   257
176
     0
 90
        1
176
     0
 90
        1
176
     0
 40
1.0
176
     0
 90
        8
176
     2
 62
     7
176
     0
 40
1.0
176
     0
 90
        1
176
     0
 90
        6
176
     0
 90
        2
176
     0
 62
     7
176
     0
 90
        5
176
     0
 90
        0
176
     0
 90
        0
176
     0
290
     0
176
     0
 90
        1
176
     0
 40
0.0
176
     0
 90
        0
176
     0
290
     0
176
     0
290
     1
176
     0
290
     1
176
     0
290
     0
176
     0
290
     0
176
     0
290
     0
176
     0
290
     0
176
     0
290
     0
176
     0
290
     0
176
     0
 90
       50
176
     0
 40
0.0
176
     0
 40
1.0
176
     0
 90
        0
176
     0
 62
    18
420
        0
176
     0
 90
       50
176
     0
 90
        3
176
     0
 62
     5
420
      255
176
     0
290
     0
176
     0
 90
       50
176
     0
 90
       50
176
     0
 90
       50
176
     0
290
     0
176
     0
 90
       50
176
     0
 62
   256
176
     0
 40
1.0
176
     0
 90
        2
176
     0
  1
strokes_ogs.tif
176
     0
290
     0
176
     0
 40
1.0
176
     0
 40
1.0
176
     0
  0
VISUALSTYLE
  5
64
102
{ACAD_REACTORS
330
16
102
}
330
16
100
AcDbVisualStyle
  2
Facepattern
 70
    15
177
     3
291
     1
 70
    58
 90
        2
176
     1
 90
        2
176
     1
 90
        0
176
     1
 90
        0
176
     1
 40
0.6
176
     1
 40
30.0
176
     1
 62
     7
420
 16777215
176
     1
 90
        1
176
     1
 90
        4
176
     1
 62
     7
176
     1
 62
   257
176
     1
 90
        1
176
     1
 90
        1
176
     1
 40
1.0
176
     1
 90
        8
176
     1
 62
     7
176
     1
 40
1.0
176
     1
 90
        1
176
     1
 90
        6
176
     1
 90
        2
176
     1
 62
     7
176
     1
 90
        5
176
     1
 90
        0
176
     1
 90
        0
176
     1
290
     0
176
     1
 90
        1
176
     1
 40
0.0
176
     1
 90
        0
176
     1
290
     0
176
     1
290
     1
176
     1
290
     1
176
     1
290
     0
176
     1
290
     0
176
     1
290
     0
176
     1
290
     0
176
     1
290
     0
176
     1
290
     0
176
     1
 90
       50
176
     1
 40
0.0
176
     1
 40
1.0
176
     1
 90
        0
176
     1
 62
    18
420
        0
176
     1
 90
       50
176
     1
 90
        3
176
     1
 62
     5
420
      255
176
     1
290
     0
176
     1
 90
       50
176
     1
 90
       50
176
     1
 90
       50
176
     1
290
     0
176
     1
 90
       50
176
     1
 62
   256
176
     0
 40
1.0
176
     0
 90
        2
176
     1
  1
strokes_ogs.tif
176
     1
290
     0
176
     1
 40
1.0
176
     1
 40
1.0
176
     1
  0
VISUALSTYLE
  5
56
102
{ACAD_REACTORS
330
16
102
}
330
16
100
AcDbVisualStyle
  2
Flat
 70
     0
177
     3
291
     1
 70
    58
 90
        2
176
     1
 90
        1
176
     1
 90
        1
176
     1
 90
        2
176
     1
 40
0.6
176
     1
 40
30.0
176
     1
 62
     7
420
 16777215
176
     1
 90
        0
176
     1
 90
        0
176
     1
 62
     7
176
     1
 62
   257
176
     1
 90
        1
176
     1
 90
        1
176
     1
 40
1.0
176
     1
 90
        8
176
     1
 62
     7
176
     1
 40
1.0
176
     1
 90
        1
176
     1
 90
        6
176
     1
 90
        2
176
     1
 62
     7
176
     1
 90
        5
176
     1
 90
        0
176
     1
 90
        0
176
     1
290
     0
176
     1
 90
       13
176
     1
 40
0.0
176
     1
 90
        0
176
     1
290
     0
176
     1
290
     1
176
     1
290
     1
176
     1
290
     0
176
     1
290
     0
176
     1
290
     0
176
     1
290
     0
176
     1
290
     0
176
     1
290
     0
176
     1
 90
       50
176
     1
 40
0.0
176
     1
 40
1.0
176
     1
 90
        0
176
     1
 62
    18
420
        0
176
     1
 90
       50
176
     1
 90
        3
176
     1
 62
     5
420
      255
176
     1
290
     0
176
     1
 90
       50
176
     1
 90
       50
176
     1
 90
       50
176
     1
290
     0
176
     1
 90
       50
176
     1
 62
   256
176
     0
 40
1.0
176
     0
 90
        2
176
     1
  1
strokes_ogs.tif
176
     1
290
     0
176
     1
 40
1.0
176
     1
 40
1.0
176
     1
  0
VISUALSTYLE
  5
57
102
{ACAD_REACTORS
330
16
102
}
330
16
100
AcDbVisualStyle
  2
FlatWithEdges
 70
     1
177
     3
291
     1
 70
    58
 90
        2
176
     1
 90
        1
176
     1
 90
        1
176
     1
 90
        2
176
     1
 40
0.6
176
     1
 40
30.0
176
     1
 62
     7
420
 16777215
176
     1
 90
        1
176
     1
 90
        0
176
     1
 62
     7
176
     1
 62
   257
176
     1
 90
        1
176
     1
 90
        1
176
     1
 40
1.0
176
     1
 90
        0
176
     1
 62
   257
176
     1
 40
1.0
176
     1
 90
        1
176
     1
 90
        6
176
     1
 90
        2
176
     1
 62
     7
176
     1
 90
        5
176
     1
 90
        0
176
     1
 90
        0
176
     1
290
     0
176
     1
 90
       13
176
     1
 40
0.0
176
     1
 90
        0
176
     1
290
     0
176
     1
290
     1
176
     1
290
     1
176
     1
290
     0
176
     1
290
     0
176
     1
290
     0
176
     1
290
     0
176
     1
290
     0
176
     1
290
     0
176
     1
 90
       50
176
     1
 40
0.0
176
     1
 40
1.0
176
     1
 90
        0
176
     1
 62
    18
420
        0
176
     1
 90
       50
176
     1
 90
        3
176
     1
 62
     5
420
      255
176
     1
290
     0
176
     1
 90
       50
176
     1
 90
       50
176
     1
 90
       50
176
     1
290
     0
176
     1
 90
       50
176
     1
 62
   256
176
     0
 40
1.0
176
     0
 90
        2
176
     1
  1
strokes_ogs.tif
176
     1
290
     0
176
     1
 40
1.0
176
     1
 40
1.0
176
     1
  0
VISUALSTYLE
  5
58
102
{ACAD_REACTORS
330
16
102
}
330
16
100
AcDbVisualStyle
  2
Gouraud
 70
     2
177
     3
291
     1
 70
    58
 90
        2
176
     1
 90
        2
176
     1
 90
        1
176
     1
 90
        2
176
     1
 40
0.6
176
     1
 40
30.0
176
     1
 62
     7
420
 16777215
176
     1
 90
        0
176
     1
 90
        0
176
     1
 62
     7
176
     1
 62
   257
176
     1
 90
        1
176
     1
 90
        1
176
     1
 40
1.0
176
     1
 90
        0
176
     1
 62
     7
176
     1
 40
1.0
176
     1
 90
        1
176
     1
 90
        6
176
     1
 90
        2
176
     1
 62
     7
176
     1
 90
        5
176
     1
 90
        0
176
     1
 90
        0
176
     1
290
     0
176
     1
 90
       13
176
     1
 40
0.0
176
     1
 90
        0
176
     1
290
     0
176
     1
290
     1
176
     1
290
     1
176
     1
290
     0
176
     1
290
     0
176
     1
290
     0
176
     1
290
     0
176
     1
290
     0
176
     1
290
     0
176
     1
 90
       50
176
     1
 40
0.0
176
     1
 40
1.0
176
     1
 90
        0
176
     1
 62
    18
420
        0
176
     1
 90
       50
176
     1
 90
        3
176
     1
 62
     5
420
      255
176
     1
290
     0
176
     1
 90
       50
176
     1
 90
       50
176
     1
 90
       50
176
     1
290
     0
176
     1
 90
       50
176
     1
 62
   256
176
     0
 40
1.0
176
     0
 90
        2
176
     1
  1
strokes_ogs.tif
176
     1
290
     0
176
     1
 40
1.0
176
     1
 40
1.0
176
     1
  0
VISUALSTYLE
  5
59
102
{ACAD_REACTORS
330
16
102
}
330
16
100
AcDbVisualStyle
  2
GouraudWithEdges
 70
     3
177
     3
291
     1
 70
    58
 90
        2
176
     1
 90
        2
176
     1
 90
        1
176
     1
 90
        2
176
     1
 40
0.6
176
     1
 40
30.0
176
     1
 62
     7
420
 16777215
176
     1
 90
        1
176
     1
 90
        0
176
     1
 62
     7
176
     1
 62
   257
176
     1
 90
        1
176
     1
 90
        1
176
     1
 40
1.0
176
     1
 90
        0
176
     1
 62
   257
176
     1
 40
1.0
176
     1
 90
        1
176
     1
 90
        6
176
     1
 90
        2
176
     1
 62
     7
176
     1
 90
        5
176
     1
 90
        0
176
     1
 90
        0
176
     1
290
     0
176
     1
 90
       13
176
     1
 40
0.0
176
     1
 90
        0
176
     1
290
     0
176
     1
290
     1
176
     1
290
     1
176
     1
290
     0
176
     1
290
     0
176
     1
290
     0
176
     1
290
     0
176
     1
290
     0
176
     1
290
     0
176
     1
 90
       50
176
     1
 40
0.0
176
     1
 40
1.0
176
     1
 90
        0
176
     1
 62
    18
420
        0
176
     1
 90
       50
176
     1
 90
        3
176
     1
 62
     5
420
      255
176
     1
290
     0
176
     1
 90
       50
176
     1
 90
       50
176
     1
 90
       50
176
     1
290
     0
176
     1
 90
       50
176
     1
 62
   256
176
     0
 40
1.0
176
     0
 90
        2
176
     1
  1
strokes_ogs.tif
176
     1
290
     0
176
     1
 40
1.0
176
     1
 40
1.0
176
     1
  0
VISUALSTYLE
  5
5D
102
{ACAD_REACTORS
330
16
102
}
330
16
100
AcDbVisualStyle
  2
Hidden
 70
     6
177
     3
291
     0
 70
    58
 90
        1
176
     1
 90
        2
176
     1
 90
        2
176
     1
 90
        0
176
     1
 40
0.6
176
     1
 40
30.0
176
     1
 62
     7
420
 16777215
176
     1
 90
        2
176
     1
 90
        2
176
     1
 62
     7
176
     1
 62
   257
176
     1
 90
        2
176
     1
 90
        1
176
     1
 40
40.0
176
     1
 90
        0
176
     1
 62
   257
176
     1
 40
1.0
176
     1
 90
        1
176
     1
 90
        6
176
     1
 90
        2
176
     1
 62
     7
176
     1
 90
        3
176
     1
 90
        0
176
     1
 90
        0
176
     1
290
     0
176
     1
 90
        1
176
     1
 40
0.0
176
     1
 90
        0
176
     1
290
     0
176
     1
290
     1
176
     1
290
     1
176
     1
290
     0
176
     1
290
     0
176
     1
290
     0
176
     1
290
     0
176
     1
290
     0
176
     1
290
     0
176
     1
 90
       50
176
     1
 40
0.0
176
     1
 40
1.0
176
     1
 90
        0
176
     1
 62
    18
420
        0
176
     1
 90
       50
176
     1
 90
        3
176
     1
 62
     5
420
      255
176
     1
290
     0
176
     1
 90
       50
176
     1
 90
       50
176
     1
 90
       50
176
     1
290
     0
176
     1
 90
       50
176
     1
 62
   256
176
     0
 40
1.0
176
     0
 90
        2
176
     1
  1
strokes_ogs.tif
176
     1
290
     0
176
     1
 40
1.0
176
     1
 40
1.0
176
     1
  0
VISUALSTYLE
  5
6B
102
{ACAD_REACTORS
330
16
102
}
330
16
100
AcDbVisualStyle
  2
JitterOff
 70
    20
177
     3
291
     1
 70
    58
 90
        2
176
     0
 90
        2
176
     0
 90
        0
176
     0
 90
        0
176
     0
 40
0.6
176
     0
 40
30.0
176
     0
 62
     7
420
 16777215
176
     0
 90
        1
176
     0
 90
        4
176
     0
 62
     7
176
     0
 62
   257
176
     0
 90
        1
176
     0
 90
        1
176
     0
 40
1.0
176
     0
 90
       10
176
     2
 62
     7
176
     0
 40
1.0
176
     0
 90
        1
176
     0
 90
        6
176
     0
 90
        2
176
     0
 62
     7
176
     0
 90
        5
176
     0
 90
        0
176
     0
 90
        0
176
     0
290
     0
176
     0
 90
        1
176
     0
 40
0.0
176
     0
 90
        0
176
     0
290
     0
176
     0
290
     1
176
     0
290
     1
176
     0
290
     0
176
     0
290
     0
176
     0
290
     0
176
     0
290
     0
176
     0
290
     0
176
     0
290
     0
176
     0
 90
       50
176
     0
 40
0.0
176
     0
 40
1.0
176
     0
 90
        0
176
     0
 62
    18
420
        0
176
     0
 90
       50
176
     0
 90
        3
176
     0
 62
     5
420
      255
176
     0
290
     0
176
     0
 90
       50
176
     0
 90
       50
176
     0
 90
       50
176
     0
290
     0
176
     0
 90
       50
176
     0
 62
   256
176
     0
 40
1.0
176
     0
 90
        2
176
     0
  1
strokes_ogs.tif
176
     0
290
     0
176
     0
 40
1.0
176
     0
 40
1.0
176
     0
  0
VISUALSTYLE
  5
63
102
{ACAD_REACTORS
330
16
102
}
330
16
100
AcDbVisualStyle
  2
Linepattern
 70
    14
177
     3
291
     1
 70
    58
 90
        2
176
     1
 90
        2
176
     1
 90
        0
176
     1
 90
        0
176
     1
 40
0.6
176
     1
 40
30.0
176
     1
 62
     7
420
 16777215
176
     1
 90
        1
176
     1
 90
        4
176
     1
 62
     7
176
     1
 62
   257
176
     1
 90
        7
176
     1
 90
        7
176
     1
 40
1.0
176
     1
 90
        8
176
     1
 62
     7
176
     1
 40
1.0
176
     1
 90
        1
176
     1
 90
        6
176
     1
 90
        2
176
     1
 62
     7
176
     1
 90
        5
176
     1
 90
        0
176
     1
 90
        0
176
     1
290
     0
176
     1
 90
        1
176
     1
 40
0.0
176
     1
 90
        0
176
     1
290
     0
176
     1
290
     1
176
     1
290
     1
176
     1
290
     0
176
     1
290
     0
176
     1
290
     0
176
     1
290
     0
176
     1
290
     0
176
     1
290
     0
176
     1
 90
       50
176
     1
 40
0.0
176
     1
 40
1.0
176
     1
 90
        0
176
     1
 62
    18
420
        0
176
     1
 90
       50
176
     1
 90
        3
176
     1
 62
     5
420
      255
176
     1
290
     0
176
     1
 90
       50
176
     1
 90
       50
176
     1
 90
       50
176
     1
290
     0
176
     1
 90
       50
176
     1
 62
   256
176
     0
 40
1.0
176
     0
 90
        2
176
     1
  1
strokes_ogs.tif
176
     1
290
     0
176
     1
 40
1.0
176
     1
 40
1.0
176
     1
  0
VISUALSTYLE
  5
6C
102
{ACAD_REACTORS
330
16
102
}
330
16
100
AcDbVisualStyle
  2
OverhangOff
 70
    21
177
     3
291
     1
 70
    58
 90
        2
176
     0
 90
        2
176
     0
 90
        0
176
     0
 90
        0
176
     0
 40
0.6
176
     0
 40
30.0
176
     0
 62
     7
420
 16777215
176
     0
 90
        1
176
     0
 90
        4
176
     0
 62
     7
176
     0
 62
   257
176
     0
 90
        1
176
     0
 90
        1
176
     0
 40
1.0
176
     0
 90
        9
176
     2
 62
     7
176
     0
 40
1.0
176
     0
 90
        1
176
     0
 90
        6
176
     0
 90
        2
176
     0
 62
     7
176
     0
 90
        5
176
     0
 90
        0
176
     0
 90
        0
176
     0
290
     0
176
     0
 90
        1
176
     0
 40
0.0
176
     0
 90
        0
176
     0
290
     0
176
     0
290
     1
176
     0
290
     1
176
     0
290
     0
176
     0
290
     0
176
     0
290
     0
176
     0
290
     0
176
     0
290
     0
176
     0
290
     0
176
     0
 90
       50
176
     0
 40
0.0
176
     0
 40
1.0
176
     0
 90
        0
176
     0
 62
    18
420
        0
176
     0
 90
       50
176
     0
 90
        3
176
     0
 62
     5
420
      255
176
     0
290
     0
176
     0
 90
       50
176
     0
 90
       50
176
     0
 90
       50
176
     0
290
     0
176
     0
 90
       50
176
     0
 62
   256
176
     0
 40
1.0
176
     0
 90
        2
176
     0
  1
strokes_ogs.tif
176
     0
290
     0
176
     0
 40
1.0
176
     0
 40
1.0
176
     0
  0
VISUALSTYLE
  5
5F
102
{ACAD_REACTORS
330
16
102
}
330
16
100
AcDbVisualStyle
  2
Realistic
 70
     8
177
     3
291
     0
 70
    58
 90
        2
176
     1
 90
        3
176
     1
 90
        0
176
     1
 90
        2
176
     1
 40
0.6
176
     1
 40
30.0
176
     1
 62
     7
420
 16777215
176
     1
 90
        0
176
     1
 90
        0
176
     1
 62
     7
176
     1
 62
   257
176
     1
 90
        1
176
     1
 90
        1
176
     1
 40
1.0
176
     1
 90
        8
176
     1
 62
   257
176
     1
 40
1.0
176
     1
 90
        1
176
     1
 90
        6
176
     1
 90
        2
176
     1
 62
     7
176
     1
 90
        3
176
     1
 90
        0
176
     1
 90
        0
176
     1
290
     0
176
     1
 90
       13
176
     1
 40
0.0
176
     1
 90
        0
176
     1
290
     0
176
     1
290
     1
176
     1
290
     1
176
     1
290
     0
176
     1
290
     0
176
     1
290
     0
176
     1
290
     0
176
     1
290
     0
176
     1
290
     0
176
     1
 90
       50
176
     1
 40
0.0
176
     1
 40
1.0
176
     1
 90
        0
176
     1
 62
    18
420
        0
176
     1
 90
       50
176
     1
 90
        3
176
     1
 62
     5
420
      255
176
     1
290
     0
176
     1
 90
       50
176
     1
 90
       50
176
     1
 90
       50
176
     1
290
     0
176
     1
 90
       50
176
     1
 62
   256
176
     0
 40
1.0
176
     0
 90
        2
176
     1
  1
strokes_ogs.tif
176
     1
290
     0
176
     1
 40
1.0
176
     1
 40
1.0
176
     1
  0
VISUALSTYLE
  5
6A
102
{ACAD_REACTORS
330
16
102
}
330
16
100
AcDbVisualStyle
  2
Shaded
 70
    27
177
     3
291
     0
 70
    58
 90
        2
176
     1
 90
        2
176
     1
 90
        1
176
     1
 90
        2
176
     1
 40
0.6
176
     1
 40
30.0
176
     1
 62
     7
420
 16777215
176
     1
 90
        0
176
     1
 90
        4
176
     1
 62
     7
176
     1
 62
   257
176
     1
 90
        1
176
     1
 90
        1
176
     1
 40
1.0
176
     1
 90
        8
176
     1
 62
   257
176
     1
 40
1.0
176
     1
 90
        1
176
     1
 90
        6
176
     1
 90
        2
176
     1
 62
     8
420
  7895160
176
     1
 90
        3
176
     1
 90
        0
176
     1
 90
        0
176
     1
290
     0
176
     1
 90
        5
176
     1
 40
0.0
176
     1
 90
        0
176
     1
290
     0
176
     1
290
     1
176
     1
290
     1
176
     1
290
     0
176
     1
290
     0
176
     1
290
     0
176
     1
290
     0
176
     1
290
     0
176
     1
290
     0
176
     1
 90
       50
176
     1
 40
0.0
176
     1
 40
1.0
176
     1
 90
        0
176
     1
 62
    18
420
        0
176
     1
 90
       50
176
     1
 90
        3
176
     1
 62
     5
420
      255
176
     1
290
     0
176
     1
 90
       50
176
     1
 90
       50
176
     1
 90
       50
176
     1
290
     0
176
     1
 90
       50
176
     1
 62
   256
176
     0
 40
1.0
176
     0
 90
        2
176
     1
  1
strokes_ogs.tif
176
     1
290
     0
176
     1
 40
1.0
176
     1
 40
1.0
176
     1
  0
VISUALSTYLE
  5
69
102
{ACAD_REACTORS
330
16
102
}
330
16
100
AcDbVisualStyle
  2
Shaded with edges
 70
    26
177
     3
291
     0
 70
    58
 90
        2
176
     1
 90
        2
176
     1
 90
        1
176
     1
 90
        2
176
     1
 40
0.6
176
     1
 40
30.0
176
     1
 62
     7
420
 16777215
176
     1
 90
        1
176
     1
 90
        2
176
     1
 62
     7
176
     1
 62
   257
176
     1
 90
        2
176
     1
 90
        1
176
     1
 40
1.0
176
     1
 90
        8
176
     1
 62
   257
176
     1
 40
1.0
176
     1
 90
        1
176
     1
 90
        6
176
     1
 90
        2
176
     1
 62
     7
176
     1
 90
        3
176
     1
 90
        0
176
     1
 90
        0
176
     1
290
     0
176
     1
 90
        5
176
     1
 40
0.0
176
     1
 90
        0
176
     1
290
     0
176
     1
290
     1
176
     1
290
     1
176
     1
290
     0
176
     1
290
     0
176
     1
290
     0
176
     1
290
     0
176
     1
290
     0
176
     1
290
     0
176
     1
 90
       50
176
     1
 40
0.0
176
     1
 40
1.0
176
     1
 90
        0
176
     1
 62
    18
420
        0
176
     1
 90
       50
176
     1
 90
        3
176
     1
 62
     5
420
      255
176
     1
290
     0
176
     1
 90
       50
176
     1
 90
       50
176
     1
 90
       50
176
     1
290
     0
176
     1
 90
       50
176
     1
 62
   256
176
     0
 40
1.0
176
     0
 90
        2
176
     1
  1
strokes_ogs.tif
176
     1
290
     0
176
     1
 40
1.0
176
     1
 40
1.0
176
     1
  0
VISUALSTYLE
  5
66
102
{ACAD_REACTORS
330
16
102
}
330
16
100
AcDbVisualStyle
  2
Shades of Gray
 70
    23
177
     3
291
     0
 70
    58
 90
        2
176
     1
 90
        2
176
     1
 90
        3
176
     1
 90
        0
176
     1
 40
0.6
176
     1
 40
30.0
176
     1
 62
     7
420
 16777215
176
     1
 90
        2
176
     1
 90
        2
176
     1
 62
     7
176
     1
 62
     7
176
     1
 90
        1
176
     1
 90
        1
176
     1
 40
40.0
176
     1
 90
        8
176
     1
 62
     7
176
     1
 40
1.0
176
     1
 90
        1
176
     1
 90
        6
176
     1
 90
        2
176
     1
 62
     7
176
     1
 90
        3
176
     1
 90
        0
176
     1
 90
        0
176
     1
290
     0
176
     1
 90
        1
176
     1
 40
0.0
176
     1
 90
        0
176
     1
290
     0
176
     1
290
     1
176
     1
290
     1
176
     1
290
     0
176
     1
290
     0
176
     1
290
     0
176
     1
290
     0
176
     1
290
     0
176
     1
290
     0
176
     1
 90
       50
176
     1
 40
0.0
176
     1
 40
1.0
176
     1
 90
        0
176
     1
 62
    18
420
        0
176
     1
 90
       50
176
     1
 90
        3
176
     1
 62
     5
420
      255
176
     1
290
     0
176
     1
 90
       50
176
     1
 90
       50
176
     1
 90
       50
176
     1
290
     0
176
     1
 90
       50
176
     1
 62
   256
176
     0
 40
1.0
176
     0
 90
        2
176
     1
  1
strokes_ogs.tif
176
     1
290
     0
176
     1
 40
1.0
176
     1
 40
1.0
176
     1
  0
VISUALSTYLE
  5
67
102
{ACAD_REACTORS
330
16
102
}
330
16
100
AcDbVisualStyle
  2
Sketchy
 70
    24
177
     3
291
     0
 70
    58
 90
        1
176
     1
 90
        2
176
     1
 90
        2
176
     1
 90
        0
176
     1
 40
0.6
176
     1
 40
30.0
176
     1
 62
     7
420
 16777215
176
     1
 90
        2
176
     1
 90
        2
176
     1
 62
     7
176
     1
 62
     7
176
     1
 90
        1
176
     1
 90
        1
176
     1
 40
40.0
176
     1
 90
       11
176
     1
 62
     7
176
     1
 40
1.0
176
     1
 90
        1
176
     1
 90
        6
176
     1
 90
        2
176
     1
 62
     7
176
     1
 90
        6
176
     1
 90
        0
176
     1
 90
        0
176
     1
290
     0
176
     1
 90
        1
176
     1
 40
0.0
176
     1
 90
        0
176
     1
290
     0
176
     1
290
     1
176
     1
290
     1
176
     1
290
     0
176
     1
290
     0
176
     1
290
     0
176
     1
290
     0
176
     1
290
     0
176
     1
290
     0
176
     1
 90
       50
176
     1
 40
0.0
176
     1
 40
1.0
176
     1
 90
        0
176
     1
 62
    18
420
        0
176
     1
 90
       50
176
     1
 90
        3
176
     1
 62
     5
420
      255
176
     1
290
     0
176
     1
 90
       50
176
     1
 90
       50
176
     1
 90
       50
176
     1
290
     0
176
     1
 90
       50
176
     1
 62
   256
176
     0
 40
1.0
176
     0
 90
        2
176
     1
  1
strokes_ogs.tif
176
     1
290
     0
176
     1
 40
1.0
176
     1
 40
1.0
176
     1
  0
VISUALSTYLE
  5
62
102
{ACAD_REACTORS
330
16
102
}
330
16
100
AcDbVisualStyle
  2
Thicken
 70
    13
177
     3
291
     1
 70
    58
 90
        2
176
     1
 90
        2
176
     1
 90
        0
176
     1
 90
        0
176
     1
 40
0.6
176
     1
 40
30.0
176
     1
 62
     7
420
 16777215
176
     1
 90
        1
176
     1
 90
        4
176
     1
 62
     7
176
     1
 62
   257
176
     1
 90
        1
176
     1
 90
        1
176
     1
 40
1.0
176
     1
 90
       12
176
     1
 62
     7
176
     1
 40
1.0
176
     1
 90
        1
176
     1
 90
        6
176
     1
 90
        2
176
     1
 62
     7
176
     1
 90
        5
176
     1
 90
        0
176
     1
 90
        0
176
     1
290
     0
176
     1
 90
        1
176
     1
 40
0.0
176
     1
 90
        0
176
     1
290
     0
176
     1
290
     1
176
     1
290
     1
176
     1
290
     0
176
     1
290
     0
176
     1
290
     0
176
     1
290
     0
176
     1
290
     0
176
     1
290
     0
176
     1
 90
       50
176
     1
 40
0.0
176
     1
 40
1.0
176
     1
 90
        0
176
     1
 62
    18
420
        0
176
     1
 90
       50
176
     1
 90
        3
176
     1
 62
     5
420
      255
176
     1
290
     0
176
     1
 90
       50
176
     1
 90
       50
176
     1
 90
       50
176
     1
290
     0
176
     1
 90
       50
176
     1
 62
   256
176
     0
 40
1.0
176
     0
 90
        2
176
     1
  1
strokes_ogs.tif
176
     1
290
     0
176
     1
 40
1.0
176
     1
 40
1.0
176
     1
  0
VISUALSTYLE
  5
5C
102
{ACAD_REACTORS
330
16
102
}
330
16
100
AcDbVisualStyle
  2
Wireframe
 70
     5
177
     3
291
     0
 70
    58
 90
        0
176
     1
 90
        2
176
     1
 90
        0
176
     1
 90
        0
176
     1
 40
0.6
176
     1
 40
30.0
176
     1
 62
     7
420
 16777215
176
     1
 90
        1
176
     1
 90
        4
176
     1
 62
     7
176
     1
 62
   257
176
     1
 90
        1
176
     1
 90
        1
176
     1
 40
1.0
176
     1
 90
        0
176
     1
 62
   257
176
     1
 40
1.0
176
     1
 90
        1
176
     1
 90
        6
176
     1
 90
        2
176
     1
 62
     7
176
     1
 90
        3
176
     1
 90
        0
176
     1
 90
        0
176
     1
290
     0
176
     1
 90
        1
176
     1
 40
0.0
176
     1
 90
        0
176
     1
290
     0
176
     1
290
     1
176
     1
290
     1
176
     1
290
     0
176
     1
290
     0
176
     1
290
     0
176
     1
290
     0
176
     1
290
     0
176
     1
290
     0
176
     1
 90
       50
176
     1
 40
0.0
176
     1
 40
1.0
176
     1
 90
        0
176
     1
 62
    18
420
        0
176
     1
 90
       50
176
     1
 90
        3
176
     1
 62
     5
420
      255
176
     1
290
     0
176
     1
 90
       50
176
     1
 90
       50
176
     1
 90
       50
176
     1
290
     0
176
     1
 90
       50
176
     1
 62
   256
176
     0
 40
1.0
176
     0
 90
        2
176
     1
  1
strokes_ogs.tif
176
     1
290
     0
176
     1
 40
1.0
176
     1
 40
1.0
176
     1
  0
VISUALSTYLE
  5
68
102
{ACAD_REACTORS
330
16
102
}
330
16
100
AcDbVisualStyle
  2
X-Ray
 70
    25
177
     3
291
     0
 70
    58
 90
        2
176
     1
 90
        2
176
     1
 90
        1
176
     1
 90
        1
176
     1
 40
0.5
176
     1
 40
30.0
176
     1
 62
     7
420
 16777215
176
     1
 90
        1
176
     1
 90
        0
176
     1
 62
     7
176
     1
 62
   257
176
     1
 90
        1
176
     1
 90
        1
176
     1
 40
1.0
176
     1
 90
        8
176
     1
 62
     7
176
     1
 40
1.0
176
     1
 90
        1
176
     1
 90
        6
176
     1
 90
        2
176
     1
 62
     7
176
     1
 90
        3
176
     1
 90
        0
176
     1
 90
        0
176
     1
290
     0
176
     1
 90
       13
176
     1
 40
0.0
176
     1
 90
        0
176
     1
290
     0
176
     1
290
     1
176
     1
290
     1
176
     1
290
     0
176
     1
290
     0
176
     1
290
     0
176
     1
290
     0
176
     1
290
     0
176
     1
290
     0
176
     1
 90
       50
176
     1
 40
0.0
176
     1
 40
1.0
176
     1
 90
        0
176
     1
 62
    18
420
        0
176
     1
 90
       50
176
     1
 90
        3
176
     1
 62
     5
420
      255
176
     1
290
     0
176
     1
 90
       50
176
     1
 90
       50
176
     1
 90
       50
176
     1
290
     0
176
     1
 90
       50
176
     1
 62
   256
176
     0
 40
1.0
176
     0
 90
        2
176
     1
  1
strokes_ogs.tif
176
     1
290
     0
176
     1
 40
1.0
176
     1
 40
1.0
176
     1
  0
DICTIONARYVAR
  5
8C
102
{ACAD_REACTORS
330
87
102
}
330
87
100
DictionaryVariables
280
     0
  1
1:1
  0
DICTIONARYVAR
  5
89
102
{ACAD_REACTORS
330
87
102
}
330
87
100
DictionaryVariables
280
     0
  1
STANDARD
  0
DICTIONARYVAR
  5
88
102
{ACAD_REACTORS
330
87
102
}
330
87
100
DictionaryVariables
280
     0
  1
STANDARD
  0
DICTIONARYVAR
  5
8A
102
{ACAD_REACTORS
330
87
102
}
330
87
100
DictionaryVariables
280
     0
  1
Metric50
  0
DICTIONARYVAR
  5
8B
102
{ACAD_REACTORS
330
87
102
}
330
87
100
DictionaryVariables
280
     0
  1
Metric50
  0
DICTIONARYVAR
  5
2E
330
2D
100
DictionaryVariables
280
     0
  1
1.4.3 @ 2026-04-05T15:15:02.228418+00:00
  0
DICTIONARYVAR
  5
53
330
2D
100
DictionaryVariables
280
     0
  1
1.4.3 @ 2026-04-05T15:15:02.288417+00:00
  0
DICTIONARY
  5
8E
330
6E
100
AcDbDictionary
280
     1
281
     1
  3
ACAD_ROUNDTRIP_2008_TABLESTYLE_CELLSTYLEMAP
360
8F
  0
CELLSTYLEMAP
  5
8F
102
{ACAD_REACTORS
330
8E
102
}
330
8E
100
AcDbCellStyleMap
 90
        3
300
CELLSTYLE
  1
TABLEFORMAT_BEGIN
 90
        5
170
     1
 91
        0
 92
    32768
 62
   257
 93
        1
300
CONTENTFORMAT
  1
CONTENTFORMAT_BEGIN
 90
        0
 91
        0
 92
      512
 93
        0
300

 40
0.0
140
1.0
 94
        5
 62
     0
340
29
144
6.0
309
CONTENTFORMAT_END
171
     1
301
MARGIN
  1
CELLMARGIN_BEGIN
 40
1.5
 40
1.5
 40
1.5
 40
1.5
 40
4.5
 40
4.5
309
CELLMARGIN_END
 94
        6
 95
        1
302
GRIDFORMAT
  1
GRIDFORMAT_BEGIN
 90
        0
 91
        1
 62
     0
 92
       -2
340
0
 93
        0
 40
1.125
309
GRIDFORMAT_END
 95
        2
302
GRIDFORMAT
  1
GRIDFORMAT_BEGIN
 90
        0
 91
        1
 62
     0
 92
       -2
340
0
 93
        0
 40
1.125
309
GRIDFORMAT_END
 95
        4
302
GRIDFORMAT
  1
GRIDFORMAT_BEGIN
 90
        0
 91
        1
 62
     0
 92
       -2
340
0
 93
        0
 40
1.125
309
GRIDFORMAT_END
 95
        8
302
GRIDFORMAT
  1
GRIDFORMAT_BEGIN
 90
        0
 91
        1
 62
     0
 92
       -2
340
0
 93
        0
 40
1.125
309
GRIDFORMAT_END
 95
       16
302
GRIDFORMAT
  1
GRIDFORMAT_BEGIN
 90
        0
 91
        1
 62
     0
 92
       -2
340
0
 93
        0
 40
1.125
309
GRIDFORMAT_END
 95
       32
302
GRIDFORMAT
  1
GRIDFORMAT_BEGIN
 90
        0
 91
        1
 62
     0
 92
       -2
340
0
 93
        0
 40
1.125
309
GRIDFORMAT_END
309
TABLEFORMAT_END
  1
CELLSTYLE_BEGIN
 90
        1
 91
        1
300
_TITLE
309
CELLSTYLE_END
300
CELLSTYLE
  1
TABLEFORMAT_BEGIN
 90
        5
170
     1
 91
        0
 92
        0
 62
   257
 93
        1
300
CONTENTFORMAT
  1
CONTENTFORMAT_BEGIN
 90
        0
 91
        0
 92
      512
 93
        0
300

 40
0.0
140
1.0
 94
        5
 62
     0
340
29
144
4.5
309
CONTENTFORMAT_END
171
     1
301
MARGIN
  1
CELLMARGIN_BEGIN
 40
1.5
 40
1.5
 40
1.5
 40
1.5
 40
4.5
 40
4.5
309
CELLMARGIN_END
 94
        6
 95
        1
302
GRIDFORMAT
  1
GRIDFORMAT_BEGIN
 90
        0
 91
        1
 62
     0
 92
       -2
340
0
 93
        0
 40
1.125
309
GRIDFORMAT_END
 95
        2
302
GRIDFORMAT
  1
GRIDFORMAT_BEGIN
 90
        0
 91
        1
 62
     0
 92
       -2
340
0
 93
        0
 40
1.125
309
GRIDFORMAT_END
 95
        4
302
GRIDFORMAT
  1
GRIDFORMAT_BEGIN
 90
        0
 91
        1
 62
     0
 92
       -2
340
0
 93
        0
 40
1.125
309
GRIDFORMAT_END
 95
        8
302
GRIDFORMAT
  1
GRIDFORMAT_BEGIN
 90
        0
 91
        1
 62
     0
 92
       -2
340
0
 93
        0
 40
1.125
309
GRIDFORMAT_END
 95
       16
302
GRIDFORMAT
  1
GRIDFORMAT_BEGIN
 90
        0
 91
        1
 62
     0
 92
       -2
340
0
 93
        0
 40
1.125
309
GRIDFORMAT_END
 95
       32
302
GRIDFORMAT
  1
GRIDFORMAT_BEGIN
 90
        0
 91
        1
 62
     0
 92
       -2
340
0
 93
        0
 40
1.125
309
GRIDFORMAT_END
309
TABLEFORMAT_END
  1
CELLSTYLE_BEGIN
 90
        2
 91
        1
300
_HEADER
309
CELLSTYLE_END
300
CELLSTYLE
  1
TABLEFORMAT_BEGIN
 90
        5
170
     1
 91
        0
 92
        0
 62
   257
 93
        1
300
CONTENTFORMAT
  1
CONTENTFORMAT_BEGIN
 90
        0
 91
        0
 92
      512
 93
        0
300

 40
0.0
140
1.0
 94
        2
 62
     0
340
29
144
4.5
309
CONTENTFORMAT_END
171
     1
301
MARGIN
  1
CELLMARGIN_BEGIN
 40
1.5
 40
1.5
 40
1.5
 40
1.5
 40
4.5
 40
4.5
309
CELLMARGIN_END
 94
        6
 95
        1
302
GRIDFORMAT
  1
GRIDFORMAT_BEGIN
 90
        0
 91
        1
 62
     0
 92
       -2
340
0
 93
        0
 40
1.125
309
GRIDFORMAT_END
 95
        2
302
GRIDFORMAT
  1
GRIDFORMAT_BEGIN
 90
        0
 91
        1
 62
     0
 92
       -2
340
0
 93
        0
 40
1.125
309
GRIDFORMAT_END
 95
        4
302
GRIDFORMAT
  1
GRIDFORMAT_BEGIN
 90
        0
 91
        1
 62
     0
 92
       -2
340
0
 93
        0
 40
1.125
309
GRIDFORMAT_END
 95
        8
302
GRIDFORMAT
  1
GRIDFORMAT_BEGIN
 90
        0
 91
        1
 62
     0
 92
       -2
340
0
 93
        0
 40
1.125
309
GRIDFORMAT_END
 95
       16
302
GRIDFORMAT
  1
GRIDFORMAT_BEGIN
 90
        0
 91
        1
 62
     0
 92
       -2
340
0
 93
        0
 40
1.125
309
GRIDFORMAT_END
 95
       32
302
GRIDFORMAT
  1
GRIDFORMAT_BEGIN
 90
        0
 91
        1
 62
     0
 92
       -2
340
0
 93
        0
 40
1.125
309
GRIDFORMAT_END
309
TABLEFORMAT_END
  1
CELLSTYLE_BEGIN
 90
        3
 91
        2
300
_DATA
309
CELLSTYLE_END
  0
ENDSEC
  0
EOF
